id,phonological_system,category,sound,initial,final,vowel,tone,tone_number,tone_name,character,word,phrase,jyutping,romanization,audio_path,audio_url,source_url,source_page,source_id,original_filename,audio_format,codec,duration_seconds,sample_rate,channels,file_size_bytes,sha256,recording_variant,language,activity,book_id,book_title,variant_label,notes
SA-00001,輔音,輔音,b,b,,,,,,餅,,,,,audio/consonants/b/b_001.mp3,https://app.speakalongcuhk.com/assets/voices/b/1-1.mp3,https://app.speakalongcuhk.com/assets/voices/b/1-1.mp3,https://app.speakalongcuhk.com/tc/scontent/b/single,sound:b:single:1,1-1.mp3,mp3,.mp3,1.123265,44100,2,18571,9eed9f7fa7bd051d5dd6a2e325efe28d2c907e9fb8fad8f360b7e2d49a0d190f,1,yue-Hant,single,,,,Lexical label is human-curated from source artwork/category; it is not textual metadata supplied by the site.
SA-00002,輔音,輔音,b,b,,,,,,波,,,,,audio/consonants/b/b_002.mp3,https://app.speakalongcuhk.com/assets/voices/b/1-2.mp3,https://app.speakalongcuhk.com/assets/voices/b/1-2.mp3,https://app.speakalongcuhk.com/tc/scontent/b/single,sound:b:single:2,1-2.mp3,mp3,.mp3,1.07102,44100,2,22801,21aa16d0dc5e5ebab6fa916afd88b996e1466d0fb22fd247bd07f4f087322f41,1,yue-Hant,single,,,,Lexical label is human-curated from source artwork/category; it is not textual metadata supplied by the site.
SA-00003,輔音,輔音,b,b,,,,,,筆,,,,,audio/consonants/b/b_003.mp3,https://app.speakalongcuhk.com/assets/voices/b/1-3.mp3,https://app.speakalongcuhk.com/assets/voices/b/1-3.mp3,https://app.speakalongcuhk.com/tc/scontent/b/single,sound:b:single:3,1-3.mp3,mp3,.mp3,1.07102,44100,2,15961,d209d42a727fdce5db8352a3226a02bd12582d1eb37a0399a4126546c4348ddf,1,yue-Hant,single,,,,Lexical label is human-curated from source artwork/category; it is not textual metadata supplied by the site.
SA-00004,輔音,輔音,b,b,,,,,,鼻,,,,,audio/consonants/b/b_004.mp3,https://app.speakalongcuhk.com/assets/voices/b/1-4.mp3,https://app.speakalongcuhk.com/assets/voices/b/1-4.mp3,https://app.speakalongcuhk.com/tc/scontent/b/single,sound:b:single:4,1-4.mp3,mp3,.mp3,1.149388,44100,2,29119,82a17f4be867e46bba83ae4ed33d93f5bbf545a8c30c2928be84703dd63ab371,1,yue-Hant,single,,,,Lexical label is human-curated from source artwork/category; it is not textual metadata supplied by the site.
SA-00005,輔音,輔音,b,b,,,,,,病,,,,,audio/consonants/b/b_005.mp3,https://app.speakalongcuhk.com/assets/voices/b/1-5.mp3,https://app.speakalongcuhk.com/assets/voices/b/1-5.mp3,https://app.speakalongcuhk.com/tc/scontent/b/single,sound:b:single:5,1-5.mp3,mp3,.mp3,1.097143,44100,2,23272,b0382d3daf0d83b3dd03fe7c87c6354b390e46352c25ae77c59a8b5d20df6d89,1,yue-Hant,single,,,,Lexical label is human-curated from source artwork/category; it is not textual metadata supplied by the site.
SA-00006,輔音,輔音,b,b,,,,,,簿,,,,,audio/consonants/b/b_006.mp3,https://app.speakalongcuhk.com/assets/voices/b/1-6.mp3,https://app.speakalongcuhk.com/assets/voices/b/1-6.mp3,https://app.speakalongcuhk.com/tc/scontent/b/single,sound:b:single:6,1-6.mp3,mp3,.mp3,1.07102,44100,2,19721,e0263909a577120182eb89948326fd0ffe24b3f043637ccacccd9b32c4d2459b,1,yue-Hant,single,,,,Lexical label is human-curated from source artwork/category; it is not textual metadata supplied by the site.
SA-00007,輔音,輔音,b,b,,,,,,逼,,,,,audio/consonants/b/b_007.mp3,https://app.speakalongcuhk.com/assets/voices/b/1-7.mp3,https://app.speakalongcuhk.com/assets/voices/b/1-7.mp3,https://app.speakalongcuhk.com/tc/scontent/b/single,sound:b:single:7,1-7.mp3,mp3,.mp3,1.07102,44100,2,12044,fc30364ef9cb64c511de5a074eec4394fb9cefcd18f604015d3e9ed83f5239e4,1,yue-Hant,single,,,,Lexical label is human-curated from source artwork/category; it is not textual metadata supplied by the site.
SA-00008,輔音,輔音,b,b,,,,,,包,,,,,audio/consonants/b/b_008.mp3,https://app.speakalongcuhk.com/assets/voices/b/1-8.mp3,https://app.speakalongcuhk.com/assets/voices/b/1-8.mp3,https://app.speakalongcuhk.com/tc/scontent/b/single,sound:b:single:8,1-8.mp3,mp3,.mp3,1.07102,44100,2,25621,35c2bf724243367fa4cafa9915946ee2d7ce4583e4ab6087fc05716f99d24f3d,1,yue-Hant,single,,,,Lexical label is human-curated from source artwork/category; it is not textual metadata supplied by the site.
SA-00009,輔音,輔音,b,b,,,,,,冰,,,,,audio/consonants/b/b_009.mp3,https://app.speakalongcuhk.com/assets/voices/b/1-9.mp3,https://app.speakalongcuhk.com/assets/voices/b/1-9.mp3,https://app.speakalongcuhk.com/tc/scontent/b/single,sound:b:single:9,1-9.mp3,mp3,.mp3,1.07102,44100,2,24106,a204171c0337a0afc1a3abd6ca2bb4921b6db33beecd7a755f6fcd3175db2915,1,yue-Hant,single,,,,Lexical label is human-curated from source artwork/category; it is not textual metadata supplied by the site.
SA-00010,輔音,輔音,b,b,,,,,,八,,,,,audio/consonants/b/b_010.mp3,https://app.speakalongcuhk.com/assets/voices/b/1-10.mp3,https://app.speakalongcuhk.com/assets/voices/b/1-10.mp3,https://app.speakalongcuhk.com/tc/scontent/b/single,sound:b:single:10,1-10.mp3,mp3,.mp3,1.07102,44100,2,17320,b7afabf65337866baede6de3f00b59a1864cf6b8bce8da12c327ff0885e7d9e5,1,yue-Hant,single,,,,Lexical label is human-curated from source artwork/category; it is not textual metadata supplied by the site.
SA-00011,輔音,輔音,b,b,,,,,,,,,,,audio/consonants/b/b_word_001.mp3,https://app.speakalongcuhk.com/assets/voices/b/2-1.mp3,https://app.speakalongcuhk.com/assets/voices/b/2-1.mp3,https://app.speakalongcuhk.com/tc/scontent/b/word,sound:b:word:1,2-1.mp3,mp3,.mp3,1.854694,44100,2,44145,15ee910c10f2a7932800d41ffdf4481c2ceb984ea392f6b55473f5af7ddde299,1,yue-Hant,word,,,,The site supplies no machine-readable lexical/Jyutping/tone text for this item; fields remain empty rather than inferred.
SA-00012,輔音,輔音,b,b,,,,,,,,,,,audio/consonants/b/b_word_002.mp3,https://app.speakalongcuhk.com/assets/voices/b/2-2.mp3,https://app.speakalongcuhk.com/assets/voices/b/2-2.mp3,https://app.speakalongcuhk.com/tc/scontent/b/word,sound:b:word:2,2-2.mp3,mp3,.mp3,1.436735,44100,2,34544,275d45ff21aeffe30c42acb3579735f46727f9e7067b3cf882ed205fc83db6b2,1,yue-Hant,word,,,,The site supplies no machine-readable lexical/Jyutping/tone text for this item; fields remain empty rather than inferred.
SA-00013,輔音,輔音,b,b,,,,,,,,,,,audio/consonants/b/b_word_003.mp3,https://app.speakalongcuhk.com/assets/voices/b/2-3.mp3,https://app.speakalongcuhk.com/assets/voices/b/2-3.mp3,https://app.speakalongcuhk.com/tc/scontent/b/word,sound:b:word:3,2-3.mp3,mp3,.mp3,1.593469,44100,2,36373,e36d3a621bd920763480cacd70b8176e653210712b41e01f65918960b4556b20,1,yue-Hant,word,,,,The site supplies no machine-readable lexical/Jyutping/tone text for this item; fields remain empty rather than inferred.
SA-00014,輔音,輔音,b,b,,,,,,,,,,,audio/consonants/b/b_word_004.mp3,https://app.speakalongcuhk.com/assets/voices/b/2-4.mp3,https://app.speakalongcuhk.com/assets/voices/b/2-4.mp3,https://app.speakalongcuhk.com/tc/scontent/b/word,sound:b:word:4,2-4.mp3,mp3,.mp3,1.671837,44100,2,43159,659f0e2848c7378dc2c70bdb4a5698f380479b0247bdb15aa1ef76edc34e4278,1,yue-Hant,word,,,,The site supplies no machine-readable lexical/Jyutping/tone text for this item; fields remain empty rather than inferred.
SA-00015,輔音,輔音,b,b,,,,,,,,,,,audio/consonants/b/b_word_005.mp3,https://app.speakalongcuhk.com/assets/voices/b/2-5.mp3,https://app.speakalongcuhk.com/assets/voices/b/2-5.mp3,https://app.speakalongcuhk.com/tc/scontent/b/word,sound:b:word:5,2-5.mp3,mp3,.mp3,1.149388,44100,2,29328,f4cd4820ac1cd5d299563e6ef1835ea2ad72fc37d196d0ba02db91dc99a0e9b6,1,yue-Hant,word,,,,The site supplies no machine-readable lexical/Jyutping/tone text for this item; fields remain empty rather than inferred.
SA-00016,輔音,輔音,b,b,,,,,,,,,,,audio/consonants/b/b_word_006.mp3,https://app.speakalongcuhk.com/assets/voices/b/2-6.mp3,https://app.speakalongcuhk.com/assets/voices/b/2-6.mp3,https://app.speakalongcuhk.com/tc/scontent/b/word,sound:b:word:6,2-6.mp3,mp3,.mp3,1.28,44100,2,36899,03585b9c5f2d1b7ce25516143ddeee95a13f940b9350b0302f944c15d4fdbbc6,1,yue-Hant,word,,,,The site supplies no machine-readable lexical/Jyutping/tone text for this item; fields remain empty rather than inferred.
SA-00017,輔音,輔音,b,b,,,,,,,,,,,audio/consonants/b/b_word_007.mp3,https://app.speakalongcuhk.com/assets/voices/b/2-7.mp3,https://app.speakalongcuhk.com/assets/voices/b/2-7.mp3,https://app.speakalongcuhk.com/tc/scontent/b/word,sound:b:word:7,2-7.mp3,mp3,.mp3,1.750204,44100,2,46968,10dc359d79b27a60414991ba103f96158f2984bc0ce0ecca3155f5ff8ee56bd8,1,yue-Hant,word,,,,The site supplies no machine-readable lexical/Jyutping/tone text for this item; fields remain empty rather than inferred.
SA-00018,輔音,輔音,b,b,,,,,,,,,,,audio/consonants/b/b_word_008.mp3,https://app.speakalongcuhk.com/assets/voices/b/2-8.mp3,https://app.speakalongcuhk.com/assets/voices/b/2-8.mp3,https://app.speakalongcuhk.com/tc/scontent/b/word,sound:b:word:8,2-8.mp3,mp3,.mp3,2.037551,44100,2,50199,d26d9f0acdb9db8969ee439e10d5bca6b93b884015674e99134b8932b7336d34,1,yue-Hant,word,,,,The site supplies no machine-readable lexical/Jyutping/tone text for this item; fields remain empty rather than inferred.
SA-00019,輔音,輔音,b,b,,,,,,,,,,,audio/consonants/b/b_word_009.mp3,https://app.speakalongcuhk.com/assets/voices/b/2-9.mp3,https://app.speakalongcuhk.com/assets/voices/b/2-9.mp3,https://app.speakalongcuhk.com/tc/scontent/b/word,sound:b:word:9,2-9.mp3,mp3,.mp3,1.48898,44100,2,36634,b4e92785373c10b6d26e66a159b5c4366db6473261237d71a27334523d442107,1,yue-Hant,word,,,,The site supplies no machine-readable lexical/Jyutping/tone text for this item; fields remain empty rather than inferred.
SA-00020,輔音,輔音,b,b,,,,,,,,,,,audio/consonants/b/b_word_010.mp3,https://app.speakalongcuhk.com/assets/voices/b/2-10.mp3,https://app.speakalongcuhk.com/assets/voices/b/2-10.mp3,https://app.speakalongcuhk.com/tc/scontent/b/word,sound:b:word:10,2-10.mp3,mp3,.mp3,1.593469,44100,2,40705,95b53d63b9106b16f0368b9ca7b851d3befbd30ef3382632c4166300b470762a,1,yue-Hant,word,,,,The site supplies no machine-readable lexical/Jyutping/tone text for this item; fields remain empty rather than inferred.
SA-00021,輔音,輔音,b,b,,,,,,,,,,,audio/consonants/b/b_sentence_001.mp3,https://app.speakalongcuhk.com/assets/voices/b/4-1.mp3,https://app.speakalongcuhk.com/assets/voices/b/4-1.mp3,https://app.speakalongcuhk.com/tc/scontent/b/sentence,sound:b:sentence:1,4-1.mp3,mp3,.mp3,3.474286,44100,2,88612,e1d95080e93926b45dbc246a392e065f753cf6c3d3379674cdf145d613720980,1,yue-Hant,sentence,,,,The site supplies no machine-readable lexical/Jyutping/tone text for this item; fields remain empty rather than inferred.
SA-00022,輔音,輔音,b,b,,,,,,,,,,,audio/consonants/b/b_sentence_002.mp3,https://app.speakalongcuhk.com/assets/voices/b/4-2.mp3,https://app.speakalongcuhk.com/assets/voices/b/4-2.mp3,https://app.speakalongcuhk.com/tc/scontent/b/sentence,sound:b:sentence:2,4-2.mp3,mp3,.mp3,2.742857,44100,2,73277,95c1d575d861ca9cf11a9e82fc37bc2e54ebffb6da09cc0550662557fea1e1a7,1,yue-Hant,sentence,,,,The site supplies no machine-readable lexical/Jyutping/tone text for this item; fields remain empty rather than inferred.
SA-00023,輔音,輔音,b,b,,,,,,,,,,,audio/consonants/b/b_sentence_003.mp3,https://app.speakalongcuhk.com/assets/voices/b/4-3.mp3,https://app.speakalongcuhk.com/assets/voices/b/4-3.mp3,https://app.speakalongcuhk.com/tc/scontent/b/sentence,sound:b:sentence:3,4-3.mp3,mp3,.mp3,2.063673,44100,2,55010,31b4fb28acc4d12873bf1665cc7d3d619079b7191835916455a198f571f4579c,1,yue-Hant,sentence,,,,The site supplies no machine-readable lexical/Jyutping/tone text for this item; fields remain empty rather than inferred.
SA-00024,輔音,輔音,b,b,,,,,,,,,,,audio/consonants/b/b_sentence_004.mp3,https://app.speakalongcuhk.com/assets/voices/b/4-4.mp3,https://app.speakalongcuhk.com/assets/voices/b/4-4.mp3,https://app.speakalongcuhk.com/tc/scontent/b/sentence,sound:b:sentence:4,4-4.mp3,mp3,.mp3,3.63102,44100,2,91899,cee2a27ac16229ee2c3488ec90fcab5f056643839ffe402032313809b18e88f9,1,yue-Hant,sentence,,,,The site supplies no machine-readable lexical/Jyutping/tone text for this item; fields remain empty rather than inferred.
SA-00025,輔音,輔音,b,b,,,,,,,,,,,audio/consonants/b/b_sentence_005.mp3,https://app.speakalongcuhk.com/assets/voices/b/4-5.mp3,https://app.speakalongcuhk.com/assets/voices/b/4-5.mp3,https://app.speakalongcuhk.com/tc/scontent/b/sentence,sound:b:sentence:5,4-5.mp3,mp3,.mp3,3.604898,44100,2,93940,bcc1a8683a5c33ad893ae6335166653ccf0a2db6ebf7ba057f0ae575613d3fe4,1,yue-Hant,sentence,,,,The site supplies no machine-readable lexical/Jyutping/tone text for this item; fields remain empty rather than inferred.
SA-00026,輔音,輔音,b,b,,,,,,,,,,,audio/consonants/b/b_sentence_006.mp3,https://app.speakalongcuhk.com/assets/voices/b/4-6.mp3,https://app.speakalongcuhk.com/assets/voices/b/4-6.mp3,https://app.speakalongcuhk.com/tc/scontent/b/sentence,sound:b:sentence:6,4-6.mp3,mp3,.mp3,3.448163,44100,2,89452,d6e2a186b82595f64b4bcfc3c76650ec828b7b9253f0167f2fb4f514e162989f,1,yue-Hant,sentence,,,,The site supplies no machine-readable lexical/Jyutping/tone text for this item; fields remain empty rather than inferred.
SA-00027,輔音,輔音,b,b,,,,,,,,,,,audio/consonants/b/b_sentence_007.mp3,https://app.speakalongcuhk.com/assets/voices/b/4-7.mp3,https://app.speakalongcuhk.com/assets/voices/b/4-7.mp3,https://app.speakalongcuhk.com/tc/scontent/b/sentence,sound:b:sentence:7,4-7.mp3,mp3,.mp3,3.213061,44100,2,82035,f14ae507390a4c7c874f54a46a4aa8a869e7c7b8090791ffe3161786cfaf2275,1,yue-Hant,sentence,,,,The site supplies no machine-readable lexical/Jyutping/tone text for this item; fields remain empty rather than inferred.
SA-00028,輔音,輔音,b,b,,,,,,,,,,,audio/consonants/b/b_sentence_008.mp3,https://app.speakalongcuhk.com/assets/voices/b/4-8.mp3,https://app.speakalongcuhk.com/assets/voices/b/4-8.mp3,https://app.speakalongcuhk.com/tc/scontent/b/sentence,sound:b:sentence:8,4-8.mp3,mp3,.mp3,4.231837,44100,2,104896,5856043e5cd6b81faae6572d391177c4f5b2376c91267e18cf2493c1a6c05e9a,1,yue-Hant,sentence,,,,The site supplies no machine-readable lexical/Jyutping/tone text for this item; fields remain empty rather than inferred.
SA-00029,輔音,輔音,b,b,,,,,,,,,,,audio/consonants/b/b_sentence_009.mp3,https://app.speakalongcuhk.com/assets/voices/b/4-9.mp3,https://app.speakalongcuhk.com/assets/voices/b/4-9.mp3,https://app.speakalongcuhk.com/tc/scontent/b/sentence,sound:b:sentence:9,4-9.mp3,mp3,.mp3,4.362449,44100,2,115130,0a5cc2cb98284e6b141d072e05f913c18946fd804b1ec1632f019e237bd462d8,1,yue-Hant,sentence,,,,The site supplies no machine-readable lexical/Jyutping/tone text for this item; fields remain empty rather than inferred.
SA-00030,輔音,輔音,b,b,,,,,,,,,,,audio/consonants/b/b_sentence_010.mp3,https://app.speakalongcuhk.com/assets/voices/b/4-10.mp3,https://app.speakalongcuhk.com/assets/voices/b/4-10.mp3,https://app.speakalongcuhk.com/tc/scontent/b/sentence,sound:b:sentence:10,4-10.mp3,mp3,.mp3,5.172245,44100,2,134027,7897f77909ed89c7f7449a9ae5cb4fe79d4ee9288f06290c2e4ef93c05542a3e,1,yue-Hant,sentence,,,,The site supplies no machine-readable lexical/Jyutping/tone text for this item; fields remain empty rather than inferred.
SA-00031,輔音,輔音,b,b,,,,,,,,,,,audio/consonants/b/b_story_001.mp3,https://app.speakalongcuhk.com/assets/voices/b/5-1.mp3,https://app.speakalongcuhk.com/assets/voices/b/5-1.mp3,https://app.speakalongcuhk.com/tc/scontent/b/story,sound:b:story:1,5-1.mp3,mp3,.mp3,1.227755,44100,2,27969,7a845cbc0d96597e5c49bcfc1c4a2af7c261a7b026ddcd1443507396d01f5064,1,yue-Hant,story,,,,The site supplies no machine-readable lexical/Jyutping/tone text for this item; fields remain empty rather than inferred.
SA-00032,輔音,輔音,b,b,,,,,,,,,,,audio/consonants/b/b_story_002.mp3,https://app.speakalongcuhk.com/assets/voices/b/5-2.mp3,https://app.speakalongcuhk.com/assets/voices/b/5-2.mp3,https://app.speakalongcuhk.com/tc/scontent/b/story,sound:b:story:2,5-2.mp3,mp3,.mp3,3.970612,44100,2,105731,b03be3fdc368a420c13cc2cc9ac56a5f30481562a9032bdbea53a6809b4c8dcf,1,yue-Hant,story,,,,The site supplies no machine-readable lexical/Jyutping/tone text for this item; fields remain empty rather than inferred.
SA-00033,輔音,輔音,b,b,,,,,,,,,,,audio/consonants/b/b_story_003.mp3,https://app.speakalongcuhk.com/assets/voices/b/5-3.mp3,https://app.speakalongcuhk.com/assets/voices/b/5-3.mp3,https://app.speakalongcuhk.com/tc/scontent/b/story,sound:b:story:3,5-3.mp3,mp3,.mp3,6.556735,44100,2,158446,4094b77f0c929fc0203bbdc7990be8fca497ec810070285dfcf555d3454ed69b,1,yue-Hant,story,,,,The site supplies no machine-readable lexical/Jyutping/tone text for this item; fields remain empty rather than inferred.
SA-00034,輔音,輔音,b,b,,,,,,,,,,,audio/consonants/b/b_story_004.mp3,https://app.speakalongcuhk.com/assets/voices/b/5-4.mp3,https://app.speakalongcuhk.com/assets/voices/b/5-4.mp3,https://app.speakalongcuhk.com/tc/scontent/b/story,sound:b:story:4,5-4.mp3,mp3,.mp3,6.269388,44100,2,161991,20c6640a0821bf02b60981d41329fb106859e7135afe9493214ebcb96c681941,1,yue-Hant,story,,,,The site supplies no machine-readable lexical/Jyutping/tone text for this item; fields remain empty rather than inferred.
SA-00035,輔音,輔音,b,b,,,,,,,,,,,audio/consonants/b/b_story_005.mp3,https://app.speakalongcuhk.com/assets/voices/b/5-5.mp3,https://app.speakalongcuhk.com/assets/voices/b/5-5.mp3,https://app.speakalongcuhk.com/tc/scontent/b/story,sound:b:story:5,5-5.mp3,mp3,.mp3,4.728163,44100,2,117841,57317e054e08960c08fe22d927d03346f3ddfe90fe3079a23f740b395e3f31af,1,yue-Hant,story,,,,The site supplies no machine-readable lexical/Jyutping/tone text for this item; fields remain empty rather than inferred.
SA-00036,輔音,輔音,b,b,,,,,,,,,,,audio/consonants/b/b_story_006.mp3,https://app.speakalongcuhk.com/assets/voices/b/5-6.mp3,https://app.speakalongcuhk.com/assets/voices/b/5-6.mp3,https://app.speakalongcuhk.com/tc/scontent/b/story,sound:b:story:6,5-6.mp3,mp3,.mp3,6.269388,44100,2,164598,4a79ca7adc2bd1a533157c12500527b5008b2674289a29ecdffd9dfd4470c3de,1,yue-Hant,story,,,,The site supplies no machine-readable lexical/Jyutping/tone text for this item; fields remain empty rather than inferred.
SA-00037,輔音,輔音,b,b,,,,,,,,,,,audio/consonants/b/b_story_007.mp3,https://app.speakalongcuhk.com/assets/voices/b/5-7.mp3,https://app.speakalongcuhk.com/assets/voices/b/5-7.mp3,https://app.speakalongcuhk.com/tc/scontent/b/story,sound:b:story:7,5-7.mp3,mp3,.mp3,2.246531,44100,2,57824,7c1822606ebe5c73cbea07cb534eaf7d1b28900e11ddb30ad81447bfd0c08a8e,1,yue-Hant,story,,,,The site supplies no machine-readable lexical/Jyutping/tone text for this item; fields remain empty rather than inferred.
SA-00038,輔音,輔音,d,d,,,,,,碟,,,,,audio/consonants/d/d_001.mp3,https://app.speakalongcuhk.com/assets/voices/d/1-1.mp3,https://app.speakalongcuhk.com/assets/voices/d/1-1.mp3,https://app.speakalongcuhk.com/tc/scontent/d/single,sound:d:single:1,1-1.mp3,mp3,.mp3,1.07102,44100,2,19198,014404658059d7d22ae185219012b8ec204d58eba59abbd70ea2baf5ea03efbb,1,yue-Hant,single,,,,Lexical label is human-curated from source artwork/category; it is not textual metadata supplied by the site.
SA-00039,輔音,輔音,d,d,,,,,,多,,,,,audio/consonants/d/d_002.mp3,https://app.speakalongcuhk.com/assets/voices/d/1-2.mp3,https://app.speakalongcuhk.com/assets/voices/d/1-2.mp3,https://app.speakalongcuhk.com/tc/scontent/d/single,sound:d:single:2,1-2.mp3,mp3,.mp3,1.07102,44100,2,23950,6f6d88644392dfd4a06b1ab118bea87c42e7ba5a7b8d8a410e2094ed087c8c2f,1,yue-Hant,single,,,,Lexical label is human-curated from source artwork/category; it is not textual metadata supplied by the site.
SA-00040,輔音,輔音,d,d,,,,,,蛋,,,,,audio/consonants/d/d_003.mp3,https://app.speakalongcuhk.com/assets/voices/d/1-3.mp3,https://app.speakalongcuhk.com/assets/voices/d/1-3.mp3,https://app.speakalongcuhk.com/tc/scontent/d/single,sound:d:single:3,1-3.mp3,mp3,.mp3,1.07102,44100,2,25257,99f1cc5657b93c56ec96377045bbc86971daa51cc71bcbd304cd7ab90704bc8f,1,yue-Hant,single,,,,Lexical label is human-curated from source artwork/category; it is not textual metadata supplied by the site.
SA-00041,輔音,輔音,d,d,,,,,,豆,,,,,audio/consonants/d/d_004.mp3,https://app.speakalongcuhk.com/assets/voices/d/1-4.mp3,https://app.speakalongcuhk.com/assets/voices/d/1-4.mp3,https://app.speakalongcuhk.com/tc/scontent/d/single,sound:d:single:4,1-4.mp3,mp3,.mp3,1.07102,44100,2,21549,d0ee557bd0c8bee2bdfcb2af1274f9366cf519f56f8060a2461d5a0afbae9cac,1,yue-Hant,single,,,,Lexical label is human-curated from source artwork/category; it is not textual metadata supplied by the site.
SA-00042,輔音,輔音,d,d,,,,,,大,,,,,audio/consonants/d/d_005.mp3,https://app.speakalongcuhk.com/assets/voices/d/1-5.mp3,https://app.speakalongcuhk.com/assets/voices/d/1-5.mp3,https://app.speakalongcuhk.com/tc/scontent/d/single,sound:d:single:5,1-5.mp3,mp3,.mp3,1.07102,44100,2,25465,62824434bacfbc5924ead28be9771e0adb80fccd9fd4741c16fe96d476dd2ea7,1,yue-Hant,single,,,,Lexical label is human-curated from source artwork/category; it is not textual metadata supplied by the site.
SA-00043,輔音,輔音,d,d,,,,,,彈,,,,,audio/consonants/d/d_006.mp3,https://app.speakalongcuhk.com/assets/voices/d/1-6.mp3,https://app.speakalongcuhk.com/assets/voices/d/1-6.mp3,https://app.speakalongcuhk.com/tc/scontent/d/single,sound:d:single:6,1-6.mp3,mp3,.mp3,1.149388,44100,2,26509,e1d3534b61083382bae2c80e972b61c4f46849a186ff00efc816baa444bfb18b,1,yue-Hant,single,,,,Lexical label is human-curated from source artwork/category; it is not textual metadata supplied by the site.
SA-00044,輔音,輔音,d,d,,,,,,笛,,,,,audio/consonants/d/d_007.mp3,https://app.speakalongcuhk.com/assets/voices/d/1-7.mp3,https://app.speakalongcuhk.com/assets/voices/d/1-7.mp3,https://app.speakalongcuhk.com/tc/scontent/d/single,sound:d:single:7,1-7.mp3,mp3,.mp3,1.07102,44100,2,20033,7cac87d343c663e57a259afde78faeb83c214513663610d59a57eed70d74016d,1,yue-Hant,single,,,,Lexical label is human-curated from source artwork/category; it is not textual metadata supplied by the site.
SA-00045,輔音,輔音,d,d,,,,,,袋,,,,,audio/consonants/d/d_008.mp3,https://app.speakalongcuhk.com/assets/voices/d/1-8.mp3,https://app.speakalongcuhk.com/assets/voices/d/1-8.mp3,https://app.speakalongcuhk.com/tc/scontent/d/single,sound:d:single:8,1-8.mp3,mp3,.mp3,1.07102,44100,2,24474,7a9244c9f417041399d97b12bb001b857d0d02799dc45fb4ca13ca2c76553732,1,yue-Hant,single,,,,Lexical label is human-curated from source artwork/category; it is not textual metadata supplied by the site.
SA-00046,輔音,輔音,d,d,,,,,,刀,,,,,audio/consonants/d/d_009.mp3,https://app.speakalongcuhk.com/assets/voices/d/1-9.mp3,https://app.speakalongcuhk.com/assets/voices/d/1-9.mp3,https://app.speakalongcuhk.com/tc/scontent/d/single,sound:d:single:9,1-9.mp3,mp3,.mp3,1.07102,44100,2,26090,8a383a87f8bb1f4a1f00ad3d4d6f1dc0bdfb77e0bfe93629bbd2e09ae42133f4,1,yue-Hant,single,,,,Lexical label is human-curated from source artwork/category; it is not textual metadata supplied by the site.
SA-00047,輔音,輔音,d,d,,,,,,跌,,,,,audio/consonants/d/d_010.mp3,https://app.speakalongcuhk.com/assets/voices/d/1-10.mp3,https://app.speakalongcuhk.com/assets/voices/d/1-10.mp3,https://app.speakalongcuhk.com/tc/scontent/d/single,sound:d:single:10,1-10.mp3,mp3,.mp3,1.07102,44100,2,14864,0881e70ccc3d5228df14d53b81c135f757dd4ef48a25907a25bed3318fa4b082,1,yue-Hant,single,,,,Lexical label is human-curated from source artwork/category; it is not textual metadata supplied by the site.
SA-00048,輔音,輔音,d,d,,,,,,,,,,,audio/consonants/d/d_word_001.mp3,https://app.speakalongcuhk.com/assets/voices/d/2-1.mp3,https://app.speakalongcuhk.com/assets/voices/d/2-1.mp3,https://app.speakalongcuhk.com/tc/scontent/d/word,sound:d:word:1,2-1.mp3,mp3,.mp3,1.28,44100,2,31202,d75e527eb5cf95e864fe4d913b9c04e227c224d2303b9c0d1e634e619b8ca701,1,yue-Hant,word,,,,The site supplies no machine-readable lexical/Jyutping/tone text for this item; fields remain empty rather than inferred.
SA-00049,輔音,輔音,d,d,,,,,,,,,,,audio/consonants/d/d_word_002.mp3,https://app.speakalongcuhk.com/assets/voices/d/2-2.mp3,https://app.speakalongcuhk.com/assets/voices/d/2-2.mp3,https://app.speakalongcuhk.com/tc/scontent/d/word,sound:d:word:2,2-2.mp3,mp3,.mp3,1.541224,44100,2,40811,f062215bde108de726559f51bc27d83de9a5e1a7be7c437d2271c83bed716685,1,yue-Hant,word,,,,The site supplies no machine-readable lexical/Jyutping/tone text for this item; fields remain empty rather than inferred.
SA-00050,輔音,輔音,d,d,,,,,,,,,,,audio/consonants/d/d_word_003.mp3,https://app.speakalongcuhk.com/assets/voices/d/2-3.mp3,https://app.speakalongcuhk.com/assets/voices/d/2-3.mp3,https://app.speakalongcuhk.com/tc/scontent/d/word,sound:d:word:3,2-3.mp3,mp3,.mp3,1.515102,44100,2,39872,ca6c9eb7ab5106a7faaf753562631146c554d5ab7c9fc487f6e6d53e8bf32741,1,yue-Hant,word,,,,The site supplies no machine-readable lexical/Jyutping/tone text for this item; fields remain empty rather than inferred.
SA-00051,輔音,輔音,d,d,,,,,,,,,,,audio/consonants/d/d_word_004.mp3,https://app.speakalongcuhk.com/assets/voices/d/2-4.mp3,https://app.speakalongcuhk.com/assets/voices/d/2-4.mp3,https://app.speakalongcuhk.com/tc/scontent/d/word,sound:d:word:4,2-4.mp3,mp3,.mp3,1.410612,44100,2,33032,640bb5213cdb3dc9238f5a53185301bae3ee08ad38713caf719b956ca7b8eef1,1,yue-Hant,word,,,,The site supplies no machine-readable lexical/Jyutping/tone text for this item; fields remain empty rather than inferred.
SA-00052,輔音,輔音,d,d,,,,,,,,,,,audio/consonants/d/d_word_005.mp3,https://app.speakalongcuhk.com/assets/voices/d/2-5.mp3,https://app.speakalongcuhk.com/assets/voices/d/2-5.mp3,https://app.speakalongcuhk.com/tc/scontent/d/word,sound:d:word:5,2-5.mp3,mp3,.mp3,1.436735,44100,2,34021,be710bd48865e2566d816a24da39bcda4893cd07490ac6a8ae098e019202f915,1,yue-Hant,word,,,,The site supplies no machine-readable lexical/Jyutping/tone text for this item; fields remain empty rather than inferred.
SA-00053,輔音,輔音,d,d,,,,,,,,,,,audio/consonants/d/d_word_006.mp3,https://app.speakalongcuhk.com/assets/voices/d/2-6.mp3,https://app.speakalongcuhk.com/assets/voices/d/2-6.mp3,https://app.speakalongcuhk.com/tc/scontent/d/word,sound:d:word:6,2-6.mp3,mp3,.mp3,1.776327,44100,2,43729,3aff654d4e90b00f2e1c05faa6844713be9b9338458b6aaf988b1c9a26da88ce,1,yue-Hant,word,,,,The site supplies no machine-readable lexical/Jyutping/tone text for this item; fields remain empty rather than inferred.
SA-00054,輔音,輔音,d,d,,,,,,,,,,,audio/consonants/d/d_word_007.mp3,https://app.speakalongcuhk.com/assets/voices/d/2-7.mp3,https://app.speakalongcuhk.com/assets/voices/d/2-7.mp3,https://app.speakalongcuhk.com/tc/scontent/d/word,sound:d:word:7,2-7.mp3,mp3,.mp3,1.48898,44100,2,36422,73585b0a36d9eee999e98cfcbbff087a424c7f39ec6b47accecdaed1df58b694,1,yue-Hant,word,,,,The site supplies no machine-readable lexical/Jyutping/tone text for this item; fields remain empty rather than inferred.
SA-00055,輔音,輔音,d,d,,,,,,,,,,,audio/consonants/d/d_word_008.mp3,https://app.speakalongcuhk.com/assets/voices/d/2-8.mp3,https://app.speakalongcuhk.com/assets/voices/d/2-8.mp3,https://app.speakalongcuhk.com/tc/scontent/d/word,sound:d:word:8,2-8.mp3,mp3,.mp3,1.253878,44100,2,29950,fc311b853da7d7d2f4cbe0292c70a0adfc962a707e6660f26f7508153a2c2270,1,yue-Hant,word,,,,The site supplies no machine-readable lexical/Jyutping/tone text for this item; fields remain empty rather than inferred.
SA-00056,輔音,輔音,d,d,,,,,,,,,,,audio/consonants/d/d_word_009.mp3,https://app.speakalongcuhk.com/assets/voices/d/2-9.mp3,https://app.speakalongcuhk.com/assets/voices/d/2-9.mp3,https://app.speakalongcuhk.com/tc/scontent/d/word,sound:d:word:9,2-9.mp3,mp3,.mp3,1.593469,44100,2,39554,88213f18cfc462a1d75faf318863312fcf94561191570bcc03a7029d8479448c,1,yue-Hant,word,,,,The site supplies no machine-readable lexical/Jyutping/tone text for this item; fields remain empty rather than inferred.
SA-00057,輔音,輔音,d,d,,,,,,,,,,,audio/consonants/d/d_word_010.mp3,https://app.speakalongcuhk.com/assets/voices/d/2-10.mp3,https://app.speakalongcuhk.com/assets/voices/d/2-10.mp3,https://app.speakalongcuhk.com/tc/scontent/d/word,sound:d:word:10,2-10.mp3,mp3,.mp3,1.671837,44100,2,42686,ff78a8e28469ac407823e9cbb042363bf11463c763dba283eb9b5b8ad03b45a7,1,yue-Hant,word,,,,The site supplies no machine-readable lexical/Jyutping/tone text for this item; fields remain empty rather than inferred.
SA-00058,輔音,輔音,d,d,,,,,,,,,,,audio/consonants/d/d_sentence_001.mp3,https://app.speakalongcuhk.com/assets/voices/d/4-1.mp3,https://app.speakalongcuhk.com/assets/voices/d/4-1.mp3,https://app.speakalongcuhk.com/tc/scontent/d/sentence,sound:d:sentence:1,4-1.mp3,mp3,.mp3,2.377143,44100,2,56778,e7f38b96087bc0e049a77fcacde3d2330124a36b5d4e806d0dcc0dd1bc8a074f,1,yue-Hant,sentence,,,,The site supplies no machine-readable lexical/Jyutping/tone text for this item; fields remain empty rather than inferred.
SA-00059,輔音,輔音,d,d,,,,,,,,,,,audio/consonants/d/d_sentence_002.mp3,https://app.speakalongcuhk.com/assets/voices/d/4-2.mp3,https://app.speakalongcuhk.com/assets/voices/d/4-2.mp3,https://app.speakalongcuhk.com/tc/scontent/d/sentence,sound:d:sentence:2,4-2.mp3,mp3,.mp3,2.977959,44100,2,78176,617bf478fc819bf97ce8a5eae5231f1cb0b89101b0df86e8e37beb5dc4f91620,1,yue-Hant,sentence,,,,The site supplies no machine-readable lexical/Jyutping/tone text for this item; fields remain empty rather than inferred.
SA-00060,輔音,輔音,d,d,,,,,,,,,,,audio/consonants/d/d_sentence_003.mp3,https://app.speakalongcuhk.com/assets/voices/d/4-3.mp3,https://app.speakalongcuhk.com/assets/voices/d/4-3.mp3,https://app.speakalongcuhk.com/tc/scontent/d/sentence,sound:d:sentence:3,4-3.mp3,mp3,.mp3,2.115918,44100,2,54167,2ef9fd2ed750f407e459491e9c327bd234c5f2676d6d80dfaba18b4d9228e284,1,yue-Hant,sentence,,,,The site supplies no machine-readable lexical/Jyutping/tone text for this item; fields remain empty rather than inferred.
SA-00061,輔音,輔音,d,d,,,,,,,,,,,audio/consonants/d/d_sentence_004.mp3,https://app.speakalongcuhk.com/assets/voices/d/4-4.mp3,https://app.speakalongcuhk.com/assets/voices/d/4-4.mp3,https://app.speakalongcuhk.com/tc/scontent/d/sentence,sound:d:sentence:4,4-4.mp3,mp3,.mp3,2.089796,44100,2,51454,fef0c70bea92f63fdf70172ed2357feb5b2c165d7853427be8e53cf8c2f7d1c2,1,yue-Hant,sentence,,,,The site supplies no machine-readable lexical/Jyutping/tone text for this item; fields remain empty rather than inferred.
SA-00062,輔音,輔音,d,d,,,,,,,,,,,audio/consonants/d/d_sentence_005.mp3,https://app.speakalongcuhk.com/assets/voices/d/4-5.mp3,https://app.speakalongcuhk.com/assets/voices/d/4-5.mp3,https://app.speakalongcuhk.com/tc/scontent/d/sentence,sound:d:sentence:5,4-5.mp3,mp3,.mp3,1.880816,44100,2,48742,3c62e8dd3042953417c5071246384fb903efc990ff94d85a13dea21b72b6d39c,1,yue-Hant,sentence,,,,The site supplies no machine-readable lexical/Jyutping/tone text for this item; fields remain empty rather than inferred.
SA-00063,輔音,輔音,d,d,,,,,,,,,,,audio/consonants/d/d_sentence_006.mp3,https://app.speakalongcuhk.com/assets/voices/d/4-6.mp3,https://app.speakalongcuhk.com/assets/voices/d/4-6.mp3,https://app.speakalongcuhk.com/tc/scontent/d/sentence,sound:d:sentence:6,4-6.mp3,mp3,.mp3,1.854694,44100,2,51668,d43c0e7208c0e8fef8eaf7668bb89881b806ee55623f72b14489960423ac3bff,1,yue-Hant,sentence,,,,The site supplies no machine-readable lexical/Jyutping/tone text for this item; fields remain empty rather than inferred.
SA-00064,輔音,輔音,d,d,,,,,,,,,,,audio/consonants/d/d_sentence_007.mp3,https://app.speakalongcuhk.com/assets/voices/d/4-7.mp3,https://app.speakalongcuhk.com/assets/voices/d/4-7.mp3,https://app.speakalongcuhk.com/tc/scontent/d/sentence,sound:d:sentence:7,4-7.mp3,mp3,.mp3,2.246531,44100,2,61267,49eb6d994ad1792cf83d5bf2ebdb430662f5350e92537e474a3a9bc2da0b51f5,1,yue-Hant,sentence,,,,The site supplies no machine-readable lexical/Jyutping/tone text for this item; fields remain empty rather than inferred.
SA-00065,輔音,輔音,d,d,,,,,,,,,,,audio/consonants/d/d_sentence_008.mp3,https://app.speakalongcuhk.com/assets/voices/d/4-8.mp3,https://app.speakalongcuhk.com/assets/voices/d/4-8.mp3,https://app.speakalongcuhk.com/tc/scontent/d/sentence,sound:d:sentence:8,4-8.mp3,mp3,.mp3,3.030204,44100,2,72482,ed0ef2b214f052216ef34c50b1ce22806615515554346f7fb28a2905c26a137c,1,yue-Hant,sentence,,,,The site supplies no machine-readable lexical/Jyutping/tone text for this item; fields remain empty rather than inferred.
SA-00066,輔音,輔音,d,d,,,,,,,,,,,audio/consonants/d/d_sentence_009.mp3,https://app.speakalongcuhk.com/assets/voices/d/4-9.mp3,https://app.speakalongcuhk.com/assets/voices/d/4-9.mp3,https://app.speakalongcuhk.com/tc/scontent/d/sentence,sound:d:sentence:9,4-9.mp3,mp3,.mp3,3.552653,44100,2,94664,266f9652a19caa1f484a8282feb759321277069eacc9d1412cb296e3403b0a47,1,yue-Hant,sentence,,,,The site supplies no machine-readable lexical/Jyutping/tone text for this item; fields remain empty rather than inferred.
SA-00067,輔音,輔音,d,d,,,,,,,,,,,audio/consonants/d/d_sentence_010.mp3,https://app.speakalongcuhk.com/assets/voices/d/4-10.mp3,https://app.speakalongcuhk.com/assets/voices/d/4-10.mp3,https://app.speakalongcuhk.com/tc/scontent/d/sentence,sound:d:sentence:10,4-10.mp3,mp3,.mp3,4.519184,44100,2,116692,ed249e68167a1e4fcc7d4af50446233eda5635a0dd7fd9b42ce3a1b5129ec93a,1,yue-Hant,sentence,,,,The site supplies no machine-readable lexical/Jyutping/tone text for this item; fields remain empty rather than inferred.
SA-00068,輔音,輔音,d,d,,,,,,,,,,,audio/consonants/d/d_story_001.mp3,https://app.speakalongcuhk.com/assets/voices/d/5-1.mp3,https://app.speakalongcuhk.com/assets/voices/d/5-1.mp3,https://app.speakalongcuhk.com/tc/scontent/d/story,sound:d:story:1,5-1.mp3,mp3,.mp3,4.649796,44100,2,117002,16c7e908326f374de17a9b1728a09c6801416b0d546f9ba43ac00e153f995ef3,1,yue-Hant,story,,,,The site supplies no machine-readable lexical/Jyutping/tone text for this item; fields remain empty rather than inferred.
SA-00069,輔音,輔音,d,d,,,,,,,,,,,audio/consonants/d/d_story_002.mp3,https://app.speakalongcuhk.com/assets/voices/d/5-2.mp3,https://app.speakalongcuhk.com/assets/voices/d/5-2.mp3,https://app.speakalongcuhk.com/tc/scontent/d/story,sound:d:story:2,5-2.mp3,mp3,.mp3,5.485714,44100,2,134275,92d3352bd22c5d755feef21a22c0e1ce30d74d1ea436533135d9da0f93429a10,1,yue-Hant,story,,,,The site supplies no machine-readable lexical/Jyutping/tone text for this item; fields remain empty rather than inferred.
SA-00070,輔音,輔音,d,d,,,,,,,,,,,audio/consonants/d/d_story_003.mp3,https://app.speakalongcuhk.com/assets/voices/d/5-3.mp3,https://app.speakalongcuhk.com/assets/voices/d/5-3.mp3,https://app.speakalongcuhk.com/tc/scontent/d/story,sound:d:story:3,5-3.mp3,mp3,.mp3,3.056327,44100,2,78750,a733e23f57e8bb4c882759c3832e2366a60d5314cd05fa68cc8bca3b2e41b4bd,1,yue-Hant,story,,,,The site supplies no machine-readable lexical/Jyutping/tone text for this item; fields remain empty rather than inferred.
SA-00071,輔音,輔音,d,d,,,,,,,,,,,audio/consonants/d/d_story_004.mp3,https://app.speakalongcuhk.com/assets/voices/d/5-4.mp3,https://app.speakalongcuhk.com/assets/voices/d/5-4.mp3,https://app.speakalongcuhk.com/tc/scontent/d/story,sound:d:story:4,5-4.mp3,mp3,.mp3,3.63102,44100,2,92580,84d6a1458b16efb049c929e3f6a4ad6cf5ecd0f8b5713f7dd2956e24ba64b26a,1,yue-Hant,story,,,,The site supplies no machine-readable lexical/Jyutping/tone text for this item; fields remain empty rather than inferred.
SA-00072,輔音,輔音,d,d,,,,,,,,,,,audio/consonants/d/d_story_005.mp3,https://app.speakalongcuhk.com/assets/voices/d/5-5.mp3,https://app.speakalongcuhk.com/assets/voices/d/5-5.mp3,https://app.speakalongcuhk.com/tc/scontent/d/story,sound:d:story:5,5-5.mp3,mp3,.mp3,6.739592,44100,2,171018,c9892d61a0d5f638e4132bf2bede5c789166edcdbb063d066c733ee35d33780c,1,yue-Hant,story,,,,The site supplies no machine-readable lexical/Jyutping/tone text for this item; fields remain empty rather than inferred.
SA-00073,輔音,輔音,d,d,,,,,,,,,,,audio/consonants/d/d_story_006.mp3,https://app.speakalongcuhk.com/assets/voices/d/5-6.mp3,https://app.speakalongcuhk.com/assets/voices/d/5-6.mp3,https://app.speakalongcuhk.com/tc/scontent/d/story,sound:d:story:6,5-6.mp3,mp3,.mp3,2.742857,44100,2,68050,de830f816202b6beefbbfce4f272c95cc4e53e44479eac7720133883cd343745,1,yue-Hant,story,,,,The site supplies no machine-readable lexical/Jyutping/tone text for this item; fields remain empty rather than inferred.
SA-00074,輔音,輔音,g,g,,,,,,角,,,,,audio/consonants/g/g_001.mp3,https://app.speakalongcuhk.com/assets/voices/g/1-1.mp3,https://app.speakalongcuhk.com/assets/voices/g/1-1.mp3,https://app.speakalongcuhk.com/tc/scontent/g/single,sound:g:single:1,1-1.mp3,mp3,.mp3,1.07102,44100,2,15648,4f0758554d1f0645c0140515a8488695d27d25eeafda0b4875f777cbe05a8057,1,yue-Hant,single,,,,Lexical label is human-curated from source artwork/category; it is not textual metadata supplied by the site.
SA-00075,輔音,輔音,g,g,,,,,,腳,,,,,audio/consonants/g/g_002.mp3,https://app.speakalongcuhk.com/assets/voices/g/1-2.mp3,https://app.speakalongcuhk.com/assets/voices/g/1-2.mp3,https://app.speakalongcuhk.com/tc/scontent/g/single,sound:g:single:2,1-2.mp3,mp3,.mp3,1.07102,44100,2,15647,50adcdad25882174f144dc3ae8f0509f1edebdbe8d8ea5e05efc0a450339aa7c,1,yue-Hant,single,,,,Lexical label is human-curated from source artwork/category; it is not textual metadata supplied by the site.
SA-00076,輔音,輔音,g,g,,,,,,鼓,,,,,audio/consonants/g/g_003.mp3,https://app.speakalongcuhk.com/assets/voices/g/1-3.mp3,https://app.speakalongcuhk.com/assets/voices/g/1-3.mp3,https://app.speakalongcuhk.com/tc/scontent/g/single,sound:g:single:3,1-3.mp3,mp3,.mp3,1.07102,44100,2,18885,e76fed91235c3fc5ce53ef33c02eb03b2c9356619777cfa412c70bc355bb93c3,1,yue-Hant,single,,,,Lexical label is human-curated from source artwork/category; it is not textual metadata supplied by the site.
SA-00077,輔音,輔音,g,g,,,,,,街,,,,,audio/consonants/g/g_004.mp3,https://app.speakalongcuhk.com/assets/voices/g/1-4.mp3,https://app.speakalongcuhk.com/assets/voices/g/1-4.mp3,https://app.speakalongcuhk.com/tc/scontent/g/single,sound:g:single:4,1-4.mp3,mp3,.mp3,1.07102,44100,2,22539,ac769ec652159be337231685fa8e162eae2089ad0b47a46c6622823243fb3392,1,yue-Hant,single,,,,Lexical label is human-curated from source artwork/category; it is not textual metadata supplied by the site.
SA-00078,輔音,輔音,g,g,,,,,,菇,,,,,audio/consonants/g/g_005.mp3,https://app.speakalongcuhk.com/assets/voices/g/1-5.mp3,https://app.speakalongcuhk.com/assets/voices/g/1-5.mp3,https://app.speakalongcuhk.com/tc/scontent/g/single,sound:g:single:5,1-5.mp3,mp3,.mp3,1.044898,44100,2,20763,4ecdf06432795f1459e2b1dd8afcdd9b0fe4d2eccece88165cd507104b9596a8,1,yue-Hant,single,,,,Lexical label is human-curated from source artwork/category; it is not textual metadata supplied by the site.
SA-00079,輔音,輔音,g,g,,,,,,高,,,,,audio/consonants/g/g_006.mp3,https://app.speakalongcuhk.com/assets/voices/g/1-6.mp3,https://app.speakalongcuhk.com/assets/voices/g/1-6.mp3,https://app.speakalongcuhk.com/tc/scontent/g/single,sound:g:single:6,1-6.mp3,mp3,.mp3,1.07102,44100,2,21651,91b54215a9463b023cb8b59f8f1761ff481eff2c8dca6e288f847d0a95602ec4,1,yue-Hant,single,,,,Lexical label is human-curated from source artwork/category; it is not textual metadata supplied by the site.
SA-00080,輔音,輔音,g,g,,,,,,九,,,,,audio/consonants/g/g_007.mp3,https://app.speakalongcuhk.com/assets/voices/g/1-7.mp3,https://app.speakalongcuhk.com/assets/voices/g/1-7.mp3,https://app.speakalongcuhk.com/tc/scontent/g/single,sound:g:single:7,1-7.mp3,mp3,.mp3,1.07102,44100,2,18990,46e523bf51478ca7c1441fafb80445b391f9f2408df8ceb972e8ca4d23e9d452,1,yue-Hant,single,,,,Lexical label is human-curated from source artwork/category; it is not textual metadata supplied by the site.
SA-00081,輔音,輔音,g,g,,,,,,叫,,,,,audio/consonants/g/g_008.mp3,https://app.speakalongcuhk.com/assets/voices/g/1-8.mp3,https://app.speakalongcuhk.com/assets/voices/g/1-8.mp3,https://app.speakalongcuhk.com/tc/scontent/g/single,sound:g:single:8,1-8.mp3,mp3,.mp3,1.044898,44100,2,22803,4c687ecb9f04d30ad105db1e00b10e1423f088d0a8c4644241ad9d099f9e5ff7,1,yue-Hant,single,,,,Lexical label is human-curated from source artwork/category; it is not textual metadata supplied by the site.
SA-00082,輔音,輔音,g,g,,,,,,蓋,,,,,audio/consonants/g/g_009.mp3,https://app.speakalongcuhk.com/assets/voices/g/1-9.mp3,https://app.speakalongcuhk.com/assets/voices/g/1-9.mp3,https://app.speakalongcuhk.com/tc/scontent/g/single,sound:g:single:9,1-9.mp3,mp3,.mp3,1.07102,44100,2,20663,d2ec0c58ca586e89b5cdbd4972cfb2a39aafe0c7e0f8b963e73b875dada0c0b6,1,yue-Hant,single,,,,Lexical label is human-curated from source artwork/category; it is not textual metadata supplied by the site.
SA-00083,輔音,輔音,g,g,,,,,,攰,,,,,audio/consonants/g/g_010.mp3,https://app.speakalongcuhk.com/assets/voices/g/1-10.mp3,https://app.speakalongcuhk.com/assets/voices/g/1-10.mp3,https://app.speakalongcuhk.com/tc/scontent/g/single,sound:g:single:10,1-10.mp3,mp3,.mp3,1.044898,44100,2,24943,d59ac5fd8eeee13f1a17aaefe52f8268447c8544d550ced5991d345b1c070de8,1,yue-Hant,single,,,,Lexical label is human-curated from source artwork/category; it is not textual metadata supplied by the site.
SA-00084,輔音,輔音,g,g,,,,,,,,,,,audio/consonants/g/g_word_001.mp3,https://app.speakalongcuhk.com/assets/voices/g/2-1.mp3,https://app.speakalongcuhk.com/assets/voices/g/2-1.mp3,https://app.speakalongcuhk.com/tc/scontent/g/word,sound:g:word:1,2-1.mp3,mp3,.mp3,1.227755,44100,2,29640,adde4a7876796734a9bbbf429538e534e1343e838b1d94d98e05beef809214be,1,yue-Hant,word,,,,The site supplies no machine-readable lexical/Jyutping/tone text for this item; fields remain empty rather than inferred.
SA-00085,輔音,輔音,g,g,,,,,,,,,,,audio/consonants/g/g_word_002.mp3,https://app.speakalongcuhk.com/assets/voices/g/2-2.mp3,https://app.speakalongcuhk.com/assets/voices/g/2-2.mp3,https://app.speakalongcuhk.com/tc/scontent/g/word,sound:g:word:2,2-2.mp3,mp3,.mp3,1.044898,44100,2,27555,fb0c4f15064809580790fa7e6327334d2a519ea65eeb4444da10c581b0310b8f,1,yue-Hant,word,,,,The site supplies no machine-readable lexical/Jyutping/tone text for this item; fields remain empty rather than inferred.
SA-00086,輔音,輔音,g,g,,,,,,,,,,,audio/consonants/g/g_word_003.mp3,https://app.speakalongcuhk.com/assets/voices/g/2-3.mp3,https://app.speakalongcuhk.com/assets/voices/g/2-3.mp3,https://app.speakalongcuhk.com/tc/scontent/g/word,sound:g:word:3,2-3.mp3,mp3,.mp3,1.149388,44100,2,34759,e7793614515a0db5614c53d4cd7a2c4f390f133e3fe3fe1b988653677668f46f,1,yue-Hant,word,,,,The site supplies no machine-readable lexical/Jyutping/tone text for this item; fields remain empty rather than inferred.
SA-00087,輔音,輔音,g,g,,,,,,,,,,,audio/consonants/g/g_word_004.mp3,https://app.speakalongcuhk.com/assets/voices/g/2-4.mp3,https://app.speakalongcuhk.com/assets/voices/g/2-4.mp3,https://app.speakalongcuhk.com/tc/scontent/g/word,sound:g:word:4,2-4.mp3,mp3,.mp3,1.123265,44100,2,26901,e1f4363a9b2a023bfbe635386713dd3d6680748f0ed9c1165a6cc651a7f4c6b7,1,yue-Hant,word,,,,The site supplies no machine-readable lexical/Jyutping/tone text for this item; fields remain empty rather than inferred.
SA-00088,輔音,輔音,g,g,,,,,,,,,,,audio/consonants/g/g_word_005.mp3,https://app.speakalongcuhk.com/assets/voices/g/2-5.mp3,https://app.speakalongcuhk.com/assets/voices/g/2-5.mp3,https://app.speakalongcuhk.com/tc/scontent/g/word,sound:g:word:5,2-5.mp3,mp3,.mp3,1.38449,44100,2,34964,d3a7996e461ca5723c21fe5a40e63f1c7c57960cf8d1e714360cacf3790b6811,1,yue-Hant,word,,,,The site supplies no machine-readable lexical/Jyutping/tone text for this item; fields remain empty rather than inferred.
SA-00089,輔音,輔音,g,g,,,,,,,,,,,audio/consonants/g/g_word_006.mp3,https://app.speakalongcuhk.com/assets/voices/g/2-6.mp3,https://app.speakalongcuhk.com/assets/voices/g/2-6.mp3,https://app.speakalongcuhk.com/tc/scontent/g/word,sound:g:word:6,2-6.mp3,mp3,.mp3,1.38449,44100,2,36528,f5229b26bf4ddd9d75074c08ffff2a97c9665dada0ce7b025461302c6cb494d5,1,yue-Hant,word,,,,The site supplies no machine-readable lexical/Jyutping/tone text for this item; fields remain empty rather than inferred.
SA-00090,輔音,輔音,g,g,,,,,,,,,,,audio/consonants/g/g_word_007.mp3,https://app.speakalongcuhk.com/assets/voices/g/2-7.mp3,https://app.speakalongcuhk.com/assets/voices/g/2-7.mp3,https://app.speakalongcuhk.com/tc/scontent/g/word,sound:g:word:7,2-7.mp3,mp3,.mp3,1.28,44100,2,31412,2d9e15aef1d534c81cf4d94f1c0ee531d4bbf20a7abea3f49a0933665b9bfb5b,1,yue-Hant,word,,,,The site supplies no machine-readable lexical/Jyutping/tone text for this item; fields remain empty rather than inferred.
SA-00091,輔音,輔音,g,g,,,,,,,,,,,audio/consonants/g/g_word_008.mp3,https://app.speakalongcuhk.com/assets/voices/g/2-8.mp3,https://app.speakalongcuhk.com/assets/voices/g/2-8.mp3,https://app.speakalongcuhk.com/tc/scontent/g/word,sound:g:word:8,2-8.mp3,mp3,.mp3,1.253878,44100,2,31728,aca0416e41f5037d334e895af771bc4c6f3391210997e64521ba3d8a1906129b,1,yue-Hant,word,,,,The site supplies no machine-readable lexical/Jyutping/tone text for this item; fields remain empty rather than inferred.
SA-00092,輔音,輔音,g,g,,,,,,,,,,,audio/consonants/g/g_word_009.mp3,https://app.speakalongcuhk.com/assets/voices/g/2-9.mp3,https://app.speakalongcuhk.com/assets/voices/g/2-9.mp3,https://app.speakalongcuhk.com/tc/scontent/g/word,sound:g:word:9,2-9.mp3,mp3,.mp3,1.410612,44100,2,37469,3eb9b9491a27cc0f0822e6c299932c16097f9a388f726269779e85db134f72bd,1,yue-Hant,word,,,,The site supplies no machine-readable lexical/Jyutping/tone text for this item; fields remain empty rather than inferred.
SA-00093,輔音,輔音,g,g,,,,,,,,,,,audio/consonants/g/g_word_010.mp3,https://app.speakalongcuhk.com/assets/voices/g/2-10.mp3,https://app.speakalongcuhk.com/assets/voices/g/2-10.mp3,https://app.speakalongcuhk.com/tc/scontent/g/word,sound:g:word:10,2-10.mp3,mp3,.mp3,1.123265,44100,2,28282,97c44ff74bff1571fe9cf8768ab1af75e355c42411788242b8238fd2d1e6c2d9,1,yue-Hant,word,,,,The site supplies no machine-readable lexical/Jyutping/tone text for this item; fields remain empty rather than inferred.
SA-00094,輔音,輔音,g,g,,,,,,,,,,,audio/consonants/g/g_sentence_001.mp3,https://app.speakalongcuhk.com/assets/voices/g/4-1.mp3,https://app.speakalongcuhk.com/assets/voices/g/4-1.mp3,https://app.speakalongcuhk.com/tc/scontent/g/sentence,sound:g:sentence:1,4-1.mp3,mp3,.mp3,3.291429,44100,2,79107,013dc483513491ab6484231267af298ab96c712892e22b0b614f1f9dbef58e59,1,yue-Hant,sentence,,,,The site supplies no machine-readable lexical/Jyutping/tone text for this item; fields remain empty rather than inferred.
SA-00095,輔音,輔音,g,g,,,,,,,,,,,audio/consonants/g/g_sentence_002.mp3,https://app.speakalongcuhk.com/assets/voices/g/4-2.mp3,https://app.speakalongcuhk.com/assets/voices/g/4-2.mp3,https://app.speakalongcuhk.com/tc/scontent/g/sentence,sound:g:sentence:2,4-2.mp3,mp3,.mp3,3.108571,44100,2,76188,8f356649a4be57e6f1ab200fa805d7e4f68634290b3ab031307fa4af955c3a27,1,yue-Hant,sentence,,,,The site supplies no machine-readable lexical/Jyutping/tone text for this item; fields remain empty rather than inferred.
SA-00096,輔音,輔音,g,g,,,,,,,,,,,audio/consonants/g/g_sentence_003.mp3,https://app.speakalongcuhk.com/assets/voices/g/4-3.mp3,https://app.speakalongcuhk.com/assets/voices/g/4-3.mp3,https://app.speakalongcuhk.com/tc/scontent/g/sentence,sound:g:sentence:3,4-3.mp3,mp3,.mp3,3.186939,44100,2,81829,20dac48e89896ef39f63a4d61a2a8bdfe99d5cb3f5abc09c1a3b108586c8f88e,1,yue-Hant,sentence,,,,The site supplies no machine-readable lexical/Jyutping/tone text for this item; fields remain empty rather than inferred.
SA-00097,輔音,輔音,g,g,,,,,,,,,,,audio/consonants/g/g_sentence_004.mp3,https://app.speakalongcuhk.com/assets/voices/g/4-4.mp3,https://app.speakalongcuhk.com/assets/voices/g/4-4.mp3,https://app.speakalongcuhk.com/tc/scontent/g/sentence,sound:g:sentence:4,4-4.mp3,mp3,.mp3,2.977959,44100,2,77027,1e9bd4be1f6909ef2c727bbac60fc71717baad5e6f4b615480c494c67ec08dc7,1,yue-Hant,sentence,,,,The site supplies no machine-readable lexical/Jyutping/tone text for this item; fields remain empty rather than inferred.
SA-00098,輔音,輔音,g,g,,,,,,,,,,,audio/consonants/g/g_sentence_005.mp3,https://app.speakalongcuhk.com/assets/voices/g/4-5.mp3,https://app.speakalongcuhk.com/assets/voices/g/4-5.mp3,https://app.speakalongcuhk.com/tc/scontent/g/sentence,sound:g:sentence:5,4-5.mp3,mp3,.mp3,4.440816,44100,2,109900,3a0a0791332f6eb6b191de48fb76c32622b287763b2a22e7ed02bdf309b5153d,1,yue-Hant,sentence,,,,The site supplies no machine-readable lexical/Jyutping/tone text for this item; fields remain empty rather than inferred.
SA-00099,輔音,輔音,g,g,,,,,,,,,,,audio/consonants/g/g_sentence_006.mp3,https://app.speakalongcuhk.com/assets/voices/g/4-6.mp3,https://app.speakalongcuhk.com/assets/voices/g/4-6.mp3,https://app.speakalongcuhk.com/tc/scontent/g/sentence,sound:g:sentence:6,4-6.mp3,mp3,.mp3,4.101224,44100,2,108340,145ad4208fe7026c40cc6f8c2426c110a235925f4104f54e8f3eb7ee74c48227,1,yue-Hant,sentence,,,,The site supplies no machine-readable lexical/Jyutping/tone text for this item; fields remain empty rather than inferred.
SA-00100,輔音,輔音,g,g,,,,,,,,,,,audio/consonants/g/g_sentence_007.mp3,https://app.speakalongcuhk.com/assets/voices/g/4-7.mp3,https://app.speakalongcuhk.com/assets/voices/g/4-7.mp3,https://app.speakalongcuhk.com/tc/scontent/g/sentence,sound:g:sentence:7,4-7.mp3,mp3,.mp3,4.022857,44100,2,99152,ab3cc087d7a9e74bf47bff23c431351180ab779abfa5bc90daa9cfba0c989834,1,yue-Hant,sentence,,,,The site supplies no machine-readable lexical/Jyutping/tone text for this item; fields remain empty rather than inferred.
SA-00101,輔音,輔音,g,g,,,,,,,,,,,audio/consonants/g/g_sentence_008.mp3,https://app.speakalongcuhk.com/assets/voices/g/4-8.mp3,https://app.speakalongcuhk.com/assets/voices/g/4-8.mp3,https://app.speakalongcuhk.com/tc/scontent/g/sentence,sound:g:sentence:8,4-8.mp3,mp3,.mp3,4.257959,44100,2,111785,ccac7b32f6851be2f2cd1d710ac7a166822bd4811846d1b77822f9ffc2b9fd88,1,yue-Hant,sentence,,,,The site supplies no machine-readable lexical/Jyutping/tone text for this item; fields remain empty rather than inferred.
SA-00102,輔音,輔音,g,g,,,,,,,,,,,audio/consonants/g/g_sentence_009.mp3,https://app.speakalongcuhk.com/assets/voices/g/4-9.mp3,https://app.speakalongcuhk.com/assets/voices/g/4-9.mp3,https://app.speakalongcuhk.com/tc/scontent/g/sentence,sound:g:sentence:9,4-9.mp3,mp3,.mp3,5.093878,44100,2,128901,270c26d8db9168eec9f0a7fadfc33e2fe21ab692473db28f9468f92ac06b8539,1,yue-Hant,sentence,,,,The site supplies no machine-readable lexical/Jyutping/tone text for this item; fields remain empty rather than inferred.
SA-00103,輔音,輔音,g,g,,,,,,,,,,,audio/consonants/g/g_sentence_010.mp3,https://app.speakalongcuhk.com/assets/voices/g/4-10.mp3,https://app.speakalongcuhk.com/assets/voices/g/4-10.mp3,https://app.speakalongcuhk.com/tc/scontent/g/sentence,sound:g:sentence:10,4-10.mp3,mp3,.mp3,3.813878,44100,2,102289,4b5f7d1dd7b525e2b8e8c14838bb285214e4d7580f09eea054f29cfa8d10d063,1,yue-Hant,sentence,,,,The site supplies no machine-readable lexical/Jyutping/tone text for this item; fields remain empty rather than inferred.
SA-00104,輔音,輔音,g,g,,,,,,,,,,,audio/consonants/g/g_story_001.mp3,https://app.speakalongcuhk.com/assets/voices/g/5-1.mp3,https://app.speakalongcuhk.com/assets/voices/g/5-1.mp3,https://app.speakalongcuhk.com/tc/scontent/g/story,sound:g:story:1,5-1.mp3,mp3,.mp3,3.030204,44100,2,73472,066884b0c0233d97999e088557fbd2bd6b339fa1476980efa8a5276d2290a431,1,yue-Hant,story,,,,The site supplies no machine-readable lexical/Jyutping/tone text for this item; fields remain empty rather than inferred.
SA-00105,輔音,輔音,g,g,,,,,,,,,,,audio/consonants/g/g_story_002.mp3,https://app.speakalongcuhk.com/assets/voices/g/5-2.mp3,https://app.speakalongcuhk.com/assets/voices/g/5-2.mp3,https://app.speakalongcuhk.com/tc/scontent/g/story,sound:g:story:2,5-2.mp3,mp3,.mp3,4.362449,44100,2,110108,d1a9a725e8d092c4e2b51d1daa9e6904480e2d623109a87e2f10c90636d8da3c,1,yue-Hant,story,,,,The site supplies no machine-readable lexical/Jyutping/tone text for this item; fields remain empty rather than inferred.
SA-00106,輔音,輔音,g,g,,,,,,,,,,,audio/consonants/g/g_story_003.mp3,https://app.speakalongcuhk.com/assets/voices/g/5-3.mp3,https://app.speakalongcuhk.com/assets/voices/g/5-3.mp3,https://app.speakalongcuhk.com/tc/scontent/g/story,sound:g:story:3,5-3.mp3,mp3,.mp3,7.57551,44100,2,191841,51b16ab21ca2919cfce1360197c260b14a5a73bc70e18d6689d2521b74640703,1,yue-Hant,story,,,,The site supplies no machine-readable lexical/Jyutping/tone text for this item; fields remain empty rather than inferred.
SA-00107,輔音,輔音,g,g,,,,,,,,,,,audio/consonants/g/g_story_004.mp3,https://app.speakalongcuhk.com/assets/voices/g/5-4.mp3,https://app.speakalongcuhk.com/assets/voices/g/5-4.mp3,https://app.speakalongcuhk.com/tc/scontent/g/story,sound:g:story:4,5-4.mp3,mp3,.mp3,4.806531,44100,2,130995,8a527931670dfc37b2b074969470e2e0b8c951d832bcd60fdc11ff9c2e7503dc,1,yue-Hant,story,,,,The site supplies no machine-readable lexical/Jyutping/tone text for this item; fields remain empty rather than inferred.
SA-00108,輔音,輔音,g,g,,,,,,,,,,,audio/consonants/g/g_story_005.mp3,https://app.speakalongcuhk.com/assets/voices/g/5-5.mp3,https://app.speakalongcuhk.com/assets/voices/g/5-5.mp3,https://app.speakalongcuhk.com/tc/scontent/g/story,sound:g:story:5,5-5.mp3,mp3,.mp3,3.030204,44100,2,76923,04d133292c4deb2b00fe87ed903e9110144da966e8e4da66ae1203c9249b4604,1,yue-Hant,story,,,,The site supplies no machine-readable lexical/Jyutping/tone text for this item; fields remain empty rather than inferred.
SA-00109,輔音,輔音,gw,gw,,,,,,瓜,,,,,audio/consonants/gw/gw_001.mp3,https://app.speakalongcuhk.com/assets/voices/gw/1-1.mp3,https://app.speakalongcuhk.com/assets/voices/gw/1-1.mp3,https://app.speakalongcuhk.com/tc/scontent/gw/single,sound:gw:single:1,1-1.mp3,mp3,.mp3,1.28,44100,2,30369,ceef33ef36170824a2dc179f616217d132679f1570aa7b05dfc01d4300978fa8,1,yue-Hant,single,,,,Lexical label is human-curated from source artwork/category; it is not textual metadata supplied by the site.
SA-00110,輔音,輔音,gw,gw,,,,,,掘,,,,,audio/consonants/gw/gw_002.mp3,https://app.speakalongcuhk.com/assets/voices/gw/1-2.mp3,https://app.speakalongcuhk.com/assets/voices/gw/1-2.mp3,https://app.speakalongcuhk.com/tc/scontent/gw/single,sound:gw:single:2,1-2.mp3,mp3,.mp3,1.07102,44100,2,19983,93243ea792f2932bf886aecefdab6c0f10db36704c3d027bed49b40487251f4c,1,yue-Hant,single,,,,Lexical label is human-curated from source artwork/category; it is not textual metadata supplied by the site.
SA-00111,輔音,輔音,gw,gw,,,,,,龜,,,,,audio/consonants/gw/gw_003.mp3,https://app.speakalongcuhk.com/assets/voices/gw/1-3.mp3,https://app.speakalongcuhk.com/assets/voices/gw/1-3.mp3,https://app.speakalongcuhk.com/tc/scontent/gw/single,sound:gw:single:3,1-3.mp3,mp3,.mp3,1.07102,44100,2,25151,1399d73b8abb6889675f78c34a58e204b2e62b5c0fe60758a9c9c5965bb1ce28,1,yue-Hant,single,,,,Lexical label is human-curated from source artwork/category; it is not textual metadata supplied by the site.
SA-00112,輔音,輔音,gw,gw,,,,,,跪,,,,,audio/consonants/gw/gw_004.mp3,https://app.speakalongcuhk.com/assets/voices/gw/1-4.mp3,https://app.speakalongcuhk.com/assets/voices/gw/1-4.mp3,https://app.speakalongcuhk.com/tc/scontent/gw/single,sound:gw:single:4,1-4.mp3,mp3,.mp3,1.123265,44100,2,26196,27e6b2c80451a79927629758603a6ce2d99b7611ad75e6967c9250ccbb4e2039,1,yue-Hant,single,,,,Lexical label is human-curated from source artwork/category; it is not textual metadata supplied by the site.
SA-00113,輔音,輔音,gw,gw,,,,,,櫃,,,,,audio/consonants/gw/gw_005.mp3,https://app.speakalongcuhk.com/assets/voices/gw/1-5.mp3,https://app.speakalongcuhk.com/assets/voices/gw/1-5.mp3,https://app.speakalongcuhk.com/tc/scontent/gw/single,sound:gw:single:5,1-5.mp3,mp3,.mp3,1.123265,44100,2,26196,27e6b2c80451a79927629758603a6ce2d99b7611ad75e6967c9250ccbb4e2039,1,yue-Hant,single,,,,Lexical label is human-curated from source artwork/category; it is not textual metadata supplied by the site.
SA-00114,輔音,輔音,gw,gw,,,,,,摑,,,,,audio/consonants/gw/gw_006.mp3,https://app.speakalongcuhk.com/assets/voices/gw/1-6.mp3,https://app.speakalongcuhk.com/assets/voices/gw/1-6.mp3,https://app.speakalongcuhk.com/tc/scontent/gw/single,sound:gw:single:6,1-6.mp3,mp3,.mp3,1.07102,44100,2,18520,c2c93323cbdf4f37e18045da980f462f404ca35463cfda3f539f3585013aad62,1,yue-Hant,single,,,,Lexical label is human-curated from source artwork/category; it is not textual metadata supplied by the site.
SA-00115,輔音,輔音,gw,gw,,,,,,罐,,,,,audio/consonants/gw/gw_007.mp3,https://app.speakalongcuhk.com/assets/voices/gw/1-7.mp3,https://app.speakalongcuhk.com/assets/voices/gw/1-7.mp3,https://app.speakalongcuhk.com/tc/scontent/gw/single,sound:gw:single:7,1-7.mp3,mp3,.mp3,1.149388,44100,2,27343,0e5a3df3219ceb21e9fe37a63f7e1cbd6af7689db13f9e3b2b9599c721f0eac0,1,yue-Hant,single,,,,Lexical label is human-curated from source artwork/category; it is not textual metadata supplied by the site.
SA-00116,輔音,輔音,gw,gw,,,,,,棍,,,,,audio/consonants/gw/gw_008.mp3,https://app.speakalongcuhk.com/assets/voices/gw/1-8.mp3,https://app.speakalongcuhk.com/assets/voices/gw/1-8.mp3,https://app.speakalongcuhk.com/tc/scontent/gw/single,sound:gw:single:8,1-8.mp3,mp3,.mp3,1.07102,44100,2,22852,f5d4cff575ea8b7557c8e10dd40d77cd5bae11215fd86cfa3098859bcdba2306,1,yue-Hant,single,,,,Lexical label is human-curated from source artwork/category; it is not textual metadata supplied by the site.
SA-00117,輔音,輔音,gw,gw,,,,,,骨,,,,,audio/consonants/gw/gw_009.mp3,https://app.speakalongcuhk.com/assets/voices/gw/1-9.mp3,https://app.speakalongcuhk.com/assets/voices/gw/1-9.mp3,https://app.speakalongcuhk.com/tc/scontent/gw/single,sound:gw:single:9,1-9.mp3,mp3,.mp3,1.07102,44100,2,20295,1e4085b2666c8e1b2363ce3b31e25589c0ab6e6d36b4375a3c8ea605079592e3,1,yue-Hant,single,,,,Lexical label is human-curated from source artwork/category; it is not textual metadata supplied by the site.
SA-00118,輔音,輔音,gw,gw,,,,,,光,,,,,audio/consonants/gw/gw_010.mp3,https://app.speakalongcuhk.com/assets/voices/gw/1-10.mp3,https://app.speakalongcuhk.com/assets/voices/gw/1-10.mp3,https://app.speakalongcuhk.com/tc/scontent/gw/single,sound:gw:single:10,1-10.mp3,mp3,.mp3,1.149388,44100,2,27972,75fc1c4d87ba40a03d5bd7259ed8b8037d53ebbd70a02f288dadc18e674766eb,1,yue-Hant,single,,,,Lexical label is human-curated from source artwork/category; it is not textual metadata supplied by the site.
SA-00119,輔音,輔音,gw,gw,,,,,,,瓜子,,,,audio/consonants/gw/gw_word_001.mp3,https://app.speakalongcuhk.com/assets/voices/gw/2-1.mp3,https://app.speakalongcuhk.com/assets/voices/gw/2-1.mp3,https://app.speakalongcuhk.com/tc/scontent/gw/word,sound:gw:word:1,2-1.mp3,mp3,.mp3,1.38449,44100,2,35589,0c3987ace27d8f6775df73353869dc1bc3ec05c1066adaa04bb328bc581d64b5,1,yue-Hant,word,,,,Lexical label is human-curated from source artwork/category; it is not textual metadata supplied by the site. Word-activity replacement selected because configured single media were unavailable or duplicated.
SA-00120,輔音,輔音,gw,gw,,,,,,,,,,,audio/consonants/gw/gw_word_002.mp3,https://app.speakalongcuhk.com/assets/voices/gw/2-2.mp3,https://app.speakalongcuhk.com/assets/voices/gw/2-2.mp3,https://app.speakalongcuhk.com/tc/scontent/gw/word,sound:gw:word:2,2-2.mp3,mp3,.mp3,1.38449,44100,2,35798,bf6686810787de58b24a49283c15ea180511b2a397cf973cd96e7b92c133a795,1,yue-Hant,word,,,,The site supplies no machine-readable lexical/Jyutping/tone text for this item; fields remain empty rather than inferred.
SA-00121,輔音,輔音,gw,gw,,,,,,,,,,,audio/consonants/gw/gw_word_003.mp3,https://app.speakalongcuhk.com/assets/voices/gw/2-3.mp3,https://app.speakalongcuhk.com/assets/voices/gw/2-3.mp3,https://app.speakalongcuhk.com/tc/scontent/gw/word,sound:gw:word:3,2-3.mp3,mp3,.mp3,1.149388,44100,2,29485,2315f48323210a351d8686bbcc314abba62ffd5c426252e8ed32d9af15da4c44,1,yue-Hant,word,,,,The site supplies no machine-readable lexical/Jyutping/tone text for this item; fields remain empty rather than inferred.
SA-00122,輔音,輔音,gw,gw,,,,,,,,,,,audio/consonants/gw/gw_word_004.mp3,https://app.speakalongcuhk.com/assets/voices/gw/2-4.mp3,https://app.speakalongcuhk.com/assets/voices/gw/2-4.mp3,https://app.speakalongcuhk.com/tc/scontent/gw/word,sound:gw:word:4,2-4.mp3,mp3,.mp3,1.436735,44100,2,39035,6f6b1b537978e43e8dcadad8466a0f90589a770f66c1cfefb2b5424f83eb2d24,1,yue-Hant,word,,,,The site supplies no machine-readable lexical/Jyutping/tone text for this item; fields remain empty rather than inferred.
SA-00123,輔音,輔音,gw,gw,,,,,,,,,,,audio/consonants/gw/gw_word_005.mp3,https://app.speakalongcuhk.com/assets/voices/gw/2-5.mp3,https://app.speakalongcuhk.com/assets/voices/gw/2-5.mp3,https://app.speakalongcuhk.com/tc/scontent/gw/word,sound:gw:word:5,2-5.mp3,mp3,.mp3,1.38449,44100,2,33710,e9b69f463d367ed278e3d2c36400a16782a98085143a1dbbc2c5255045812888,1,yue-Hant,word,,,,The site supplies no machine-readable lexical/Jyutping/tone text for this item; fields remain empty rather than inferred.
SA-00124,輔音,輔音,gw,gw,,,,,,,,,,,audio/consonants/gw/gw_word_006.mp3,https://app.speakalongcuhk.com/assets/voices/gw/2-6.mp3,https://app.speakalongcuhk.com/assets/voices/gw/2-6.mp3,https://app.speakalongcuhk.com/tc/scontent/gw/word,sound:gw:word:6,2-6.mp3,mp3,.mp3,1.097143,44100,2,31105,a913571195e63c8bd13a9da7557ffb1483ecdf19717307d4b8969ae6aa730787,1,yue-Hant,word,,,,The site supplies no machine-readable lexical/Jyutping/tone text for this item; fields remain empty rather than inferred.
SA-00125,輔音,輔音,gw,gw,,,,,,,,,,,audio/consonants/gw/gw_word_008.mp3,https://app.speakalongcuhk.com/assets/voices/gw/2-8.mp3,https://app.speakalongcuhk.com/assets/voices/gw/2-8.mp3,https://app.speakalongcuhk.com/tc/scontent/gw/word,sound:gw:word:8,2-8.mp3,mp3,.mp3,1.515102,44100,2,34857,0cd7643d878ef5245140dd352527836c35374bdc147c9bf619be341a351c992b,1,yue-Hant,word,,,,The site supplies no machine-readable lexical/Jyutping/tone text for this item; fields remain empty rather than inferred.
SA-00126,輔音,輔音,gw,gw,,,,,,,,,,,audio/consonants/gw/gw_word_009.mp3,https://app.speakalongcuhk.com/assets/voices/gw/2-9.mp3,https://app.speakalongcuhk.com/assets/voices/gw/2-9.mp3,https://app.speakalongcuhk.com/tc/scontent/gw/word,sound:gw:word:9,2-9.mp3,mp3,.mp3,1.38449,44100,2,36114,3458496c6f823ed3b58b1837631e2e45587cdf2d24db804997c034a716a5ff10,1,yue-Hant,word,,,,The site supplies no machine-readable lexical/Jyutping/tone text for this item; fields remain empty rather than inferred.
SA-00127,輔音,輔音,gw,gw,,,,,,,,,,,audio/consonants/gw/gw_word_010.mp3,https://app.speakalongcuhk.com/assets/voices/gw/2-10.mp3,https://app.speakalongcuhk.com/assets/voices/gw/2-10.mp3,https://app.speakalongcuhk.com/tc/scontent/gw/word,sound:gw:word:10,2-10.mp3,mp3,.mp3,1.567347,44100,2,38512,feaebc0ace279dbebbc9ab49de521fe8dd04db273f593e3dc3b317cb197813ed,1,yue-Hant,word,,,,The site supplies no machine-readable lexical/Jyutping/tone text for this item; fields remain empty rather than inferred.
SA-00128,輔音,輔音,gw,gw,,,,,,,,,,,audio/consonants/gw/gw_sentence_001.mp3,https://app.speakalongcuhk.com/assets/voices/gw/4-1.mp3,https://app.speakalongcuhk.com/assets/voices/gw/4-1.mp3,https://app.speakalongcuhk.com/tc/scontent/gw/sentence,sound:gw:sentence:1,4-1.mp3,mp3,.mp3,2.35102,44100,2,57088,1a4e64a6a70de77515daede54f6f876a2f5f46aed0a1ab623baf4ec28f2bb772,1,yue-Hant,sentence,,,,The site supplies no machine-readable lexical/Jyutping/tone text for this item; fields remain empty rather than inferred.
SA-00129,輔音,輔音,gw,gw,,,,,,,,,,,audio/consonants/gw/gw_sentence_002.mp3,https://app.speakalongcuhk.com/assets/voices/gw/4-2.mp3,https://app.speakalongcuhk.com/assets/voices/gw/4-2.mp3,https://app.speakalongcuhk.com/tc/scontent/gw/sentence,sound:gw:sentence:2,4-2.mp3,mp3,.mp3,1.959184,44100,2,50202,126c92ccd0fb82d956dd029b76c2781ef66bbc56e2e0c2c73cbe9da062d3e916,1,yue-Hant,sentence,,,,The site supplies no machine-readable lexical/Jyutping/tone text for this item; fields remain empty rather than inferred.
SA-00130,輔音,輔音,gw,gw,,,,,,,,,,,audio/consonants/gw/gw_sentence_003.mp3,https://app.speakalongcuhk.com/assets/voices/gw/4-3.mp3,https://app.speakalongcuhk.com/assets/voices/gw/4-3.mp3,https://app.speakalongcuhk.com/tc/scontent/gw/sentence,sound:gw:sentence:3,4-3.mp3,mp3,.mp3,2.533878,44100,2,63561,4cbd408321bb2c5a8bb52d1437cbd6f1f128c5e61361c2a52fccba2daf088fcd,1,yue-Hant,sentence,,,,The site supplies no machine-readable lexical/Jyutping/tone text for this item; fields remain empty rather than inferred.
SA-00131,輔音,輔音,gw,gw,,,,,,,,,,,audio/consonants/gw/gw_sentence_004.mp3,https://app.speakalongcuhk.com/assets/voices/gw/4-4.mp3,https://app.speakalongcuhk.com/assets/voices/gw/4-4.mp3,https://app.speakalongcuhk.com/tc/scontent/gw/sentence,sound:gw:sentence:4,4-4.mp3,mp3,.mp3,2.795102,44100,2,71595,a723a7da736b19c1e9365f1f96974f0f70bcefdd0f0adac8c716c9206a3b70b2,1,yue-Hant,sentence,,,,The site supplies no machine-readable lexical/Jyutping/tone text for this item; fields remain empty rather than inferred.
SA-00132,輔音,輔音,gw,gw,,,,,,,,,,,audio/consonants/gw/gw_sentence_005.mp3,https://app.speakalongcuhk.com/assets/voices/gw/4-5.mp3,https://app.speakalongcuhk.com/assets/voices/gw/4-5.mp3,https://app.speakalongcuhk.com/tc/scontent/gw/sentence,sound:gw:sentence:5,4-5.mp3,mp3,.mp3,2.742857,44100,2,67840,b5341d7b52b845c63a50a88a7c8ad3275eb4dd2eb39e86788462ece8841987d0,1,yue-Hant,sentence,,,,The site supplies no machine-readable lexical/Jyutping/tone text for this item; fields remain empty rather than inferred.
SA-00133,輔音,輔音,gw,gw,,,,,,,,,,,audio/consonants/gw/gw_sentence_006.mp3,https://app.speakalongcuhk.com/assets/voices/gw/4-6.mp3,https://app.speakalongcuhk.com/assets/voices/gw/4-6.mp3,https://app.speakalongcuhk.com/tc/scontent/gw/sentence,sound:gw:sentence:6,4-6.mp3,mp3,.mp3,3.813878,44100,2,100249,8244b15151342bcba7035681d1ebee1cb3ab6451d725d1aca1fefe3ea225901d,1,yue-Hant,sentence,,,,The site supplies no machine-readable lexical/Jyutping/tone text for this item; fields remain empty rather than inferred.
SA-00134,輔音,輔音,gw,gw,,,,,,,,,,,audio/consonants/gw/gw_sentence_007.mp3,https://app.speakalongcuhk.com/assets/voices/gw/4-7.mp3,https://app.speakalongcuhk.com/assets/voices/gw/4-7.mp3,https://app.speakalongcuhk.com/tc/scontent/gw/sentence,sound:gw:sentence:7,4-7.mp3,mp3,.mp3,3.186939,44100,2,85065,e24bf577af5edb4b3d4abfac7219d168b0d13b810c87b54f55a0c5e400bdec5b,1,yue-Hant,sentence,,,,The site supplies no machine-readable lexical/Jyutping/tone text for this item; fields remain empty rather than inferred.
SA-00135,輔音,輔音,gw,gw,,,,,,,,,,,audio/consonants/gw/gw_sentence_008.mp3,https://app.speakalongcuhk.com/assets/voices/gw/4-8.mp3,https://app.speakalongcuhk.com/assets/voices/gw/4-8.mp3,https://app.speakalongcuhk.com/tc/scontent/gw/sentence,sound:gw:sentence:8,4-8.mp3,mp3,.mp3,2.690612,44100,2,69278,13f59261c2a130c34749c13dbcd5191767ede5466571a3c34ca67ed57b648d42,1,yue-Hant,sentence,,,,The site supplies no machine-readable lexical/Jyutping/tone text for this item; fields remain empty rather than inferred.
SA-00136,輔音,輔音,gw,gw,,,,,,,,,,,audio/consonants/gw/gw_sentence_009.mp3,https://app.speakalongcuhk.com/assets/voices/gw/4-9.mp3,https://app.speakalongcuhk.com/assets/voices/gw/4-9.mp3,https://app.speakalongcuhk.com/tc/scontent/gw/sentence,sound:gw:sentence:9,4-9.mp3,mp3,.mp3,3.578776,44100,2,89001,75cf5317343caa91a6297a9ec9b65d49fa3ff876aaa2974c3059521c8354c407,1,yue-Hant,sentence,,,,The site supplies no machine-readable lexical/Jyutping/tone text for this item; fields remain empty rather than inferred.
SA-00137,輔音,輔音,gw,gw,,,,,,,,,,,audio/consonants/gw/gw_sentence_010.mp3,https://app.speakalongcuhk.com/assets/voices/gw/4-10.mp3,https://app.speakalongcuhk.com/assets/voices/gw/4-10.mp3,https://app.speakalongcuhk.com/tc/scontent/gw/sentence,sound:gw:sentence:10,4-10.mp3,mp3,.mp3,3.94449,44100,2,97790,49a784f414897ca2f1fb6fa0de490e5ec09ce51efd0155eb9fd0ff24e500eacb,1,yue-Hant,sentence,,,,The site supplies no machine-readable lexical/Jyutping/tone text for this item; fields remain empty rather than inferred.
SA-00138,輔音,輔音,gw,gw,,,,,,,,,,,audio/consonants/gw/gw_story_001.mp3,https://app.speakalongcuhk.com/assets/voices/gw/5-1.mp3,https://app.speakalongcuhk.com/assets/voices/gw/5-1.mp3,https://app.speakalongcuhk.com/tc/scontent/gw/story,sound:gw:story:1,5-1.mp3,mp3,.mp3,4.91102,44100,2,127231,37e5d0378991023e512d1c9807aafe5d308210a5018686663a12743a36d2e605,1,yue-Hant,story,,,,The site supplies no machine-readable lexical/Jyutping/tone text for this item; fields remain empty rather than inferred.
SA-00139,輔音,輔音,gw,gw,,,,,,,,,,,audio/consonants/gw/gw_story_002.mp3,https://app.speakalongcuhk.com/assets/voices/gw/5-2.mp3,https://app.speakalongcuhk.com/assets/voices/gw/5-2.mp3,https://app.speakalongcuhk.com/tc/scontent/gw/story,sound:gw:story:2,5-2.mp3,mp3,.mp3,6.347755,44100,2,166893,dc7e8bb4cec0752e3c7d15e76b0d487fa26b15df325a7e3063f2e24fb7a0e7e4,1,yue-Hant,story,,,,The site supplies no machine-readable lexical/Jyutping/tone text for this item; fields remain empty rather than inferred.
SA-00140,輔音,輔音,gw,gw,,,,,,,,,,,audio/consonants/gw/gw_story_003.mp3,https://app.speakalongcuhk.com/assets/voices/gw/5-3.mp3,https://app.speakalongcuhk.com/assets/voices/gw/5-3.mp3,https://app.speakalongcuhk.com/tc/scontent/gw/story,sound:gw:story:3,5-3.mp3,mp3,.mp3,4.806531,44100,2,125774,7feca39afa2669da9eeaff0985a68794f0af9cc1a715bdffeb11a864f3c82eb2,1,yue-Hant,story,,,,The site supplies no machine-readable lexical/Jyutping/tone text for this item; fields remain empty rather than inferred.
SA-00141,輔音,輔音,gw,gw,,,,,,,,,,,audio/consonants/gw/gw_story_004.mp3,https://app.speakalongcuhk.com/assets/voices/gw/5-4.mp3,https://app.speakalongcuhk.com/assets/voices/gw/5-4.mp3,https://app.speakalongcuhk.com/tc/scontent/gw/story,sound:gw:story:4,5-4.mp3,mp3,.mp3,7.340408,44100,2,184421,4c8850947d8276f866d31db5f009b279cedfde6b217e19e500ce41dec2bd2235,1,yue-Hant,story,,,,The site supplies no machine-readable lexical/Jyutping/tone text for this item; fields remain empty rather than inferred.
SA-00142,輔音,輔音,gw,gw,,,,,,,,,,,audio/consonants/gw/gw_story_005.mp3,https://app.speakalongcuhk.com/assets/voices/gw/5-5.mp3,https://app.speakalongcuhk.com/assets/voices/gw/5-5.mp3,https://app.speakalongcuhk.com/tc/scontent/gw/story,sound:gw:story:5,5-5.mp3,mp3,.mp3,5.12,44100,2,128376,a3c1a9553d8c970f4d78fad169718f8c36617cd3d73b232e2392706771e2ee27,1,yue-Hant,story,,,,The site supplies no machine-readable lexical/Jyutping/tone text for this item; fields remain empty rather than inferred.
SA-00143,輔音,輔音,p,p,,,,,,怕,,,,,audio/consonants/p/p_001.mp3,https://app.speakalongcuhk.com/assets/voices/p/1-1.mp3,https://app.speakalongcuhk.com/assets/voices/p/1-1.mp3,https://app.speakalongcuhk.com/tc/scontent/p/single,sound:p:single:1,1-1.mp3,mp3,.mp3,1.850437,44100,2,35956,5e8d6833365b9fc6d6b20ce678927607d18fd05a9b3d90e1b3dc4c8c8b7c1795,1,yue-Hant,single,,,,Lexical label is human-curated from source artwork/category; it is not textual metadata supplied by the site.
SA-00144,輔音,輔音,p,p,,,,,,趴,,,,,audio/consonants/p/p_002.mp3,https://app.speakalongcuhk.com/assets/voices/p/1-2.mp3,https://app.speakalongcuhk.com/assets/voices/p/1-2.mp3,https://app.speakalongcuhk.com/tc/scontent/p/single,sound:p:single:2,1-2.mp3,mp3,.mp3,1.746188,44100,2,38603,e93e6e3252e6e3839070b884c563678281e63a900121b5f00bf040177d3aacd6,1,yue-Hant,single,,,,Lexical label is human-curated from source artwork/category; it is not textual metadata supplied by the site.
SA-00145,輔音,輔音,p,p,,,,,,抱,,,,,audio/consonants/p/p_003.mp3,https://app.speakalongcuhk.com/assets/voices/p/1-3.mp3,https://app.speakalongcuhk.com/assets/voices/p/1-3.mp3,https://app.speakalongcuhk.com/tc/scontent/p/single,sound:p:single:3,1-3.mp3,mp3,.mp3,1.720125,44100,2,38436,e3b7e9170c9ada79f40da9b3ac1ab9b0d2b7b290137a05c2ed204942a571135e,1,yue-Hant,single,,,,Lexical label is human-curated from source artwork/category; it is not textual metadata supplied by the site.
SA-00146,輔音,輔音,p,p,,,,,,被,,,,,audio/consonants/p/p_004.mp3,https://app.speakalongcuhk.com/assets/voices/p/1-4.mp3,https://app.speakalongcuhk.com/assets/voices/p/1-4.mp3,https://app.speakalongcuhk.com/tc/scontent/p/single,sound:p:single:4,1-4.mp3,mp3,.mp3,1.8765,44100,2,41187,12438d35210a3fec8018f49862b07a1fb732955f07defd001fb8fbf8f349357b,1,yue-Hant,single,,,,Lexical label is human-curated from source artwork/category; it is not textual metadata supplied by the site.
SA-00147,輔音,輔音,p,p,,,,,,爬,,,,,audio/consonants/p/p_005.mp3,https://app.speakalongcuhk.com/assets/voices/p/1-5.mp3,https://app.speakalongcuhk.com/assets/voices/p/1-5.mp3,https://app.speakalongcuhk.com/tc/scontent/p/single,sound:p:single:5,1-5.mp3,mp3,.mp3,1.798312,44100,2,40185,bca1bc29f85929048a9a9b6218206687cdfbcbb0d9e60897e709e0e550b51b15,1,yue-Hant,single,,,,Lexical label is human-curated from source artwork/category; it is not textual metadata supplied by the site.
SA-00148,輔音,輔音,p,p,,,,,,跑,,,,,audio/consonants/p/p_006.mp3,https://app.speakalongcuhk.com/assets/voices/p/1-6.mp3,https://app.speakalongcuhk.com/assets/voices/p/1-6.mp3,https://app.speakalongcuhk.com/tc/scontent/p/single,sound:p:single:6,1-6.mp3,mp3,.mp3,1.8765,44100,2,41685,01920983a674afad77180f9c4a15fa962e68679f72a0c4051607fed1128bb98a,1,yue-Hant,single,,,,Lexical label is human-curated from source artwork/category; it is not textual metadata supplied by the site.
SA-00149,輔音,輔音,p,p,,,,,,豹,,,,,audio/consonants/p/p_007.mp3,https://app.speakalongcuhk.com/assets/voices/p/1-7.mp3,https://app.speakalongcuhk.com/assets/voices/p/1-7.mp3,https://app.speakalongcuhk.com/tc/scontent/p/single,sound:p:single:7,1-7.mp3,mp3,.mp3,2.241375,44100,2,47772,49d67fcd31b20d8a56fd0bc6b059446bbdd3c7f89375173d183c34890ff0eb53,1,yue-Hant,single,,,,Lexical label is human-curated from source artwork/category; it is not textual metadata supplied by the site.
SA-00150,輔音,輔音,p,p,,,,,,派,,,,,audio/consonants/p/p_008.mp3,https://app.speakalongcuhk.com/assets/voices/p/1-8.mp3,https://app.speakalongcuhk.com/assets/voices/p/1-8.mp3,https://app.speakalongcuhk.com/tc/scontent/p/single,sound:p:single:8,1-8.mp3,mp3,.mp3,1.668,44100,2,32767,1c11cf6b5ffa56f5c18ec56cdd5987f3e6cc1c676419625a7e73230f49f00e09,1,yue-Hant,single,,,,Lexical label is human-curated from source artwork/category; it is not textual metadata supplied by the site.
SA-00151,輔音,輔音,p,p,,,,,,盆,,,,,audio/consonants/p/p_009.mp3,https://app.speakalongcuhk.com/assets/voices/p/1-9.mp3,https://app.speakalongcuhk.com/assets/voices/p/1-9.mp3,https://app.speakalongcuhk.com/tc/scontent/p/single,sound:p:single:9,1-9.mp3,mp3,.mp3,1.928625,44100,2,43516,73d28866b14898449385e7e12039e36cab5d8ed6ca872f2fb688f8aa7637db09,1,yue-Hant,single,,,,Lexical label is human-curated from source artwork/category; it is not textual metadata supplied by the site.
SA-00152,輔音,輔音,p,p,,,,,,拋,,,,,audio/consonants/p/p_010.mp3,https://app.speakalongcuhk.com/assets/voices/p/1-10.mp3,https://app.speakalongcuhk.com/assets/voices/p/1-10.mp3,https://app.speakalongcuhk.com/tc/scontent/p/single,sound:p:single:10,1-10.mp3,mp3,.mp3,1.850437,44100,2,36724,40ce36b41651c7bf4eeedfaf302ff082990b8306cafaeaa5a5e705a3bc3d0005,1,yue-Hant,single,,,,Lexical label is human-curated from source artwork/category; it is not textual metadata supplied by the site.
SA-00153,輔音,輔音,p,p,,,,,,,,,,,audio/consonants/p/p_word_001.mp3,https://app.speakalongcuhk.com/assets/voices/p/2-1.mp3,https://app.speakalongcuhk.com/assets/voices/p/2-1.mp3,https://app.speakalongcuhk.com/tc/scontent/p/word,sound:p:word:1,2-1.mp3,mp3,.mp3,2.241375,44100,2,45589,b2cde074102d09bcdbf68c62ea18fd2c32c679ab6c68bf656d05bb559b555dde,1,yue-Hant,word,,,,The site supplies no machine-readable lexical/Jyutping/tone text for this item; fields remain empty rather than inferred.
SA-00154,輔音,輔音,p,p,,,,,,,,,,,audio/consonants/p/p_word_002.mp3,https://app.speakalongcuhk.com/assets/voices/p/2-2.mp3,https://app.speakalongcuhk.com/assets/voices/p/2-2.mp3,https://app.speakalongcuhk.com/tc/scontent/p/word,sound:p:word:2,2-2.mp3,mp3,.mp3,2.60625,44100,2,55355,af591d3cf920362c7895fdef02db647750a456c8b1cfb4784d387273c28d6407,1,yue-Hant,word,,,,The site supplies no machine-readable lexical/Jyutping/tone text for this item; fields remain empty rather than inferred.
SA-00155,輔音,輔音,p,p,,,,,,,,,,,audio/consonants/p/p_word_003.mp3,https://app.speakalongcuhk.com/assets/voices/p/2-3.mp3,https://app.speakalongcuhk.com/assets/voices/p/2-3.mp3,https://app.speakalongcuhk.com/tc/scontent/p/word,sound:p:word:3,2-3.mp3,mp3,.mp3,2.345625,44100,2,51434,53b5b5a28b82585f8f7a354eccf79d653c61573bc256341ac2ef0b071bce1174,1,yue-Hant,word,,,,The site supplies no machine-readable lexical/Jyutping/tone text for this item; fields remain empty rather than inferred.
SA-00156,輔音,輔音,p,p,,,,,,,,,,,audio/consonants/p/p_word_004.mp3,https://app.speakalongcuhk.com/assets/voices/p/2-4.mp3,https://app.speakalongcuhk.com/assets/voices/p/2-4.mp3,https://app.speakalongcuhk.com/tc/scontent/p/word,sound:p:word:4,2-4.mp3,mp3,.mp3,2.423812,44100,2,52934,ac481e11af0c4a0599e5279c9f9e63c54134f0b33bad42d2647bd9c6d038b3de,1,yue-Hant,word,,,,The site supplies no machine-readable lexical/Jyutping/tone text for this item; fields remain empty rather than inferred.
SA-00157,輔音,輔音,p,p,,,,,,,,,,,audio/consonants/p/p_word_005.mp3,https://app.speakalongcuhk.com/assets/voices/p/2-5.mp3,https://app.speakalongcuhk.com/assets/voices/p/2-5.mp3,https://app.speakalongcuhk.com/tc/scontent/p/word,sound:p:word:5,2-5.mp3,mp3,.mp3,2.241375,44100,2,50263,9fe22c9667b6f82f8acf5da6e0c362f08d6026b69db4641104c28e686d799805,1,yue-Hant,word,,,,The site supplies no machine-readable lexical/Jyutping/tone text for this item; fields remain empty rather than inferred.
SA-00158,輔音,輔音,p,p,,,,,,,,,,,audio/consonants/p/p_word_006.mp3,https://app.speakalongcuhk.com/assets/voices/p/2-6.mp3,https://app.speakalongcuhk.com/assets/voices/p/2-6.mp3,https://app.speakalongcuhk.com/tc/scontent/p/word,sound:p:word:6,2-6.mp3,mp3,.mp3,2.39775,44100,2,53015,b9ca304fedc62c25cc54f9411e7d1ff227d8c27eef7ee6b458159aa63c300e40,1,yue-Hant,word,,,,The site supplies no machine-readable lexical/Jyutping/tone text for this item; fields remain empty rather than inferred.
SA-00159,輔音,輔音,p,p,,,,,,,,,,,audio/consonants/p/p_word_007.mp3,https://app.speakalongcuhk.com/assets/voices/p/2-7.mp3,https://app.speakalongcuhk.com/assets/voices/p/2-7.mp3,https://app.speakalongcuhk.com/tc/scontent/p/word,sound:p:word:7,2-7.mp3,mp3,.mp3,2.475938,44100,2,54515,196f45ac4d4d859eb1320ce6d436b19dd5893284abdfacd5e2b7a781a73f8394,1,yue-Hant,word,,,,The site supplies no machine-readable lexical/Jyutping/tone text for this item; fields remain empty rather than inferred.
SA-00160,輔音,輔音,p,p,,,,,,,,,,,audio/consonants/p/p_word_008.mp3,https://app.speakalongcuhk.com/assets/voices/p/2-8.mp3,https://app.speakalongcuhk.com/assets/voices/p/2-8.mp3,https://app.speakalongcuhk.com/tc/scontent/p/word,sound:p:word:8,2-8.mp3,mp3,.mp3,2.788687,44100,2,59764,a653311cc8aeae26612e4cfcff26290b14c8c08ac51706d620fced0c6c3c296d,1,yue-Hant,word,,,,The site supplies no machine-readable lexical/Jyutping/tone text for this item; fields remain empty rather than inferred.
SA-00161,輔音,輔音,p,p,,,,,,,,,,,audio/consonants/p/p_word_009.mp3,https://app.speakalongcuhk.com/assets/voices/p/2-9.mp3,https://app.speakalongcuhk.com/assets/voices/p/2-9.mp3,https://app.speakalongcuhk.com/tc/scontent/p/word,sound:p:word:9,2-9.mp3,mp3,.mp3,2.423812,44100,2,49024,2604746d6f0a1fa0d7fab30b8a367576d75e6e8e5baabc08bc2d8e32f8be4d63,1,yue-Hant,word,,,,The site supplies no machine-readable lexical/Jyutping/tone text for this item; fields remain empty rather than inferred.
SA-00162,輔音,輔音,p,p,,,,,,,,,,,audio/consonants/p/p_word_010.mp3,https://app.speakalongcuhk.com/assets/voices/p/2-10.mp3,https://app.speakalongcuhk.com/assets/voices/p/2-10.mp3,https://app.speakalongcuhk.com/tc/scontent/p/word,sound:p:word:10,2-10.mp3,mp3,.mp3,2.684438,44100,2,58595,39a11729510c54df24b91b77cdb55eae8369854a5421717b576aec26feb91f6f,1,yue-Hant,word,,,,The site supplies no machine-readable lexical/Jyutping/tone text for this item; fields remain empty rather than inferred.
SA-00163,輔音,輔音,p,p,,,,,,,,,,,audio/consonants/p/p_sentence_001.mp3,https://app.speakalongcuhk.com/assets/voices/p/4-1.mp3,https://app.speakalongcuhk.com/assets/voices/p/4-1.mp3,https://app.speakalongcuhk.com/tc/scontent/p/sentence,sound:p:sentence:1,4-1.mp3,mp3,.mp3,2.272653,44100,2,59802,f6b3fbc85e52d7fb4ba29645660ec864d0c9e87dde3d2e3fc14025896154c66d,1,yue-Hant,sentence,,,,The site supplies no machine-readable lexical/Jyutping/tone text for this item; fields remain empty rather than inferred.
SA-00164,輔音,輔音,p,p,,,,,,,,,,,audio/consonants/p/p_sentence_002.mp3,https://app.speakalongcuhk.com/assets/voices/p/4-2.mp3,https://app.speakalongcuhk.com/assets/voices/p/4-2.mp3,https://app.speakalongcuhk.com/tc/scontent/p/sentence,sound:p:sentence:2,4-2.mp3,mp3,.mp3,3.9615,44100,2,82262,a39e1f55d8d0a4565dc9a6decd4b4e67a7ad9525411cbf430e9fe44e9197df08,1,yue-Hant,sentence,,,,The site supplies no machine-readable lexical/Jyutping/tone text for this item; fields remain empty rather than inferred.
SA-00165,輔音,輔音,p,p,,,,,,,,,,,audio/consonants/p/p_sentence_003.mp3,https://app.speakalongcuhk.com/assets/voices/p/4-3.mp3,https://app.speakalongcuhk.com/assets/voices/p/4-3.mp3,https://app.speakalongcuhk.com/tc/scontent/p/sentence,sound:p:sentence:3,4-3.mp3,mp3,.mp3,4.196063,44100,2,86264,4d43b0aff35be32250663d80424589bab366765981e143ad79fa432a26b95313,1,yue-Hant,sentence,,,,The site supplies no machine-readable lexical/Jyutping/tone text for this item; fields remain empty rather than inferred.
SA-00166,輔音,輔音,p,p,,,,,,,,,,,audio/consonants/p/p_sentence_004.mp3,https://app.speakalongcuhk.com/assets/voices/p/4-4.mp3,https://app.speakalongcuhk.com/assets/voices/p/4-4.mp3,https://app.speakalongcuhk.com/tc/scontent/p/sentence,sound:p:sentence:4,4-4.mp3,mp3,.mp3,4.362449,44100,2,113450,fe4b7ea94a3d09da17be0fad157020848dda354079f13bf4c9eb833f6ac5a098,1,yue-Hant,sentence,,,,The site supplies no machine-readable lexical/Jyutping/tone text for this item; fields remain empty rather than inferred.
SA-00167,輔音,輔音,p,p,,,,,,,,,,,audio/consonants/p/p_sentence_005.mp3,https://app.speakalongcuhk.com/assets/voices/p/4-5.mp3,https://app.speakalongcuhk.com/assets/voices/p/4-5.mp3,https://app.speakalongcuhk.com/tc/scontent/p/sentence,sound:p:sentence:5,4-5.mp3,mp3,.mp3,4.300313,44100,2,88430,1345d416b9b4d14bb95e3cc98850bb45782a18564a22d51c6403fbdf6886c7a3,1,yue-Hant,sentence,,,,The site supplies no machine-readable lexical/Jyutping/tone text for this item; fields remain empty rather than inferred.
SA-00168,輔音,輔音,p,p,,,,,,,,,,,audio/consonants/p/p_sentence_006.mp3,https://app.speakalongcuhk.com/assets/voices/p/4-6.mp3,https://app.speakalongcuhk.com/assets/voices/p/4-6.mp3,https://app.speakalongcuhk.com/tc/scontent/p/sentence,sound:p:sentence:6,4-6.mp3,mp3,.mp3,3.160816,44100,2,82249,76c1902e32a9dc0de702d6557bfb0d76fcc643c186f003c333f5609fd7b705b9,1,yue-Hant,sentence,,,,The site supplies no machine-readable lexical/Jyutping/tone text for this item; fields remain empty rather than inferred.
SA-00169,輔音,輔音,p,p,,,,,,,,,,,audio/consonants/p/p_sentence_007.mp3,https://app.speakalongcuhk.com/assets/voices/p/4-7.mp3,https://app.speakalongcuhk.com/assets/voices/p/4-7.mp3,https://app.speakalongcuhk.com/tc/scontent/p/sentence,sound:p:sentence:7,4-7.mp3,mp3,.mp3,4.89975,44100,2,98770,a03e3416d61ee7f333f40d6037bd25cdfe02f0b8eb4b111c2bf0b3a26e2ed532,1,yue-Hant,sentence,,,,The site supplies no machine-readable lexical/Jyutping/tone text for this item; fields remain empty rather than inferred.
SA-00170,輔音,輔音,p,p,,,,,,,,,,,audio/consonants/p/p_sentence_008.mp3,https://app.speakalongcuhk.com/assets/voices/p/4-8.mp3,https://app.speakalongcuhk.com/assets/voices/p/4-8.mp3,https://app.speakalongcuhk.com/tc/scontent/p/sentence,sound:p:sentence:8,4-8.mp3,mp3,.mp3,3.63102,44100,2,92993,6807b5bc2b6e2d6c736d5b760e65a3b586232d6b5911f16da857666ac8be457a,1,yue-Hant,sentence,,,,The site supplies no machine-readable lexical/Jyutping/tone text for this item; fields remain empty rather than inferred.
SA-00171,輔音,輔音,p,p,,,,,,,,,,,audio/consonants/p/p_sentence_009.mp3,https://app.speakalongcuhk.com/assets/voices/p/4-9.mp3,https://app.speakalongcuhk.com/assets/voices/p/4-9.mp3,https://app.speakalongcuhk.com/tc/scontent/p/sentence,sound:p:sentence:9,4-9.mp3,mp3,.mp3,7.81875,44100,2,145971,41b3c2e7f204896e06c374d0430f95e0e313cbdbb19ff6244a505deb5fe5fd84,1,yue-Hant,sentence,,,,The site supplies no machine-readable lexical/Jyutping/tone text for this item; fields remain empty rather than inferred.
SA-00172,輔音,輔音,p,p,,,,,,,,,,,audio/consonants/p/p_sentence_010.mp3,https://app.speakalongcuhk.com/assets/voices/p/4-10.mp3,https://app.speakalongcuhk.com/assets/voices/p/4-10.mp3,https://app.speakalongcuhk.com/tc/scontent/p/sentence,sound:p:sentence:10,4-10.mp3,mp3,.mp3,4.754286,44100,2,119188,293a133f0dc25793f9ef4eaedf69bddba39631d49ffe7df067552856913321cb,1,yue-Hant,sentence,,,,The site supplies no machine-readable lexical/Jyutping/tone text for this item; fields remain empty rather than inferred.
SA-00173,輔音,輔音,p,p,,,,,,,,,,,audio/consonants/p/p_story_001.mp3,https://app.speakalongcuhk.com/assets/voices/p/5-1.mp3,https://app.speakalongcuhk.com/assets/voices/p/5-1.mp3,https://app.speakalongcuhk.com/tc/scontent/p/story,sound:p:story:1,5-1.mp3,mp3,.mp3,2.220408,44100,2,58655,e27d1cd770aa01042f601aba163e06e3b5aee634a95be73324692481e69ac124,1,yue-Hant,story,,,,The site supplies no machine-readable lexical/Jyutping/tone text for this item; fields remain empty rather than inferred.
SA-00174,輔音,輔音,p,p,,,,,,,,,,,audio/consonants/p/p_story_002.mp3,https://app.speakalongcuhk.com/assets/voices/p/5-2.mp3,https://app.speakalongcuhk.com/assets/voices/p/5-2.mp3,https://app.speakalongcuhk.com/tc/scontent/p/story,sound:p:story:2,5-2.mp3,mp3,.mp3,4.153469,44100,2,106822,fbc41a79af26df83e34ca09fe9f9f585c41405b778ddecacb5837aeebac88a3b,1,yue-Hant,story,,,,The site supplies no machine-readable lexical/Jyutping/tone text for this item; fields remain empty rather than inferred.
SA-00175,輔音,輔音,p,p,,,,,,,,,,,audio/consonants/p/p_story_003.mp3,https://app.speakalongcuhk.com/assets/voices/p/5-3.mp3,https://app.speakalongcuhk.com/assets/voices/p/5-3.mp3,https://app.speakalongcuhk.com/tc/scontent/p/story,sound:p:story:3,5-3.mp3,mp3,.mp3,3.343673,44100,2,80777,3508068e057187c3d8ee862da6a38c391397a6d1de3569a7a0fdb4851fbe40c8,1,yue-Hant,story,,,,The site supplies no machine-readable lexical/Jyutping/tone text for this item; fields remain empty rather than inferred.
SA-00176,輔音,輔音,p,p,,,,,,,,,,,audio/consonants/p/p_story_004.mp3,https://app.speakalongcuhk.com/assets/voices/p/5-4.mp3,https://app.speakalongcuhk.com/assets/voices/p/5-4.mp3,https://app.speakalongcuhk.com/tc/scontent/p/story,sound:p:story:4,5-4.mp3,mp3,.mp3,2.037551,44100,2,57825,0bbe1e645ffc8b2d7cad3d9c9f52217dfc2c7aa40fc31ae5eb2ea42dcc3e93ac,1,yue-Hant,story,,,,The site supplies no machine-readable lexical/Jyutping/tone text for this item; fields remain empty rather than inferred.
SA-00177,輔音,輔音,p,p,,,,,,,,,,,audio/consonants/p/p_story_005.mp3,https://app.speakalongcuhk.com/assets/voices/p/5-5.mp3,https://app.speakalongcuhk.com/assets/voices/p/5-5.mp3,https://app.speakalongcuhk.com/tc/scontent/p/story,sound:p:story:5,5-5.mp3,mp3,.mp3,4.075102,44100,2,109460,c96c23e9ef0350170b33d64f1cbd9bc834e1ffb045ff40ca19d5ec8a31a3fa74,1,yue-Hant,story,,,,The site supplies no machine-readable lexical/Jyutping/tone text for this item; fields remain empty rather than inferred.
SA-00178,輔音,輔音,t,t,,,,,,呔,,,,,audio/consonants/t/t_001.mp3,https://app.speakalongcuhk.com/assets/voices/t/1-1.mp3,https://app.speakalongcuhk.com/assets/voices/t/1-1.mp3,https://app.speakalongcuhk.com/tc/scontent/t/single,sound:t:single:1,1-1.mp3,mp3,.mp3,1.07102,44100,2,25204,f929fb250c11d610881b829f517e997c2d0ba7b59e8b9e5ce9557d6ff3a5e3b1,1,yue-Hant,single,,,,Lexical label is human-curated from source artwork/category; it is not textual metadata supplied by the site.
SA-00179,輔音,輔音,t,t,,,,,,梯,,,,,audio/consonants/t/t_002.mp3,https://app.speakalongcuhk.com/assets/voices/t/1-2.mp3,https://app.speakalongcuhk.com/assets/voices/t/1-2.mp3,https://app.speakalongcuhk.com/tc/scontent/t/single,sound:t:single:2,1-2.mp3,mp3,.mp3,1.07102,44100,2,26665,3656a7827f4c32359c8e7f459456fd992171c4b6f766607b384282cdacd4792e,1,yue-Hant,single,,,,Lexical label is human-curated from source artwork/category; it is not textual metadata supplied by the site.
SA-00180,輔音,輔音,t,t,,,,,,跳,,,,,audio/consonants/t/t_003.mp3,https://app.speakalongcuhk.com/assets/voices/t/1-3.mp3,https://app.speakalongcuhk.com/assets/voices/t/1-3.mp3,https://app.speakalongcuhk.com/tc/scontent/t/single,sound:t:single:3,1-3.mp3,mp3,.mp3,1.097143,44100,2,23165,54910972bc540152073be8e384184e51cfcb0c88e1327b9aa49ba5c2b414c3be,1,yue-Hant,single,,,,Lexical label is human-curated from source artwork/category; it is not textual metadata supplied by the site.
SA-00181,輔音,輔音,t,t,,,,,,枱,,,,,audio/consonants/t/t_004.mp3,https://app.speakalongcuhk.com/assets/voices/t/1-4.mp3,https://app.speakalongcuhk.com/assets/voices/t/1-4.mp3,https://app.speakalongcuhk.com/tc/scontent/t/single,sound:t:single:4,1-4.mp3,mp3,.mp3,1.097143,44100,2,23742,e206acaa2debe35114a4cec157389abccf286fcda64e179682a4a69979f57bef,1,yue-Hant,single,,,,Lexical label is human-curated from source artwork/category; it is not textual metadata supplied by the site.
SA-00182,輔音,輔音,t,t,,,,,,兔,,,,,audio/consonants/t/t_005.mp3,https://app.speakalongcuhk.com/assets/voices/t/1-5.mp3,https://app.speakalongcuhk.com/assets/voices/t/1-5.mp3,https://app.speakalongcuhk.com/tc/scontent/t/single,sound:t:single:5,1-5.mp3,mp3,.mp3,1.097143,44100,2,26091,7145565fd4609e293f48ac2f49f4d1f2e54292efa4ee0228048779b0da3b1b6d,1,yue-Hant,single,,,,Lexical label is human-curated from source artwork/category; it is not textual metadata supplied by the site.
SA-00183,輔音,輔音,t,t,,,,,,推,,,,,audio/consonants/t/t_006.mp3,https://app.speakalongcuhk.com/assets/voices/t/1-6.mp3,https://app.speakalongcuhk.com/assets/voices/t/1-6.mp3,https://app.speakalongcuhk.com/tc/scontent/t/single,sound:t:single:6,1-6.mp3,mp3,.mp3,1.07102,44100,2,23062,ca839f2c23faa28d990703d82c87dcf74131aa24578712c62477b1c46c31e723,1,yue-Hant,single,,,,Lexical label is human-curated from source artwork/category; it is not textual metadata supplied by the site.
SA-00184,輔音,輔音,t,t,,,,,,踢,,,,,audio/consonants/t/t_007.mp3,https://app.speakalongcuhk.com/assets/voices/t/1-7.mp3,https://app.speakalongcuhk.com/assets/voices/t/1-7.mp3,https://app.speakalongcuhk.com/tc/scontent/t/single,sound:t:single:7,1-7.mp3,mp3,.mp3,1.123265,44100,2,27553,b3d9cd8e76e2efbc944aba82808549aef9150aa9c69bdcce88c1ccfa4a087c7c,1,yue-Hant,single,,,,Lexical label is human-curated from source artwork/category; it is not textual metadata supplied by the site.
SA-00185,輔音,輔音,t,t,,,,,,天,,,,,audio/consonants/t/t_008.mp3,https://app.speakalongcuhk.com/assets/voices/t/1-8.mp3,https://app.speakalongcuhk.com/assets/voices/t/1-8.mp3,https://app.speakalongcuhk.com/tc/scontent/t/single,sound:t:single:8,1-8.mp3,mp3,.mp3,1.07102,44100,2,25672,40d0139b954bcc72e72db3aca027d1d340d789769e3c5077db7b230ead73b7d7,1,yue-Hant,single,,,,Lexical label is human-curated from source artwork/category; it is not textual metadata supplied by the site.
SA-00186,輔音,輔音,t,t,,,,,,糖,,,,,audio/consonants/t/t_009.mp3,https://app.speakalongcuhk.com/assets/voices/t/1-9.mp3,https://app.speakalongcuhk.com/assets/voices/t/1-9.mp3,https://app.speakalongcuhk.com/tc/scontent/t/single,sound:t:single:9,1-9.mp3,mp3,.mp3,1.07102,44100,2,24736,a6650ad0fe2ff4b273de9645072b93278268493516ca2faf115f038e5590b193,1,yue-Hant,single,,,,Lexical label is human-curated from source artwork/category; it is not textual metadata supplied by the site.
SA-00187,輔音,輔音,t,t,,,,,,剔,,,,,audio/consonants/t/t_010.mp3,https://app.speakalongcuhk.com/assets/voices/t/1-10.mp3,https://app.speakalongcuhk.com/assets/voices/t/1-10.mp3,https://app.speakalongcuhk.com/tc/scontent/t/single,sound:t:single:10,1-10.mp3,mp3,.mp3,1.07102,44100,2,19617,ef9c3ba34b1c94ffd4e38bcb96c3906cc400632d8fcc43335fe380dc3c7fcb36,1,yue-Hant,single,,,,Lexical label is human-curated from source artwork/category; it is not textual metadata supplied by the site.
SA-00188,輔音,輔音,t,t,,,,,,,,,,,audio/consonants/t/t_word_001.mp3,https://app.speakalongcuhk.com/assets/voices/t/2-1.mp3,https://app.speakalongcuhk.com/assets/voices/t/2-1.mp3,https://app.speakalongcuhk.com/tc/scontent/t/word,sound:t:word:1,2-1.mp3,mp3,.mp3,1.619592,44100,2,37674,e8307d8bf8a581a6c5ff67021a9ba9677a9444a5ebc3fc01b2f4894e03baa5ad,1,yue-Hant,word,,,,The site supplies no machine-readable lexical/Jyutping/tone text for this item; fields remain empty rather than inferred.
SA-00189,輔音,輔音,t,t,,,,,,,,,,,audio/consonants/t/t_word_002.mp3,https://app.speakalongcuhk.com/assets/voices/t/2-2.mp3,https://app.speakalongcuhk.com/assets/voices/t/2-2.mp3,https://app.speakalongcuhk.com/tc/scontent/t/word,sound:t:word:2,2-2.mp3,mp3,.mp3,1.593469,44100,2,37259,b008855f4554f40703dbf7f1f83b4069ec770e3ab241825d605eb00c470a5b52,1,yue-Hant,word,,,,The site supplies no machine-readable lexical/Jyutping/tone text for this item; fields remain empty rather than inferred.
SA-00190,輔音,輔音,t,t,,,,,,,,,,,audio/consonants/t/t_word_003.mp3,https://app.speakalongcuhk.com/assets/voices/t/2-3.mp3,https://app.speakalongcuhk.com/assets/voices/t/2-3.mp3,https://app.speakalongcuhk.com/tc/scontent/t/word,sound:t:word:3,2-3.mp3,mp3,.mp3,1.306122,44100,2,28072,f8a2a814e909e6bfb5b8e4499cc6a2a2e7ca76070b28304622446c1279576b46,1,yue-Hant,word,,,,The site supplies no machine-readable lexical/Jyutping/tone text for this item; fields remain empty rather than inferred.
SA-00191,輔音,輔音,t,t,,,,,,,,,,,audio/consonants/t/t_word_004.mp3,https://app.speakalongcuhk.com/assets/voices/t/2-4.mp3,https://app.speakalongcuhk.com/assets/voices/t/2-4.mp3,https://app.speakalongcuhk.com/tc/scontent/t/word,sound:t:word:4,2-4.mp3,mp3,.mp3,1.306122,44100,2,31205,d7f51e9b10b163eb11a0ba6870b7b23bdaf2df070c4fb6a31329af640d687590,1,yue-Hant,word,,,,The site supplies no machine-readable lexical/Jyutping/tone text for this item; fields remain empty rather than inferred.
SA-00192,輔音,輔音,t,t,,,,,,,,,,,audio/consonants/t/t_word_005.mp3,https://app.speakalongcuhk.com/assets/voices/t/2-5.mp3,https://app.speakalongcuhk.com/assets/voices/t/2-5.mp3,https://app.speakalongcuhk.com/tc/scontent/t/word,sound:t:word:5,2-5.mp3,mp3,.mp3,1.462857,44100,2,38931,fda19b7028b40862a49df527f51ce08f4b47467393fbe889d067329673f6a162,1,yue-Hant,word,,,,The site supplies no machine-readable lexical/Jyutping/tone text for this item; fields remain empty rather than inferred.
SA-00193,輔音,輔音,t,t,,,,,,,,,,,audio/consonants/t/t_word_006.mp3,https://app.speakalongcuhk.com/assets/voices/t/2-6.mp3,https://app.speakalongcuhk.com/assets/voices/t/2-6.mp3,https://app.speakalongcuhk.com/tc/scontent/t/word,sound:t:word:6,2-6.mp3,mp3,.mp3,1.541224,44100,2,38721,332ccb53e0bafe2fe681c9c80653f839ee14169dbc3f8a4a3fac1d4386123a48,1,yue-Hant,word,,,,The site supplies no machine-readable lexical/Jyutping/tone text for this item; fields remain empty rather than inferred.
SA-00194,輔音,輔音,t,t,,,,,,,,,,,audio/consonants/t/t_word_007.mp3,https://app.speakalongcuhk.com/assets/voices/t/2-7.mp3,https://app.speakalongcuhk.com/assets/voices/t/2-7.mp3,https://app.speakalongcuhk.com/tc/scontent/t/word,sound:t:word:7,2-7.mp3,mp3,.mp3,1.253878,44100,2,32981,7e63f7a7c802475ff74c52224b1a7e4072ca96fde721cbc763bc15afa1baa427,1,yue-Hant,word,,,,The site supplies no machine-readable lexical/Jyutping/tone text for this item; fields remain empty rather than inferred.
SA-00195,輔音,輔音,t,t,,,,,,,,,,,audio/consonants/t/t_word_008.mp3,https://app.speakalongcuhk.com/assets/voices/t/2-8.mp3,https://app.speakalongcuhk.com/assets/voices/t/2-8.mp3,https://app.speakalongcuhk.com/tc/scontent/t/word,sound:t:word:8,2-8.mp3,mp3,.mp3,1.410612,44100,2,32980,e63aebc2bb97c3bcb8dc740b5eabcd8115a3a2a76d077eab08996296e31b1335,1,yue-Hant,word,,,,The site supplies no machine-readable lexical/Jyutping/tone text for this item; fields remain empty rather than inferred.
SA-00196,輔音,輔音,t,t,,,,,,,,,,,audio/consonants/t/t_word_009.mp3,https://app.speakalongcuhk.com/assets/voices/t/2-9.mp3,https://app.speakalongcuhk.com/assets/voices/t/2-9.mp3,https://app.speakalongcuhk.com/tc/scontent/t/word,sound:t:word:9,2-9.mp3,mp3,.mp3,1.018776,44100,2,25258,87d2101f47d97c248a21a7c3df7aae651916990c0c2d2a3f37bf9c2aa76a8cd4,1,yue-Hant,word,,,,The site supplies no machine-readable lexical/Jyutping/tone text for this item; fields remain empty rather than inferred.
SA-00197,輔音,輔音,t,t,,,,,,,,,,,audio/consonants/t/t_word_010.mp3,https://app.speakalongcuhk.com/assets/voices/t/2-10.mp3,https://app.speakalongcuhk.com/assets/voices/t/2-10.mp3,https://app.speakalongcuhk.com/tc/scontent/t/word,sound:t:word:10,2-10.mp3,mp3,.mp3,1.332245,44100,2,31100,c28588d0c1a567cfd9b522bd536ec16557a428eec9aa3fe8f68a9f0264a0233a,1,yue-Hant,word,,,,The site supplies no machine-readable lexical/Jyutping/tone text for this item; fields remain empty rather than inferred.
SA-00198,輔音,輔音,t,t,,,,,,,,,,,audio/consonants/t/t_sentence_001.mp3,https://app.speakalongcuhk.com/assets/voices/t/4-1.mp3,https://app.speakalongcuhk.com/assets/voices/t/4-1.mp3,https://app.speakalongcuhk.com/tc/scontent/t/sentence,sound:t:sentence:1,4-1.mp3,mp3,.mp3,4.231837,44100,2,103299,ec493fd06b7fa3c7248f4acd3f2fe5f9159b0a300557e34f7845d483ef7fc40d,1,yue-Hant,sentence,,,,The site supplies no machine-readable lexical/Jyutping/tone text for this item; fields remain empty rather than inferred.
SA-00199,輔音,輔音,t,t,,,,,,,,,,,audio/consonants/t/t_sentence_002.mp3,https://app.speakalongcuhk.com/assets/voices/t/4-2.mp3,https://app.speakalongcuhk.com/assets/voices/t/4-2.mp3,https://app.speakalongcuhk.com/tc/scontent/t/sentence,sound:t:sentence:2,4-2.mp3,mp3,.mp3,3.004082,44100,2,73999,2c3cb431becb877fde5cdb17918a5acca06a540b290743363d549e9a0cc784d2,1,yue-Hant,sentence,,,,The site supplies no machine-readable lexical/Jyutping/tone text for this item; fields remain empty rather than inferred.
SA-00200,輔音,輔音,t,t,,,,,,,,,,,audio/consonants/t/t_sentence_003.mp3,https://app.speakalongcuhk.com/assets/voices/t/4-3.mp3,https://app.speakalongcuhk.com/assets/voices/t/4-3.mp3,https://app.speakalongcuhk.com/tc/scontent/t/sentence,sound:t:sentence:3,4-3.mp3,mp3,.mp3,4.153469,44100,2,103118,c35a7ff8e1f5c43e8ad4e0d022583027e8cbf72f72d2bf7e3df899e0f0a443b8,1,yue-Hant,sentence,,,,The site supplies no machine-readable lexical/Jyutping/tone text for this item; fields remain empty rather than inferred.
SA-00201,輔音,輔音,t,t,,,,,,,,,,,audio/consonants/t/t_sentence_004.mp3,https://app.speakalongcuhk.com/assets/voices/t/4-4.mp3,https://app.speakalongcuhk.com/assets/voices/t/4-4.mp3,https://app.speakalongcuhk.com/tc/scontent/t/sentence,sound:t:sentence:4,4-4.mp3,mp3,.mp3,4.284082,44100,2,104263,f9b3dd2aa8a660bc1d3cf696bd1e70bb243be28872687c6a07d11eb58ecda93e,1,yue-Hant,sentence,,,,The site supplies no machine-readable lexical/Jyutping/tone text for this item; fields remain empty rather than inferred.
SA-00202,輔音,輔音,t,t,,,,,,,,,,,audio/consonants/t/t_sentence_005.mp3,https://app.speakalongcuhk.com/assets/voices/t/4-5.mp3,https://app.speakalongcuhk.com/assets/voices/t/4-5.mp3,https://app.speakalongcuhk.com/tc/scontent/t/sentence,sound:t:sentence:5,4-5.mp3,mp3,.mp3,3.186939,44100,2,80681,c15d91f4646b837da358d5f6400a04ec4bd850821126ca624c51b5ab0591a4ab,1,yue-Hant,sentence,,,,The site supplies no machine-readable lexical/Jyutping/tone text for this item; fields remain empty rather than inferred.
SA-00203,輔音,輔音,t,t,,,,,,,,,,,audio/consonants/t/t_sentence_006.mp3,https://app.speakalongcuhk.com/assets/voices/t/4-6.mp3,https://app.speakalongcuhk.com/assets/voices/t/4-6.mp3,https://app.speakalongcuhk.com/tc/scontent/t/sentence,sound:t:sentence:6,4-6.mp3,mp3,.mp3,3.552653,44100,2,92166,bbe6d5edc010e20bd7927ca1c31c7953432ba371dad4ae75a0883b467babf1c6,1,yue-Hant,sentence,,,,The site supplies no machine-readable lexical/Jyutping/tone text for this item; fields remain empty rather than inferred.
SA-00204,輔音,輔音,t,t,,,,,,,,,,,audio/consonants/t/t_sentence_007.mp3,https://app.speakalongcuhk.com/assets/voices/t/4-7.mp3,https://app.speakalongcuhk.com/assets/voices/t/4-7.mp3,https://app.speakalongcuhk.com/tc/scontent/t/sentence,sound:t:sentence:7,4-7.mp3,mp3,.mp3,3.160816,44100,2,80256,214851dad72a9f2ef9ff4c463c59c2e0ce49303ea73d4c5946df10669ff511cf,1,yue-Hant,sentence,,,,The site supplies no machine-readable lexical/Jyutping/tone text for this item; fields remain empty rather than inferred.
SA-00205,輔音,輔音,t,t,,,,,,,,,,,audio/consonants/t/t_sentence_008.mp3,https://app.speakalongcuhk.com/assets/voices/t/4-8.mp3,https://app.speakalongcuhk.com/assets/voices/t/4-8.mp3,https://app.speakalongcuhk.com/tc/scontent/t/sentence,sound:t:sentence:8,4-8.mp3,mp3,.mp3,3.500408,44100,2,92060,debe861a61c9ced335a41980c45e6606ecb1b31edf2c0c5d1ef6146ebea51e08,1,yue-Hant,sentence,,,,The site supplies no machine-readable lexical/Jyutping/tone text for this item; fields remain empty rather than inferred.
SA-00206,輔音,輔音,t,t,,,,,,,,,,,audio/consonants/t/t_sentence_009.mp3,https://app.speakalongcuhk.com/assets/voices/t/4-9.mp3,https://app.speakalongcuhk.com/assets/voices/t/4-9.mp3,https://app.speakalongcuhk.com/tc/scontent/t/sentence,sound:t:sentence:9,4-9.mp3,mp3,.mp3,3.474286,44100,2,86315,7d0beaf9e1c17402d83e869e62a38583c5c2f80a06d71f69c9cde66630e901e4,1,yue-Hant,sentence,,,,The site supplies no machine-readable lexical/Jyutping/tone text for this item; fields remain empty rather than inferred.
SA-00207,輔音,輔音,t,t,,,,,,,,,,,audio/consonants/t/t_sentence_010.mp3,https://app.speakalongcuhk.com/assets/voices/t/4-10.mp3,https://app.speakalongcuhk.com/assets/voices/t/4-10.mp3,https://app.speakalongcuhk.com/tc/scontent/t/sentence,sound:t:sentence:10,4-10.mp3,mp3,.mp3,3.213061,44100,2,79107,6a7ee7ea44cf90605aab1c3da6ff52ce2f527885828a12ea2a0ed86cd0aab97f,1,yue-Hant,sentence,,,,The site supplies no machine-readable lexical/Jyutping/tone text for this item; fields remain empty rather than inferred.
SA-00208,輔音,輔音,t,t,,,,,,,,,,,audio/consonants/t/t_story_001.mp3,https://app.speakalongcuhk.com/assets/voices/t/5-1.mp3,https://app.speakalongcuhk.com/assets/voices/t/5-1.mp3,https://app.speakalongcuhk.com/tc/scontent/t/story,sound:t:story:1,5-1.mp3,mp3,.mp3,7.026939,44100,2,176694,d743a205f4c0a1e799b70db16306d1d6a5b757e2cb04517b5d71e1e98f232a3a,1,yue-Hant,story,,,,The site supplies no machine-readable lexical/Jyutping/tone text for this item; fields remain empty rather than inferred.
SA-00209,輔音,輔音,t,t,,,,,,,,,,,audio/consonants/t/t_story_002.mp3,https://app.speakalongcuhk.com/assets/voices/t/5-2.mp3,https://app.speakalongcuhk.com/assets/voices/t/5-2.mp3,https://app.speakalongcuhk.com/tc/scontent/t/story,sound:t:story:2,5-2.mp3,mp3,.mp3,4.414694,44100,2,113554,275e6cc0453449348dc7cb08ae7359aa68670fbed6c8b1c9da04f8c75bdf48c8,1,yue-Hant,story,,,,The site supplies no machine-readable lexical/Jyutping/tone text for this item; fields remain empty rather than inferred.
SA-00210,輔音,輔音,t,t,,,,,,,,,,,audio/consonants/t/t_story_003.mp3,https://app.speakalongcuhk.com/assets/voices/t/5-3.mp3,https://app.speakalongcuhk.com/assets/voices/t/5-3.mp3,https://app.speakalongcuhk.com/tc/scontent/t/story,sound:t:story:3,5-3.mp3,mp3,.mp3,4.545306,44100,2,123578,5a386789f34b56ca1f4ab38b2742e3d19097cc5710b681f7a27d41f79d677536,1,yue-Hant,story,,,,The site supplies no machine-readable lexical/Jyutping/tone text for this item; fields remain empty rather than inferred.
SA-00211,輔音,輔音,t,t,,,,,,,,,,,audio/consonants/t/t_story_004.mp3,https://app.speakalongcuhk.com/assets/voices/t/5-4.mp3,https://app.speakalongcuhk.com/assets/voices/t/5-4.mp3,https://app.speakalongcuhk.com/tc/scontent/t/story,sound:t:story:4,5-4.mp3,mp3,.mp3,3.213061,44100,2,79947,7790f15eb7da33513726361d4c3e5749f83a6baeed50e9b85eec8176aec29f3b,1,yue-Hant,story,,,,The site supplies no machine-readable lexical/Jyutping/tone text for this item; fields remain empty rather than inferred.
SA-00212,輔音,輔音,t,t,,,,,,,,,,,audio/consonants/t/t_story_005.mp3,https://app.speakalongcuhk.com/assets/voices/t/5-5.mp3,https://app.speakalongcuhk.com/assets/voices/t/5-5.mp3,https://app.speakalongcuhk.com/tc/scontent/t/story,sound:t:story:5,5-5.mp3,mp3,.mp3,3.84,44100,2,97795,cf43c1a32ee993c83a32deda9a9402b26bc917328e13ee5b6294ce3fe8885fcd,1,yue-Hant,story,,,,The site supplies no machine-readable lexical/Jyutping/tone text for this item; fields remain empty rather than inferred.
SA-00213,輔音,輔音,t,t,,,,,,,,,,,audio/consonants/t/t_story_006.mp3,https://app.speakalongcuhk.com/assets/voices/t/5-6.mp3,https://app.speakalongcuhk.com/assets/voices/t/5-6.mp3,https://app.speakalongcuhk.com/tc/scontent/t/story,sound:t:story:6,5-6.mp3,mp3,.mp3,5.198367,44100,2,129154,4238b7fc71809414a289eb48266640a0b70edb3686e1f523816324a49e1f8b55,1,yue-Hant,story,,,,The site supplies no machine-readable lexical/Jyutping/tone text for this item; fields remain empty rather than inferred.
SA-00214,輔音,輔音,k,k,,,,,,騎,,,,,audio/consonants/k/k_001.mp3,https://app.speakalongcuhk.com/assets/voices/k/1-1.mp3,https://app.speakalongcuhk.com/assets/voices/k/1-1.mp3,https://app.speakalongcuhk.com/tc/scontent/k/single,sound:k:single:1,1-1.mp3,mp3,.mp3,1.56375,44100,2,35435,6424eff7f947f354ec6bf9b22f6a8175bed2653a089e246582362c9035819196,1,yue-Hant,single,,,,Lexical label is human-curated from source artwork/category; it is not textual metadata supplied by the site.
SA-00215,輔音,輔音,k,k,,,,,,溪,,,,,audio/consonants/k/k_002.mp3,https://app.speakalongcuhk.com/assets/voices/k/1-2.mp3,https://app.speakalongcuhk.com/assets/voices/k/1-2.mp3,https://app.speakalongcuhk.com/tc/scontent/k/single,sound:k:single:2,1-2.mp3,mp3,.mp3,1.824375,44100,2,39855,8fa4b5be5c1b9d0a4b1bc3f86f509958016d04fb7b27f9a79b73d8768db09af9,1,yue-Hant,single,,,,Lexical label is human-curated from source artwork/category; it is not textual metadata supplied by the site.
SA-00216,輔音,輔音,k,k,,,,,,箍,,,,,audio/consonants/k/k_003.mp3,https://app.speakalongcuhk.com/assets/voices/k/1-3.mp3,https://app.speakalongcuhk.com/assets/voices/k/1-3.mp3,https://app.speakalongcuhk.com/tc/scontent/k/single,sound:k:single:3,1-3.mp3,mp3,.mp3,1.8765,44100,2,40932,a5372e5720baf92ee162d549aa9e9ab817735a46668efcbbd0340056d663daf4,1,yue-Hant,single,,,,Lexical label is human-curated from source artwork/category; it is not textual metadata supplied by the site.
SA-00217,輔音,輔音,k,k,,,,,,棋,,,,,audio/consonants/k/k_004.mp3,https://app.speakalongcuhk.com/assets/voices/k/1-4.mp3,https://app.speakalongcuhk.com/assets/voices/k/1-4.mp3,https://app.speakalongcuhk.com/tc/scontent/k/single,sound:k:single:4,1-4.mp3,mp3,.mp3,1.694063,44100,2,45694,7a573426fb9534d7f477304594bccebe2c25d1ddac2ba82cd23503883dc5a296,1,yue-Hant,single,,,,Lexical label is human-curated from source artwork/category; it is not textual metadata supplied by the site.
SA-00218,輔音,輔音,k,k,,,,,,扣,,,,,audio/consonants/k/k_005.mp3,https://app.speakalongcuhk.com/assets/voices/k/1-5.mp3,https://app.speakalongcuhk.com/assets/voices/k/1-5.mp3,https://app.speakalongcuhk.com/tc/scontent/k/single,sound:k:single:5,1-5.mp3,mp3,.mp3,2.032875,44100,2,43938,aafafa715b70e50c18205949105ebea71210d09b990d6472bd3606363f40beec,1,yue-Hant,single,,,,Lexical label is human-curated from source artwork/category; it is not textual metadata supplied by the site.
SA-00219,輔音,輔音,k,k,,,,,,拳,,,,,audio/consonants/k/k_006.mp3,https://app.speakalongcuhk.com/assets/voices/k/1-6.mp3,https://app.speakalongcuhk.com/assets/voices/k/1-6.mp3,https://app.speakalongcuhk.com/tc/scontent/k/single,sound:k:single:6,1-6.mp3,mp3,.mp3,1.694063,44100,2,46216,6341925835610abebf41ef957a8394279199af5c1a869cd8ef3f24b6dd0555b7,1,yue-Hant,single,,,,Lexical label is human-curated from source artwork/category; it is not textual metadata supplied by the site.
SA-00220,輔音,輔音,k,k,,,,,,企,,,,,audio/consonants/k/k_007.mp3,https://app.speakalongcuhk.com/assets/voices/k/1-7.mp3,https://app.speakalongcuhk.com/assets/voices/k/1-7.mp3,https://app.speakalongcuhk.com/tc/scontent/k/single,sound:k:single:7,1-7.mp3,mp3,.mp3,1.954688,44100,2,43185,adc0b132a2cea0a04d8b01333da385030976f38c4ad1e4ce417e0e83b1894e9d,1,yue-Hant,single,,,,Lexical label is human-curated from source artwork/category; it is not textual metadata supplied by the site.
SA-00221,輔音,輔音,k,k,,,,,,旗,,,,,audio/consonants/k/k_008.mp3,https://app.speakalongcuhk.com/assets/voices/k/1-8.mp3,https://app.speakalongcuhk.com/assets/voices/k/1-8.mp3,https://app.speakalongcuhk.com/tc/scontent/k/single,sound:k:single:8,1-8.mp3,mp3,.mp3,1.746188,44100,2,40086,6e0acdfef54f1e73b7c51068bae21508a71edd24348375a8afe34ffbd7719c07,1,yue-Hant,single,,,,Lexical label is human-curated from source artwork/category; it is not textual metadata supplied by the site.
SA-00222,輔音,輔音,k,k,,,,,,橋,,,,,audio/consonants/k/k_009.mp3,https://app.speakalongcuhk.com/assets/voices/k/1-9.mp3,https://app.speakalongcuhk.com/assets/voices/k/1-9.mp3,https://app.speakalongcuhk.com/tc/scontent/k/single,sound:k:single:9,1-9.mp3,mp3,.mp3,1.798312,44100,2,41182,a1f63284d0db0d7e59983bde51c42f3e1732195271136e72450b4c42c99ceb53,1,yue-Hant,single,,,,Lexical label is human-curated from source artwork/category; it is not textual metadata supplied by the site.
SA-00223,輔音,輔音,k,k,,,,,,傾,,,,,audio/consonants/k/k_010.mp3,https://app.speakalongcuhk.com/assets/voices/k/1-10.mp3,https://app.speakalongcuhk.com/assets/voices/k/1-10.mp3,https://app.speakalongcuhk.com/tc/scontent/k/single,sound:k:single:10,1-10.mp3,mp3,.mp3,1.746188,44100,2,40597,6d2c31420e978e857b5f77a425e0e75ac6c16671a86a105bab4a59c684ca4bc8,1,yue-Hant,single,,,,Lexical label is human-curated from source artwork/category; it is not textual metadata supplied by the site.
SA-00224,輔音,輔音,k,k,,,,,,,,,,,audio/consonants/k/k_word_001.mp3,https://app.speakalongcuhk.com/assets/voices/k/2-1.mp3,https://app.speakalongcuhk.com/assets/voices/k/2-1.mp3,https://app.speakalongcuhk.com/tc/scontent/k/word,sound:k:word:1,2-1.mp3,mp3,.mp3,2.267438,44100,2,49186,e62e2585a1b3efd8f0282522d2dac8879526ea356d86c7291f43cc238a38020e,1,yue-Hant,word,,,,The site supplies no machine-readable lexical/Jyutping/tone text for this item; fields remain empty rather than inferred.
SA-00225,輔音,輔音,k,k,,,,,,,,,,,audio/consonants/k/k_word_002.mp3,https://app.speakalongcuhk.com/assets/voices/k/2-2.mp3,https://app.speakalongcuhk.com/assets/voices/k/2-2.mp3,https://app.speakalongcuhk.com/tc/scontent/k/word,sound:k:word:2,2-2.mp3,mp3,.mp3,2.319562,44100,2,50269,edee1bbdd7f13fdb0902e5e464cb0109d5889b82eea1f4a610d3481e6fc78286,1,yue-Hant,word,,,,The site supplies no machine-readable lexical/Jyutping/tone text for this item; fields remain empty rather than inferred.
SA-00226,輔音,輔音,k,k,,,,,,,,,,,audio/consonants/k/k_word_003.mp3,https://app.speakalongcuhk.com/assets/voices/k/2-3.mp3,https://app.speakalongcuhk.com/assets/voices/k/2-3.mp3,https://app.speakalongcuhk.com/tc/scontent/k/word,sound:k:word:3,2-3.mp3,mp3,.mp3,1.850437,44100,2,50284,14d5913ae111cb9541a098a97c807e34eaabd52ab6a854c43f66225e951ae395,1,yue-Hant,word,,,,The site supplies no machine-readable lexical/Jyutping/tone text for this item; fields remain empty rather than inferred.
SA-00227,輔音,輔音,k,k,,,,,,,,,,,audio/consonants/k/k_word_004.mp3,https://app.speakalongcuhk.com/assets/voices/k/2-4.mp3,https://app.speakalongcuhk.com/assets/voices/k/2-4.mp3,https://app.speakalongcuhk.com/tc/scontent/k/word,sound:k:word:4,2-4.mp3,mp3,.mp3,2.371687,44100,2,59146,5c95fd54de235c4c6f9641a93d735c13ff1fcf293b52ff181a5ca4560f74593d,1,yue-Hant,word,,,,The site supplies no machine-readable lexical/Jyutping/tone text for this item; fields remain empty rather than inferred.
SA-00228,輔音,輔音,k,k,,,,,,,,,,,audio/consonants/k/k_word_005.mp3,https://app.speakalongcuhk.com/assets/voices/k/2-5.mp3,https://app.speakalongcuhk.com/assets/voices/k/2-5.mp3,https://app.speakalongcuhk.com/tc/scontent/k/word,sound:k:word:5,2-5.mp3,mp3,.mp3,2.684438,44100,2,56855,31650d9fb892e079a786642e2ea9f2a0a66dbdbe88c2617c4980bedbc903b08a,1,yue-Hant,word,,,,The site supplies no machine-readable lexical/Jyutping/tone text for this item; fields remain empty rather than inferred.
SA-00229,輔音,輔音,k,k,,,,,,,,,,,audio/consonants/k/k_word_006.mp3,https://app.speakalongcuhk.com/assets/voices/k/2-6.mp3,https://app.speakalongcuhk.com/assets/voices/k/2-6.mp3,https://app.speakalongcuhk.com/tc/scontent/k/word,sound:k:word:6,2-6.mp3,mp3,.mp3,2.319562,44100,2,59356,c0308a6251da08effad8496c4603097cf1796315ca05dec8e498e947cb236bf7,1,yue-Hant,word,,,,The site supplies no machine-readable lexical/Jyutping/tone text for this item; fields remain empty rather than inferred.
SA-00230,輔音,輔音,k,k,,,,,,,,,,,audio/consonants/k/k_word_007.mp3,https://app.speakalongcuhk.com/assets/voices/k/2-7.mp3,https://app.speakalongcuhk.com/assets/voices/k/2-7.mp3,https://app.speakalongcuhk.com/tc/scontent/k/word,sound:k:word:7,2-7.mp3,mp3,.mp3,2.319562,44100,2,51515,0ce32c7f1e7e97fb4f9abf865be8aec7eb7c820733afd5c94d821f5c174d3b42,1,yue-Hant,word,,,,The site supplies no machine-readable lexical/Jyutping/tone text for this item; fields remain empty rather than inferred.
SA-00231,輔音,輔音,k,k,,,,,,,,,,,audio/consonants/k/k_word_008.mp3,https://app.speakalongcuhk.com/assets/voices/k/2-8.mp3,https://app.speakalongcuhk.com/assets/voices/k/2-8.mp3,https://app.speakalongcuhk.com/tc/scontent/k/word,sound:k:word:8,2-8.mp3,mp3,.mp3,2.554125,44100,2,55517,9133ee05df097e2a7aed76c9073b5971294eb7e60032b6344e13f7ee785c4273,1,yue-Hant,word,,,,The site supplies no machine-readable lexical/Jyutping/tone text for this item; fields remain empty rather than inferred.
SA-00232,輔音,輔音,k,k,,,,,,,,,,,audio/consonants/k/k_word_009.mp3,https://app.speakalongcuhk.com/assets/voices/k/2-9.mp3,https://app.speakalongcuhk.com/assets/voices/k/2-9.mp3,https://app.speakalongcuhk.com/tc/scontent/k/word,sound:k:word:9,2-9.mp3,mp3,.mp3,2.502,44100,2,54932,ae107f8578e358e08b5530f61dd80c4f6a3ff4291eccd230a71ec01e10464f98,1,yue-Hant,word,,,,The site supplies no machine-readable lexical/Jyutping/tone text for this item; fields remain empty rather than inferred.
SA-00233,輔音,輔音,k,k,,,,,,,,,,,audio/consonants/k/k_word_010.mp3,https://app.speakalongcuhk.com/assets/voices/k/2-10.mp3,https://app.speakalongcuhk.com/assets/voices/k/2-10.mp3,https://app.speakalongcuhk.com/tc/scontent/k/word,sound:k:word:10,2-10.mp3,mp3,.mp3,2.866875,44100,2,61019,1bd6b0a5a32fb885ff067ecb60c4485e9726d407e7f97210a29e3693d9588c86,1,yue-Hant,word,,,,The site supplies no machine-readable lexical/Jyutping/tone text for this item; fields remain empty rather than inferred.
SA-00234,輔音,輔音,k,k,,,,,,,,,,,audio/consonants/k/k_sentence_001.mp3,https://app.speakalongcuhk.com/assets/voices/k/4-1.mp3,https://app.speakalongcuhk.com/assets/voices/k/4-1.mp3,https://app.speakalongcuhk.com/tc/scontent/k/sentence,sound:k:sentence:1,4-1.mp3,mp3,.mp3,2.377143,44100,2,61887,6be207ddae33b03b40c2279ab5d22244f37bce148c58c5a56219c0de898b993f,1,yue-Hant,sentence,,,,The site supplies no machine-readable lexical/Jyutping/tone text for this item; fields remain empty rather than inferred.
SA-00235,輔音,輔音,k,k,,,,,,,,,,,audio/consonants/k/k_sentence_002.mp3,https://app.speakalongcuhk.com/assets/voices/k/4-2.mp3,https://app.speakalongcuhk.com/assets/voices/k/4-2.mp3,https://app.speakalongcuhk.com/tc/scontent/k/sentence,sound:k:sentence:2,4-2.mp3,mp3,.mp3,4.873687,44100,2,96118,8cd6f761adae8c9314ebd46b60bba57f496c509cfc6466ce56fd3731f894cf16,1,yue-Hant,sentence,,,,The site supplies no machine-readable lexical/Jyutping/tone text for this item; fields remain empty rather than inferred.
SA-00236,輔音,輔音,k,k,,,,,,,,,,,audio/consonants/k/k_sentence_003.mp3,https://app.speakalongcuhk.com/assets/voices/k/4-3.mp3,https://app.speakalongcuhk.com/assets/voices/k/4-3.mp3,https://app.speakalongcuhk.com/tc/scontent/k/sentence,sound:k:sentence:3,4-3.mp3,mp3,.mp3,4.27425,44100,2,86773,6da7afee13747ac0eee2755e71a983e8209f8531a34eeca585748f4810d7f20e,1,yue-Hant,sentence,,,,The site supplies no machine-readable lexical/Jyutping/tone text for this item; fields remain empty rather than inferred.
SA-00237,輔音,輔音,k,k,,,,,,,,,,,audio/consonants/k/k_sentence_004.mp3,https://app.speakalongcuhk.com/assets/voices/k/4-4.mp3,https://app.speakalongcuhk.com/assets/voices/k/4-4.mp3,https://app.speakalongcuhk.com/tc/scontent/k/sentence,sound:k:sentence:4,4-4.mp3,mp3,.mp3,4.89975,44100,2,97033,d4fac99c0b76db1b47e29905a7ee5bda93a406894caf34c9470926359f02d4f7,1,yue-Hant,sentence,,,,The site supplies no machine-readable lexical/Jyutping/tone text for this item; fields remain empty rather than inferred.
SA-00238,輔音,輔音,k,k,,,,,,,,,,,audio/consonants/k/k_sentence_005.mp3,https://app.speakalongcuhk.com/assets/voices/k/4-5.mp3,https://app.speakalongcuhk.com/assets/voices/k/4-5.mp3,https://app.speakalongcuhk.com/tc/scontent/k/sentence,sound:k:sentence:5,4-5.mp3,mp3,.mp3,5.342812,44100,2,104620,e829a995f4cdb6f4917cbc7141e07e8b040e81bb5d472caf65f32469319217d8,1,yue-Hant,sentence,,,,The site supplies no machine-readable lexical/Jyutping/tone text for this item; fields remain empty rather than inferred.
SA-00239,輔音,輔音,k,k,,,,,,,,,,,audio/consonants/k/k_sentence_006.mp3,https://app.speakalongcuhk.com/assets/voices/k/4-6.mp3,https://app.speakalongcuhk.com/assets/voices/k/4-6.mp3,https://app.speakalongcuhk.com/tc/scontent/k/sentence,sound:k:sentence:6,4-6.mp3,mp3,.mp3,4.560938,44100,2,92359,2c0836825a6b0871102724def308fe19e2bba03004193fdbc14048d981957421,1,yue-Hant,sentence,,,,The site supplies no machine-readable lexical/Jyutping/tone text for this item; fields remain empty rather than inferred.
SA-00240,輔音,輔音,k,k,,,,,,,,,,,audio/consonants/k/k_sentence_007.mp3,https://app.speakalongcuhk.com/assets/voices/k/4-7.mp3,https://app.speakalongcuhk.com/assets/voices/k/4-7.mp3,https://app.speakalongcuhk.com/tc/scontent/k/sentence,sound:k:sentence:7,4-7.mp3,mp3,.mp3,4.534875,44100,2,80738,9cbbea77a828a925254d10caf4568210d685f936a6e1d9c6fd5a25809cd0f333,1,yue-Hant,sentence,,,,The site supplies no machine-readable lexical/Jyutping/tone text for this item; fields remain empty rather than inferred.
SA-00241,輔音,輔音,k,k,,,,,,,,,,,audio/consonants/k/k_sentence_008.mp3,https://app.speakalongcuhk.com/assets/voices/k/4-8.mp3,https://app.speakalongcuhk.com/assets/voices/k/4-8.mp3,https://app.speakalongcuhk.com/tc/scontent/k/sentence,sound:k:sentence:8,4-8.mp3,mp3,.mp3,5.759812,44100,2,112537,3ce7bf54a34123bb7ea922c5d1213229187f9bb837395065580425c38bdeb3e7,1,yue-Hant,sentence,,,,The site supplies no machine-readable lexical/Jyutping/tone text for this item; fields remain empty rather than inferred.
SA-00242,輔音,輔音,k,k,,,,,,,,,,,audio/consonants/k/k_sentence_009.mp3,https://app.speakalongcuhk.com/assets/voices/k/4-9.mp3,https://app.speakalongcuhk.com/assets/voices/k/4-9.mp3,https://app.speakalongcuhk.com/tc/scontent/k/sentence,sound:k:sentence:9,4-9.mp3,mp3,.mp3,5.394938,44100,2,106450,46121cec847d95d2fa2cba30e5fe21bd38eb17e6bab8fd67e01cc444ec3326b7,1,yue-Hant,sentence,,,,The site supplies no machine-readable lexical/Jyutping/tone text for this item; fields remain empty rather than inferred.
SA-00243,輔音,輔音,k,k,,,,,,,,,,,audio/consonants/k/k_sentence_010.mp3,https://app.speakalongcuhk.com/assets/voices/k/4-10.mp3,https://app.speakalongcuhk.com/assets/voices/k/4-10.mp3,https://app.speakalongcuhk.com/tc/scontent/k/sentence,sound:k:sentence:10,4-10.mp3,mp3,.mp3,3.935437,44100,2,70102,886cf23e9add5784983aa60179a4c29bc32bce8db3a562860755ef714550f5e8,1,yue-Hant,sentence,,,,The site supplies no machine-readable lexical/Jyutping/tone text for this item; fields remain empty rather than inferred.
SA-00244,輔音,輔音,k,k,,,,,,,,,,,audio/consonants/k/k_story_001.mp3,https://app.speakalongcuhk.com/assets/voices/k/5-1.mp3,https://app.speakalongcuhk.com/assets/voices/k/5-1.mp3,https://app.speakalongcuhk.com/tc/scontent/k/story,sound:k:story:1,5-1.mp3,mp3,.mp3,3.44025,44100,2,75670,49ac7238231a0246cf8a81b35dbb62358d8c2bdea897bc50156c6ba9f3f96c94,1,yue-Hant,story,,,,The site supplies no machine-readable lexical/Jyutping/tone text for this item; fields remain empty rather than inferred.
SA-00245,輔音,輔音,k,k,,,,,,,,,,,audio/consonants/k/k_story_002.mp3,https://app.speakalongcuhk.com/assets/voices/k/5-2.mp3,https://app.speakalongcuhk.com/assets/voices/k/5-2.mp3,https://app.speakalongcuhk.com/tc/scontent/k/story,sound:k:story:2,5-2.mp3,mp3,.mp3,7.532062,44100,2,141391,b22188d8ab40697112752c1d03bf54a364438e7de9e683232943695857c27f16,1,yue-Hant,story,,,,The site supplies no machine-readable lexical/Jyutping/tone text for this item; fields remain empty rather than inferred.
SA-00246,輔音,輔音,k,k,,,,,,,,,,,audio/consonants/k/k_story_003.mp3,https://app.speakalongcuhk.com/assets/voices/k/5-3.mp3,https://app.speakalongcuhk.com/assets/voices/k/5-3.mp3,https://app.speakalongcuhk.com/tc/scontent/k/story,sound:k:story:3,5-3.mp3,mp3,.mp3,8.470313,44100,2,157222,c92550ffcfeffea644e004f5b00d2423715ebbe5f79940b57f60e432256958ed,1,yue-Hant,story,,,,The site supplies no machine-readable lexical/Jyutping/tone text for this item; fields remain empty rather than inferred.
SA-00247,輔音,輔音,k,k,,,,,,,,,,,audio/consonants/k/k_story_004.mp3,https://app.speakalongcuhk.com/assets/voices/k/5-4.mp3,https://app.speakalongcuhk.com/assets/voices/k/5-4.mp3,https://app.speakalongcuhk.com/tc/scontent/k/story,sound:k:story:4,5-4.mp3,mp3,.mp3,6.619875,44100,2,127543,152efda7ff303178843ddf1811193ceefa706aaa697a53b5927bc60c09bb4c28,1,yue-Hant,story,,,,The site supplies no machine-readable lexical/Jyutping/tone text for this item; fields remain empty rather than inferred.
SA-00248,輔音,輔音,k,k,,,,,,,,,,,audio/consonants/k/k_story_005.mp3,https://app.speakalongcuhk.com/assets/voices/k/5-5.mp3,https://app.speakalongcuhk.com/assets/voices/k/5-5.mp3,https://app.speakalongcuhk.com/tc/scontent/k/story,sound:k:story:5,5-5.mp3,mp3,.mp3,7.7145,44100,2,131605,6df2d412161abde06e69ab36be70f00d6637b50bd2f52b4e5712dc5a1b170bf8,1,yue-Hant,story,,,,The site supplies no machine-readable lexical/Jyutping/tone text for this item; fields remain empty rather than inferred.
SA-00249,輔音,輔音,kw,kw,,,,,,跨,,,,,audio/consonants/kw/kw_001.mp3,https://app.speakalongcuhk.com/assets/voices/kw/1-1.mp3,https://app.speakalongcuhk.com/assets/voices/kw/1-1.mp3,https://app.speakalongcuhk.com/tc/scontent/kw/single,sound:kw:single:1,1-1.mp3,mp3,.mp3,1.097143,44100,2,25049,4aaf26498e5c4f54ba057de70a292ace50b5565ac08862cbc66ecae2003c2567,1,yue-Hant,single,,,,Lexical label is human-curated from source artwork/category; it is not textual metadata supplied by the site.
SA-00250,輔音,輔音,kw,kw,,,,,,框,,,,,audio/consonants/kw/kw_002.mp3,https://app.speakalongcuhk.com/assets/voices/kw/1-2.mp3,https://app.speakalongcuhk.com/assets/voices/kw/1-2.mp3,https://app.speakalongcuhk.com/tc/scontent/kw/single,sound:kw:single:2,1-2.mp3,mp3,.mp3,1.097143,44100,2,26613,d3c4a8b1b1a886fe03ca78dae9ed87cc7357e43e6a901a7960c2cfa2b4d0d36e,1,yue-Hant,single,,,,Lexical label is human-curated from source artwork/category; it is not textual metadata supplied by the site.
SA-00251,輔音,輔音,kw,kw,,,,,,裙,,,,,audio/consonants/kw/kw_003.mp3,https://app.speakalongcuhk.com/assets/voices/kw/1-3.mp3,https://app.speakalongcuhk.com/assets/voices/kw/1-3.mp3,https://app.speakalongcuhk.com/tc/scontent/kw/single,sound:kw:single:3,1-3.mp3,mp3,.mp3,1.149388,44100,2,26407,b343545110a33642b8dd1578cf0cfda6c2efcaf63d8c531e63cf7d3065f1fb1c,1,yue-Hant,single,,,,Lexical label is human-curated from source artwork/category; it is not textual metadata supplied by the site.
SA-00252,輔音,輔音,kw,kw,,,,,,,頭盔,,,,audio/consonants/kw/kw_word_001.mp3,https://app.speakalongcuhk.com/assets/voices/kw/2-1.mp3,https://app.speakalongcuhk.com/assets/voices/kw/2-1.mp3,https://app.speakalongcuhk.com/tc/scontent/kw/word,sound:kw:word:1,2-1.mp3,mp3,.mp3,1.436735,44100,2,35382,f6a092a0fdcfb2f16a306e4b4f503bb384646dd94a52dd89424390272c648fb2,1,yue-Hant,word,,,,Lexical label is human-curated from source artwork/category; it is not textual metadata supplied by the site. Word-activity replacement selected because configured single media were unavailable or duplicated.
SA-00253,輔音,輔音,kw,kw,,,,,,,短裙,,,,audio/consonants/kw/kw_word_002.mp3,https://app.speakalongcuhk.com/assets/voices/kw/2-2.mp3,https://app.speakalongcuhk.com/assets/voices/kw/2-2.mp3,https://app.speakalongcuhk.com/tc/scontent/kw/word,sound:kw:word:2,2-2.mp3,mp3,.mp3,1.097143,44100,2,27449,cb036e46959a0af4e092d5990b8d005aa3beb31c1c1db73dca1b63940957e605,1,yue-Hant,word,,,,Lexical label is human-curated from source artwork/category; it is not textual metadata supplied by the site. Word-activity replacement selected because configured single media were unavailable or duplicated.
SA-00254,輔音,輔音,kw,kw,,,,,,,圓規,,,,audio/consonants/kw/kw_word_003.mp3,https://app.speakalongcuhk.com/assets/voices/kw/2-3.mp3,https://app.speakalongcuhk.com/assets/voices/kw/2-3.mp3,https://app.speakalongcuhk.com/tc/scontent/kw/word,sound:kw:word:3,2-3.mp3,mp3,.mp3,1.358367,44100,2,31832,33ad351643e7e68934f66a3772ebbb5ceee6e3fd4f19caaaea33cbf8e4dc533d,1,yue-Hant,word,,,,Lexical label is human-curated from source artwork/category; it is not textual metadata supplied by the site. Word-activity replacement selected because configured single media were unavailable or duplicated.
SA-00255,輔音,輔音,kw,kw,,,,,,,困難,,,,audio/consonants/kw/kw_word_004.mp3,https://app.speakalongcuhk.com/assets/voices/kw/2-4.mp3,https://app.speakalongcuhk.com/assets/voices/kw/2-4.mp3,https://app.speakalongcuhk.com/tc/scontent/kw/word,sound:kw:word:4,2-4.mp3,mp3,.mp3,1.48898,44100,2,33921,27ce5f27573b17507725f2d81a3f9ab13e4fc0a0be74a7b3b90a612458d12086,1,yue-Hant,word,,,,Lexical label is human-curated from source artwork/category; it is not textual metadata supplied by the site. Word-activity replacement selected because configured single media were unavailable or duplicated.
SA-00256,輔音,輔音,kw,kw,,,,,,,葵扇,,,,audio/consonants/kw/kw_word_005.mp3,https://app.speakalongcuhk.com/assets/voices/kw/2-5.mp3,https://app.speakalongcuhk.com/assets/voices/kw/2-5.mp3,https://app.speakalongcuhk.com/tc/scontent/kw/word,sound:kw:word:5,2-5.mp3,mp3,.mp3,1.593469,44100,2,42377,00f2f84e1ee7781e7a8170c89319a73bf4121ab821c99fcdc6c28b5aa934e78a,1,yue-Hant,word,,,,Lexical label is human-curated from source artwork/category; it is not textual metadata supplied by the site. Word-activity replacement selected because configured single media were unavailable or duplicated.
SA-00257,輔音,輔音,kw,kw,,,,,,,昆蟲,,,,audio/consonants/kw/kw_word_006.mp3,https://app.speakalongcuhk.com/assets/voices/kw/2-6.mp3,https://app.speakalongcuhk.com/assets/voices/kw/2-6.mp3,https://app.speakalongcuhk.com/tc/scontent/kw/word,sound:kw:word:6,2-6.mp3,mp3,.mp3,1.358367,44100,2,34025,832ab327e8545bb6c9409bc06681eb03801e778b6027750a6093239e37fd5f8e,1,yue-Hant,word,,,,Lexical label is human-curated from source artwork/category; it is not textual metadata supplied by the site. Word-activity replacement selected because configured single media were unavailable or duplicated.
SA-00258,輔音,輔音,kw,kw,,,,,,,群眾,,,,audio/consonants/kw/kw_word_007.mp3,https://app.speakalongcuhk.com/assets/voices/kw/2-7.mp3,https://app.speakalongcuhk.com/assets/voices/kw/2-7.mp3,https://app.speakalongcuhk.com/tc/scontent/kw/word,sound:kw:word:7,2-7.mp3,mp3,.mp3,1.358367,44100,2,32042,17a57e6b28a3d403661c9e0e8d345e49c2515a976d2fbdec30bb8ea8e6e1cb82,1,yue-Hant,word,,,,Lexical label is human-curated from source artwork/category; it is not textual metadata supplied by the site. Word-activity replacement selected because configured single media were unavailable or duplicated.
SA-00259,輔音,輔音,kw,kw,,,,,,,,,,,audio/consonants/kw/kw_word_008.mp3,https://app.speakalongcuhk.com/assets/voices/kw/2-8.mp3,https://app.speakalongcuhk.com/assets/voices/kw/2-8.mp3,https://app.speakalongcuhk.com/tc/scontent/kw/word,sound:kw:word:8,2-8.mp3,mp3,.mp3,1.541224,44100,2,36422,f3f42e4f27fefd0161b562e4ef94c4c2c928095e6d4573e3ae20cf55a96d5733,1,yue-Hant,word,,,,The site supplies no machine-readable lexical/Jyutping/tone text for this item; fields remain empty rather than inferred.
SA-00260,輔音,輔音,kw,kw,,,,,,,,,,,audio/consonants/kw/kw_word_009.mp3,https://app.speakalongcuhk.com/assets/voices/kw/2-9.mp3,https://app.speakalongcuhk.com/assets/voices/kw/2-9.mp3,https://app.speakalongcuhk.com/tc/scontent/kw/word,sound:kw:word:9,2-9.mp3,mp3,.mp3,1.436735,44100,2,33086,8ca21ee51ebb08878c264468b9410b066bb4ba48706dab9785a18a6a5d1c3768,1,yue-Hant,word,,,,The site supplies no machine-readable lexical/Jyutping/tone text for this item; fields remain empty rather than inferred.
SA-00261,輔音,輔音,kw,kw,,,,,,,,,,,audio/consonants/kw/kw_word_010.mp3,https://app.speakalongcuhk.com/assets/voices/kw/2-10.mp3,https://app.speakalongcuhk.com/assets/voices/kw/2-10.mp3,https://app.speakalongcuhk.com/tc/scontent/kw/word,sound:kw:word:10,2-10.mp3,mp3,.mp3,1.28,44100,2,30997,08d1e4aa40e04936991f3f2035d23ec1fa7d56d85167bad86e69f106fe5cd5b8,1,yue-Hant,word,,,,The site supplies no machine-readable lexical/Jyutping/tone text for this item; fields remain empty rather than inferred.
SA-00262,輔音,輔音,kw,kw,,,,,,,,,,,audio/consonants/kw/kw_sentence_001.mp3,https://app.speakalongcuhk.com/assets/voices/kw/4-1.mp3,https://app.speakalongcuhk.com/assets/voices/kw/4-1.mp3,https://app.speakalongcuhk.com/tc/scontent/kw/sentence,sound:kw:sentence:1,4-1.mp3,mp3,.mp3,2.142041,44100,2,57927,e956aa8ea300375126a2053cff7e00a88008bae94fbd30fed2a60d2e8cee25f2,1,yue-Hant,sentence,,,,The site supplies no machine-readable lexical/Jyutping/tone text for this item; fields remain empty rather than inferred.
SA-00263,輔音,輔音,kw,kw,,,,,,,,,,,audio/consonants/kw/kw_sentence_002.mp3,https://app.speakalongcuhk.com/assets/voices/kw/4-2.mp3,https://app.speakalongcuhk.com/assets/voices/kw/4-2.mp3,https://app.speakalongcuhk.com/tc/scontent/kw/sentence,sound:kw:sentence:2,4-2.mp3,mp3,.mp3,2.324898,44100,2,62313,231a1f8fb10f408a842268cd9915196218b8cc43186332938ed70ad38db2c444,1,yue-Hant,sentence,,,,The site supplies no machine-readable lexical/Jyutping/tone text for this item; fields remain empty rather than inferred.
SA-00264,輔音,輔音,kw,kw,,,,,,,,,,,audio/consonants/kw/kw_sentence_003.mp3,https://app.speakalongcuhk.com/assets/voices/kw/4-3.mp3,https://app.speakalongcuhk.com/assets/voices/kw/4-3.mp3,https://app.speakalongcuhk.com/tc/scontent/kw/sentence,sound:kw:sentence:3,4-3.mp3,mp3,.mp3,2.507755,44100,2,61003,db702c18dfe9ab259f5d0410d25e92b067ea4e25b67c70215772787b22d323ae,1,yue-Hant,sentence,,,,The site supplies no machine-readable lexical/Jyutping/tone text for this item; fields remain empty rather than inferred.
SA-00265,輔音,輔音,kw,kw,,,,,,,,,,,audio/consonants/kw/kw_sentence_004.mp3,https://app.speakalongcuhk.com/assets/voices/kw/4-4.mp3,https://app.speakalongcuhk.com/assets/voices/kw/4-4.mp3,https://app.speakalongcuhk.com/tc/scontent/kw/sentence,sound:kw:sentence:4,4-4.mp3,mp3,.mp3,3.369796,44100,2,85163,39d2f6c9b0e93a07f6617e79f2cfece503d57e6f822357a38c7b7b58acd15452,1,yue-Hant,sentence,,,,The site supplies no machine-readable lexical/Jyutping/tone text for this item; fields remain empty rather than inferred.
SA-00266,輔音,輔音,kw,kw,,,,,,,,,,,audio/consonants/kw/kw_sentence_005.mp3,https://app.speakalongcuhk.com/assets/voices/kw/4-5.mp3,https://app.speakalongcuhk.com/assets/voices/kw/4-5.mp3,https://app.speakalongcuhk.com/tc/scontent/kw/sentence,sound:kw:sentence:5,4-5.mp3,mp3,.mp3,2.35102,44100,2,62104,63aa1dd45029e2a90004cb1e6f5f82c9f986e9891d2d625f60f5b89cbdfce3bc,1,yue-Hant,sentence,,,,The site supplies no machine-readable lexical/Jyutping/tone text for this item; fields remain empty rather than inferred.
SA-00267,輔音,輔音,kw,kw,,,,,,,,,,,audio/consonants/kw/kw_sentence_006.mp3,https://app.speakalongcuhk.com/assets/voices/kw/4-6.mp3,https://app.speakalongcuhk.com/assets/voices/kw/4-6.mp3,https://app.speakalongcuhk.com/tc/scontent/kw/sentence,sound:kw:sentence:6,4-6.mp3,mp3,.mp3,3.239184,44100,2,86792,083f92c044be4102e24262b3c20e76bb028cfcd252cfa134b289f63795f52afb,1,yue-Hant,sentence,,,,The site supplies no machine-readable lexical/Jyutping/tone text for this item; fields remain empty rather than inferred.
SA-00268,輔音,輔音,kw,kw,,,,,,,,,,,audio/consonants/kw/kw_sentence_007.mp3,https://app.speakalongcuhk.com/assets/voices/kw/4-7.mp3,https://app.speakalongcuhk.com/assets/voices/kw/4-7.mp3,https://app.speakalongcuhk.com/tc/scontent/kw/sentence,sound:kw:sentence:7,4-7.mp3,mp3,.mp3,3.343673,44100,2,83550,95648fa141f02fd64f1a56760855010db1804c026ff1b5e973dd4b7d9dde5431,1,yue-Hant,sentence,,,,The site supplies no machine-readable lexical/Jyutping/tone text for this item; fields remain empty rather than inferred.
SA-00269,輔音,輔音,kw,kw,,,,,,,,,,,audio/consonants/kw/kw_sentence_008.mp3,https://app.speakalongcuhk.com/assets/voices/kw/4-8.mp3,https://app.speakalongcuhk.com/assets/voices/kw/4-8.mp3,https://app.speakalongcuhk.com/tc/scontent/kw/sentence,sound:kw:sentence:8,4-8.mp3,mp3,.mp3,4.075102,44100,2,103845,04fd38eac31915a2ed4982ff6837f4d3e45a78b019184e3ffe0f3187b585c584,1,yue-Hant,sentence,,,,The site supplies no machine-readable lexical/Jyutping/tone text for this item; fields remain empty rather than inferred.
SA-00270,輔音,輔音,kw,kw,,,,,,,,,,,audio/consonants/kw/kw_sentence_009.mp3,https://app.speakalongcuhk.com/assets/voices/kw/4-9.mp3,https://app.speakalongcuhk.com/assets/voices/kw/4-9.mp3,https://app.speakalongcuhk.com/tc/scontent/kw/sentence,sound:kw:sentence:9,4-9.mp3,mp3,.mp3,3.94449,44100,2,94458,b7dd08c5ed97b4fc0fbd9006a2f888321d51980dbde28f4f60b7ef613af3f994,1,yue-Hant,sentence,,,,The site supplies no machine-readable lexical/Jyutping/tone text for this item; fields remain empty rather than inferred.
SA-00271,輔音,輔音,kw,kw,,,,,,,,,,,audio/consonants/kw/kw_sentence_010.mp3,https://app.speakalongcuhk.com/assets/voices/kw/4-10.mp3,https://app.speakalongcuhk.com/assets/voices/kw/4-10.mp3,https://app.speakalongcuhk.com/tc/scontent/kw/sentence,sound:kw:sentence:10,4-10.mp3,mp3,.mp3,3.134694,44100,2,77078,01ab895ecbc3542f63898cba140b96d5383e86f59f625ec45b22815c3bed4a2f,1,yue-Hant,sentence,,,,The site supplies no machine-readable lexical/Jyutping/tone text for this item; fields remain empty rather than inferred.
SA-00272,輔音,輔音,kw,kw,,,,,,,,,,,audio/consonants/kw/kw_story_001.mp3,https://app.speakalongcuhk.com/assets/voices/kw/5-1.mp3,https://app.speakalongcuhk.com/assets/voices/kw/5-1.mp3,https://app.speakalongcuhk.com/tc/scontent/kw/story,sound:kw:story:1,5-1.mp3,mp3,.mp3,2.925714,44100,2,77551,3ea45141d065ff34355cad894197eb475a71d77fd12ef3197dd38ac5a17633b1,1,yue-Hant,story,,,,The site supplies no machine-readable lexical/Jyutping/tone text for this item; fields remain empty rather than inferred.
SA-00273,輔音,輔音,kw,kw,,,,,,,,,,,audio/consonants/kw/kw_story_002.mp3,https://app.speakalongcuhk.com/assets/voices/kw/5-2.mp3,https://app.speakalongcuhk.com/assets/voices/kw/5-2.mp3,https://app.speakalongcuhk.com/tc/scontent/kw/story,sound:kw:story:2,5-2.mp3,mp3,.mp3,4.127347,44100,2,103330,d3f6b234249f6b4262cdcc97a240a4840b77f104d6ecd79d39bca58e6f35ffb4,1,yue-Hant,story,,,,The site supplies no machine-readable lexical/Jyutping/tone text for this item; fields remain empty rather than inferred.
SA-00274,輔音,輔音,kw,kw,,,,,,,,,,,audio/consonants/kw/kw_story_003.mp3,https://app.speakalongcuhk.com/assets/voices/kw/5-3.mp3,https://app.speakalongcuhk.com/assets/voices/kw/5-3.mp3,https://app.speakalongcuhk.com/tc/scontent/kw/story,sound:kw:story:3,5-3.mp3,mp3,.mp3,2.56,44100,2,63977,21537fdb81a432c953da931fa4a11394711b65da7a231fa89c438a0a8433a610,1,yue-Hant,story,,,,The site supplies no machine-readable lexical/Jyutping/tone text for this item; fields remain empty rather than inferred.
SA-00275,輔音,輔音,kw,kw,,,,,,,,,,,audio/consonants/kw/kw_story_004.mp3,https://app.speakalongcuhk.com/assets/voices/kw/5-4.mp3,https://app.speakalongcuhk.com/assets/voices/kw/5-4.mp3,https://app.speakalongcuhk.com/tc/scontent/kw/story,sound:kw:story:4,5-4.mp3,mp3,.mp3,2.873469,44100,2,72435,fa5c7bb4767091c571757dd6eb9fb957b486efd1a022f3e5e726f471be8e4417,1,yue-Hant,story,,,,The site supplies no machine-readable lexical/Jyutping/tone text for this item; fields remain empty rather than inferred.
SA-00276,輔音,輔音,kw,kw,,,,,,,,,,,audio/consonants/kw/kw_story_005.mp3,https://app.speakalongcuhk.com/assets/voices/kw/5-5.mp3,https://app.speakalongcuhk.com/assets/voices/kw/5-5.mp3,https://app.speakalongcuhk.com/tc/scontent/kw/story,sound:kw:story:5,5-5.mp3,mp3,.mp3,4.832653,44100,2,124834,df89bd3ac726714f4ef57dea4b08a35cc89d117e881078c0b53227597f8d617d,1,yue-Hant,story,,,,The site supplies no machine-readable lexical/Jyutping/tone text for this item; fields remain empty rather than inferred.
SA-00277,輔音,輔音,kw,kw,,,,,,,,,,,audio/consonants/kw/kw_story_006.mp3,https://app.speakalongcuhk.com/assets/voices/kw/5-6.mp3,https://app.speakalongcuhk.com/assets/voices/kw/5-6.mp3,https://app.speakalongcuhk.com/tc/scontent/kw/story,sound:kw:story:6,5-6.mp3,mp3,.mp3,2.951837,44100,2,71021,0058ea37c6c648047d181ce07ebf01ca2d54b667d5e9981ae060ea72336cb8dd,1,yue-Hant,story,,,,The site supplies no machine-readable lexical/Jyutping/tone text for this item; fields remain empty rather than inferred.
SA-00278,輔音,輔音,kw,kw,,,,,,,,,,,audio/consonants/kw/kw_story_007.mp3,https://app.speakalongcuhk.com/assets/voices/kw/5-7.mp3,https://app.speakalongcuhk.com/assets/voices/kw/5-7.mp3,https://app.speakalongcuhk.com/tc/scontent/kw/story,sound:kw:story:7,5-7.mp3,mp3,.mp3,3.500408,44100,2,85063,831a7d280d45f3608fa538310d7cf99b9f28a7f4066f1642a4c8db85c8be3a5c,1,yue-Hant,story,,,,The site supplies no machine-readable lexical/Jyutping/tone text for this item; fields remain empty rather than inferred.
SA-00279,輔音,輔音,m,m,,,,,,馬,,,,,audio/consonants/m/m_001.mp3,https://app.speakalongcuhk.com/assets/voices/m/1-1.mp3,https://app.speakalongcuhk.com/assets/voices/m/1-1.mp3,https://app.speakalongcuhk.com/tc/scontent/m/single,sound:m:single:1,1-1.mp3,mp3,.mp3,1.123265,44100,2,28440,7ddfa62db121cda4da6d75cb981f72fe86ccf988b629ee259228ff3ef502eb49,1,yue-Hant,single,,,,Lexical label is human-curated from source artwork/category; it is not textual metadata supplied by the site.
SA-00280,輔音,輔音,m,m,,,,,,摸,,,,,audio/consonants/m/m_002.mp3,https://app.speakalongcuhk.com/assets/voices/m/1-2.mp3,https://app.speakalongcuhk.com/assets/voices/m/1-2.mp3,https://app.speakalongcuhk.com/tc/scontent/m/single,sound:m:single:2,1-2.mp3,mp3,.mp3,1.123265,44100,2,24941,3016429da4d814cb6c8ee2bb6b25fc2bd313e4ba087e6221a7b70f4bbbb73fb0,1,yue-Hant,single,,,,Lexical label is human-curated from source artwork/category; it is not textual metadata supplied by the site.
SA-00281,輔音,輔音,m,m,,,,,,買,,,,,audio/consonants/m/m_003.mp3,https://app.speakalongcuhk.com/assets/voices/m/1-3.mp3,https://app.speakalongcuhk.com/assets/voices/m/1-3.mp3,https://app.speakalongcuhk.com/tc/scontent/m/single,sound:m:single:3,1-3.mp3,mp3,.mp3,1.018776,44100,2,27764,f6c2d91a4ea65e2b9b7c69acd756edcd96e1aa74fa6e9797d1e74765130df564,1,yue-Hant,single,,,,Lexical label is human-curated from source artwork/category; it is not textual metadata supplied by the site.
SA-00282,輔音,輔音,m,m,,,,,,貓,,,,,audio/consonants/m/m_004.mp3,https://app.speakalongcuhk.com/assets/voices/m/1-4.mp3,https://app.speakalongcuhk.com/assets/voices/m/1-4.mp3,https://app.speakalongcuhk.com/tc/scontent/m/single,sound:m:single:4,1-4.mp3,mp3,.mp3,1.149388,44100,2,26612,db9a7ba2fe0940ed3b2c90561379818ea2357d323354baba48a22f7c0fae00d1,1,yue-Hant,single,,,,Lexical label is human-curated from source artwork/category; it is not textual metadata supplied by the site.
SA-00283,輔音,輔音,m,m,,,,,,帽,,,,,audio/consonants/m/m_005.mp3,https://app.speakalongcuhk.com/assets/voices/m/1-5.mp3,https://app.speakalongcuhk.com/assets/voices/m/1-5.mp3,https://app.speakalongcuhk.com/tc/scontent/m/single,sound:m:single:5,1-5.mp3,mp3,.mp3,1.123265,44100,2,27188,484a5d530c292306d024994088a94dc6614a5cc860dbaa8a5b324d56860f10c3,1,yue-Hant,single,,,,Lexical label is human-curated from source artwork/category; it is not textual metadata supplied by the site.
SA-00284,輔音,輔音,m,m,,,,,,門,,,,,audio/consonants/m/m_006.mp3,https://app.speakalongcuhk.com/assets/voices/m/1-6.mp3,https://app.speakalongcuhk.com/assets/voices/m/1-6.mp3,https://app.speakalongcuhk.com/tc/scontent/m/single,sound:m:single:6,1-6.mp3,mp3,.mp3,1.17551,44100,2,26925,8325ed5073fe0c9758c950579d5e6552237f0d0effb40d825c9281f8f74cf2cf,1,yue-Hant,single,,,,Lexical label is human-curated from source artwork/category; it is not textual metadata supplied by the site.
SA-00285,輔音,輔音,m,m,,,,,,尾,,,,,audio/consonants/m/m_007.mp3,https://app.speakalongcuhk.com/assets/voices/m/1-7.mp3,https://app.speakalongcuhk.com/assets/voices/m/1-7.mp3,https://app.speakalongcuhk.com/tc/scontent/m/single,sound:m:single:7,1-7.mp3,mp3,.mp3,1.07102,44100,2,25986,20cb5b202ecf94b11b3ce273b5528138818f1acef7572137d1721ded81317dd9,1,yue-Hant,single,,,,Lexical label is human-curated from source artwork/category; it is not textual metadata supplied by the site.
SA-00286,輔音,輔音,m,m,,,,,,襪,,,,,audio/consonants/m/m_008.mp3,https://app.speakalongcuhk.com/assets/voices/m/1-8.mp3,https://app.speakalongcuhk.com/assets/voices/m/1-8.mp3,https://app.speakalongcuhk.com/tc/scontent/m/single,sound:m:single:8,1-8.mp3,mp3,.mp3,1.097143,44100,2,24264,145524fd7e08f2e6859f196e66b533b6fdf45e76e7c0bf7e564a2629106655f2,1,yue-Hant,single,,,,Lexical label is human-curated from source artwork/category; it is not textual metadata supplied by the site.
SA-00287,輔音,輔音,m,m,,,,,,蚊,,,,,audio/consonants/m/m_009.mp3,https://app.speakalongcuhk.com/assets/voices/m/1-9.mp3,https://app.speakalongcuhk.com/assets/voices/m/1-9.mp3,https://app.speakalongcuhk.com/tc/scontent/m/single,sound:m:single:9,1-9.mp3,mp3,.mp3,1.17551,44100,2,27028,529eb6b8a63843031e6ea168d1e83ae76a89f5ad9c71e2a0f48f485bdc124050,1,yue-Hant,single,,,,Lexical label is human-curated from source artwork/category; it is not textual metadata supplied by the site.
SA-00288,輔音,輔音,m,m,,,,,,麵,,,,,audio/consonants/m/m_010.mp3,https://app.speakalongcuhk.com/assets/voices/m/1-10.mp3,https://app.speakalongcuhk.com/assets/voices/m/1-10.mp3,https://app.speakalongcuhk.com/tc/scontent/m/single,sound:m:single:10,1-10.mp3,mp3,.mp3,1.253878,44100,2,29533,820533e6194ae8e0348114cc0caba0c1c215f3ac09e690d6167282fa2ce49bc1,1,yue-Hant,single,,,,Lexical label is human-curated from source artwork/category; it is not textual metadata supplied by the site.
SA-00289,輔音,輔音,m,m,,,,,,,,,,,audio/consonants/m/m_word_001.mp3,https://app.speakalongcuhk.com/assets/voices/m/2-1.mp3,https://app.speakalongcuhk.com/assets/voices/m/2-1.mp3,https://app.speakalongcuhk.com/tc/scontent/m/word,sound:m:word:1,2-1.mp3,mp3,.mp3,1.436735,44100,2,38095,b5836a27bcd13d3937a182dc0341883250b49267f54e706ece6aac8ea8b8eee2,1,yue-Hant,word,,,,The site supplies no machine-readable lexical/Jyutping/tone text for this item; fields remain empty rather than inferred.
SA-00290,輔音,輔音,m,m,,,,,,,,,,,audio/consonants/m/m_word_002.mp3,https://app.speakalongcuhk.com/assets/voices/m/2-2.mp3,https://app.speakalongcuhk.com/assets/voices/m/2-2.mp3,https://app.speakalongcuhk.com/tc/scontent/m/word,sound:m:word:2,2-2.mp3,mp3,.mp3,1.17551,44100,2,27132,35168cf7d3dd4151574ec82cc86b6bc9ba023141ef3a0c5250b0c885197b8950,1,yue-Hant,word,,,,The site supplies no machine-readable lexical/Jyutping/tone text for this item; fields remain empty rather than inferred.
SA-00291,輔音,輔音,m,m,,,,,,,,,,,audio/consonants/m/m_word_003.mp3,https://app.speakalongcuhk.com/assets/voices/m/2-3.mp3,https://app.speakalongcuhk.com/assets/voices/m/2-3.mp3,https://app.speakalongcuhk.com/tc/scontent/m/word,sound:m:word:3,2-3.mp3,mp3,.mp3,1.436735,44100,2,33603,fee93121f445a18435afec13a476e79f7de8c32e19bf3c33e9f9f10a10758f2e,1,yue-Hant,word,,,,The site supplies no machine-readable lexical/Jyutping/tone text for this item; fields remain empty rather than inferred.
SA-00292,輔音,輔音,m,m,,,,,,,,,,,audio/consonants/m/m_word_004.mp3,https://app.speakalongcuhk.com/assets/voices/m/2-4.mp3,https://app.speakalongcuhk.com/assets/voices/m/2-4.mp3,https://app.speakalongcuhk.com/tc/scontent/m/word,sound:m:word:4,2-4.mp3,mp3,.mp3,1.541224,44100,2,41491,3a999b3d21a7a52a5875fc7bf58eae85b53591c9a52d33dc0b865cc17b42ef63,1,yue-Hant,word,,,,The site supplies no machine-readable lexical/Jyutping/tone text for this item; fields remain empty rather than inferred.
SA-00293,輔音,輔音,m,m,,,,,,,,,,,audio/consonants/m/m_word_005.mp3,https://app.speakalongcuhk.com/assets/voices/m/2-5.mp3,https://app.speakalongcuhk.com/assets/voices/m/2-5.mp3,https://app.speakalongcuhk.com/tc/scontent/m/word,sound:m:word:5,2-5.mp3,mp3,.mp3,1.48898,44100,2,39243,f858669ede03e7f6ccec255a562d91cbcd24f96c711bcb7a4573b1506de6b5f7,1,yue-Hant,word,,,,The site supplies no machine-readable lexical/Jyutping/tone text for this item; fields remain empty rather than inferred.
SA-00294,輔音,輔音,m,m,,,,,,,,,,,audio/consonants/m/m_word_006.mp3,https://app.speakalongcuhk.com/assets/voices/m/2-6.mp3,https://app.speakalongcuhk.com/assets/voices/m/2-6.mp3,https://app.speakalongcuhk.com/tc/scontent/m/word,sound:m:word:6,2-6.mp3,mp3,.mp3,1.38449,44100,2,35356,72264dacaeeed5d9ea4bd3ba9dfaaaf7f512ae5b9b426de66bba94251ffcca0a,1,yue-Hant,word,,,,The site supplies no machine-readable lexical/Jyutping/tone text for this item; fields remain empty rather than inferred.
SA-00295,輔音,輔音,m,m,,,,,,,,,,,audio/consonants/m/m_word_007.mp3,https://app.speakalongcuhk.com/assets/voices/m/2-7.mp3,https://app.speakalongcuhk.com/assets/voices/m/2-7.mp3,https://app.speakalongcuhk.com/tc/scontent/m/word,sound:m:word:7,2-7.mp3,mp3,.mp3,1.541224,44100,2,36525,2038ce830740b495000c927e7d7a3cb9f4e50372f44b266ce3b6e47b57ae4842,1,yue-Hant,word,,,,The site supplies no machine-readable lexical/Jyutping/tone text for this item; fields remain empty rather than inferred.
SA-00296,輔音,輔音,m,m,,,,,,,,,,,audio/consonants/m/m_word_008.mp3,https://app.speakalongcuhk.com/assets/voices/m/2-8.mp3,https://app.speakalongcuhk.com/assets/voices/m/2-8.mp3,https://app.speakalongcuhk.com/tc/scontent/m/word,sound:m:word:8,2-8.mp3,mp3,.mp3,1.567347,44100,2,38930,1697e0c19ce7c57088d2215aefea8119170364fb06b4a5e121dc4dac62d48cdc,1,yue-Hant,word,,,,The site supplies no machine-readable lexical/Jyutping/tone text for this item; fields remain empty rather than inferred.
SA-00297,輔音,輔音,m,m,,,,,,,,,,,audio/consonants/m/m_word_009.mp3,https://app.speakalongcuhk.com/assets/voices/m/2-9.mp3,https://app.speakalongcuhk.com/assets/voices/m/2-9.mp3,https://app.speakalongcuhk.com/tc/scontent/m/word,sound:m:word:9,2-9.mp3,mp3,.mp3,1.515102,44100,2,37779,78477cd4186c9f7f94730a8f1656ae8113038453b9ba3cbd53dcc24b0a450fac,1,yue-Hant,word,,,,The site supplies no machine-readable lexical/Jyutping/tone text for this item; fields remain empty rather than inferred.
SA-00298,輔音,輔音,m,m,,,,,,,,,,,audio/consonants/m/m_word_010.mp3,https://app.speakalongcuhk.com/assets/voices/m/2-10.mp3,https://app.speakalongcuhk.com/assets/voices/m/2-10.mp3,https://app.speakalongcuhk.com/tc/scontent/m/word,sound:m:word:10,2-10.mp3,mp3,.mp3,1.253878,44100,2,31520,648e023b36479149b70de53901478ecca8abbdb2c30be97395bc04599a14ce4b,1,yue-Hant,word,,,,The site supplies no machine-readable lexical/Jyutping/tone text for this item; fields remain empty rather than inferred.
SA-00299,輔音,輔音,m,m,,,,,,,,,,,audio/consonants/m/m_sentence_001.mp3,https://app.speakalongcuhk.com/assets/voices/m/4-1.mp3,https://app.speakalongcuhk.com/assets/voices/m/4-1.mp3,https://app.speakalongcuhk.com/tc/scontent/m/sentence,sound:m:sentence:1,4-1.mp3,mp3,.mp3,1.880816,44100,2,47070,302c4633b0575e35a6e7ae4c0a847704b169d1480284ff6acf14963c2c072526,1,yue-Hant,sentence,,,,The site supplies no machine-readable lexical/Jyutping/tone text for this item; fields remain empty rather than inferred.
SA-00300,輔音,輔音,m,m,,,,,,,,,,,audio/consonants/m/m_sentence_002.mp3,https://app.speakalongcuhk.com/assets/voices/m/4-2.mp3,https://app.speakalongcuhk.com/assets/voices/m/4-2.mp3,https://app.speakalongcuhk.com/tc/scontent/m/sentence,sound:m:sentence:2,4-2.mp3,mp3,.mp3,3.369796,44100,2,83702,027883c635f203866e3965909cb0dedeb95b4790f72b364f52a4f6c31e723fff,1,yue-Hant,sentence,,,,The site supplies no machine-readable lexical/Jyutping/tone text for this item; fields remain empty rather than inferred.
SA-00301,輔音,輔音,m,m,,,,,,,,,,,audio/consonants/m/m_sentence_003.mp3,https://app.speakalongcuhk.com/assets/voices/m/4-3.mp3,https://app.speakalongcuhk.com/assets/voices/m/4-3.mp3,https://app.speakalongcuhk.com/tc/scontent/m/sentence,sound:m:sentence:3,4-3.mp3,mp3,.mp3,1.515102,44100,2,40807,d5be5e494628fcdd2f7344757eedb22c4a0dff85ba8167a1aa18746d40c8e222,1,yue-Hant,sentence,,,,The site supplies no machine-readable lexical/Jyutping/tone text for this item; fields remain empty rather than inferred.
SA-00302,輔音,輔音,m,m,,,,,,,,,,,audio/consonants/m/m_sentence_004.mp3,https://app.speakalongcuhk.com/assets/voices/m/4-4.mp3,https://app.speakalongcuhk.com/assets/voices/m/4-4.mp3,https://app.speakalongcuhk.com/tc/scontent/m/sentence,sound:m:sentence:4,4-4.mp3,mp3,.mp3,2.76898,44100,2,75408,d22fb61e0f6ec282f701da5688e6b9d2a48d986e89513f1751666d34c5f0b284,1,yue-Hant,sentence,,,,The site supplies no machine-readable lexical/Jyutping/tone text for this item; fields remain empty rather than inferred.
SA-00303,輔音,輔音,m,m,,,,,,,,,,,audio/consonants/m/m_sentence_005.mp3,https://app.speakalongcuhk.com/assets/voices/m/4-5.mp3,https://app.speakalongcuhk.com/assets/voices/m/4-5.mp3,https://app.speakalongcuhk.com/tc/scontent/m/sentence,sound:m:sentence:5,4-5.mp3,mp3,.mp3,2.246531,44100,2,57297,8f54e97c1657c6cac8d2920df3a5f2b5f10b9c22295f66345db3dd0f84480f47,1,yue-Hant,sentence,,,,The site supplies no machine-readable lexical/Jyutping/tone text for this item; fields remain empty rather than inferred.
SA-00304,輔音,輔音,m,m,,,,,,,,,,,audio/consonants/m/m_sentence_006.mp3,https://app.speakalongcuhk.com/assets/voices/m/4-6.mp3,https://app.speakalongcuhk.com/assets/voices/m/4-6.mp3,https://app.speakalongcuhk.com/tc/scontent/m/sentence,sound:m:sentence:6,4-6.mp3,mp3,.mp3,3.761633,44100,2,93620,ea738a2a5861a9df8055c935bcb192a47c2d439ebb4d4b69448f917a534af12a,1,yue-Hant,sentence,,,,The site supplies no machine-readable lexical/Jyutping/tone text for this item; fields remain empty rather than inferred.
SA-00305,輔音,輔音,m,m,,,,,,,,,,,audio/consonants/m/m_sentence_007.mp3,https://app.speakalongcuhk.com/assets/voices/m/4-7.mp3,https://app.speakalongcuhk.com/assets/voices/m/4-7.mp3,https://app.speakalongcuhk.com/tc/scontent/m/sentence,sound:m:sentence:7,4-7.mp3,mp3,.mp3,3.526531,44100,2,88921,ada6aafdc019e4a6bc8b76858e47f4e438778d8b29886ee714d15ae19e6a0d98,1,yue-Hant,sentence,,,,The site supplies no machine-readable lexical/Jyutping/tone text for this item; fields remain empty rather than inferred.
SA-00306,輔音,輔音,m,m,,,,,,,,,,,audio/consonants/m/m_sentence_008.mp3,https://app.speakalongcuhk.com/assets/voices/m/4-8.mp3,https://app.speakalongcuhk.com/assets/voices/m/4-8.mp3,https://app.speakalongcuhk.com/tc/scontent/m/sentence,sound:m:sentence:8,4-8.mp3,mp3,.mp3,3.73551,44100,2,93832,432e617567e41ab0ae760339d7a8de999dd5bd9dd6d22a8f1dae1ae401f6d9c9,1,yue-Hant,sentence,,,,The site supplies no machine-readable lexical/Jyutping/tone text for this item; fields remain empty rather than inferred.
SA-00307,輔音,輔音,m,m,,,,,,,,,,,audio/consonants/m/m_sentence_009.mp3,https://app.speakalongcuhk.com/assets/voices/m/4-9.mp3,https://app.speakalongcuhk.com/assets/voices/m/4-9.mp3,https://app.speakalongcuhk.com/tc/scontent/m/sentence,sound:m:sentence:9,4-9.mp3,mp3,.mp3,3.761633,44100,2,94765,37d7f848fee133a3affbeaee10a915a0cf494fd68aae786f8b83cca23731b232,1,yue-Hant,sentence,,,,The site supplies no machine-readable lexical/Jyutping/tone text for this item; fields remain empty rather than inferred.
SA-00308,輔音,輔音,m,m,,,,,,,,,,,audio/consonants/m/m_sentence_010.mp3,https://app.speakalongcuhk.com/assets/voices/m/4-10.mp3,https://app.speakalongcuhk.com/assets/voices/m/4-10.mp3,https://app.speakalongcuhk.com/tc/scontent/m/sentence,sound:m:sentence:10,4-10.mp3,mp3,.mp3,4.414694,44100,2,116161,d58bfcf59446aeec840ea5b0dd3624494e23c5013b8723309ce43b6f99fd71b9,1,yue-Hant,sentence,,,,The site supplies no machine-readable lexical/Jyutping/tone text for this item; fields remain empty rather than inferred.
SA-00309,輔音,輔音,m,m,,,,,,,,,,,audio/consonants/m/m_story_001.mp3,https://app.speakalongcuhk.com/assets/voices/m/5-1.mp3,https://app.speakalongcuhk.com/assets/voices/m/5-1.mp3,https://app.speakalongcuhk.com/tc/scontent/m/story,sound:m:story:1,5-1.mp3,mp3,.mp3,3.761633,44100,2,97374,8f647959f2216cb46e39aec3a3173ffc17d2c4f7f7a9f626266502f06c87d008,1,yue-Hant,story,,,,The site supplies no machine-readable lexical/Jyutping/tone text for this item; fields remain empty rather than inferred.
SA-00310,輔音,輔音,m,m,,,,,,,,,,,audio/consonants/m/m_story_002.mp3,https://app.speakalongcuhk.com/assets/voices/m/5-2.mp3,https://app.speakalongcuhk.com/assets/voices/m/5-2.mp3,https://app.speakalongcuhk.com/tc/scontent/m/story,sound:m:story:2,5-2.mp3,mp3,.mp3,3.056327,44100,2,77649,5404fb0285e95d0edf9c05ca89577191ed89b7cb1f3d8557986713f48e8e5ec1,1,yue-Hant,story,,,,The site supplies no machine-readable lexical/Jyutping/tone text for this item; fields remain empty rather than inferred.
SA-00311,輔音,輔音,m,m,,,,,,,,,,,audio/consonants/m/m_story_003.mp3,https://app.speakalongcuhk.com/assets/voices/m/5-3.mp3,https://app.speakalongcuhk.com/assets/voices/m/5-3.mp3,https://app.speakalongcuhk.com/tc/scontent/m/story,sound:m:story:3,5-3.mp3,mp3,.mp3,6.164898,44100,2,164805,3973a9064c03f09ff1205f44f4f1020cfe0573cff9a61269c6030dcfde04b514,1,yue-Hant,story,,,,The site supplies no machine-readable lexical/Jyutping/tone text for this item; fields remain empty rather than inferred.
SA-00312,輔音,輔音,m,m,,,,,,,,,,,audio/consonants/m/m_story_004.mp3,https://app.speakalongcuhk.com/assets/voices/m/5-4.mp3,https://app.speakalongcuhk.com/assets/voices/m/5-4.mp3,https://app.speakalongcuhk.com/tc/scontent/m/story,sound:m:story:4,5-4.mp3,mp3,.mp3,1.593469,44100,2,40076,01b19452b6dfdb2fdc1628d5941fdbcb415efc3434319439e0c198cb6da46263,1,yue-Hant,story,,,,The site supplies no machine-readable lexical/Jyutping/tone text for this item; fields remain empty rather than inferred.
SA-00313,輔音,輔音,m,m,,,,,,,,,,,audio/consonants/m/m_story_005.mp3,https://app.speakalongcuhk.com/assets/voices/m/5-5.mp3,https://app.speakalongcuhk.com/assets/voices/m/5-5.mp3,https://app.speakalongcuhk.com/tc/scontent/m/story,sound:m:story:5,5-5.mp3,mp3,.mp3,4.754286,44100,2,120858,f7906a4ae677ae9d6ee4651d1a39e93961e60c7f44ab0e8727215aad417d2bf2,1,yue-Hant,story,,,,The site supplies no machine-readable lexical/Jyutping/tone text for this item; fields remain empty rather than inferred.
SA-00314,輔音,輔音,m,m,,,,,,,,,,,audio/consonants/m/m_story_006.mp3,https://app.speakalongcuhk.com/assets/voices/m/5-6.mp3,https://app.speakalongcuhk.com/assets/voices/m/5-6.mp3,https://app.speakalongcuhk.com/tc/scontent/m/story,sound:m:story:6,5-6.mp3,mp3,.mp3,3.082449,44100,2,79739,360f31db7513a55d066f5596497281a811475be22158c4e6bb37880b47147fd2,1,yue-Hant,story,,,,The site supplies no machine-readable lexical/Jyutping/tone text for this item; fields remain empty rather than inferred.
SA-00315,輔音,輔音,n,n,,,,,,你,,,,,audio/consonants/n/n_001.mp3,https://app.speakalongcuhk.com/assets/voices/n/1-1.mp3,https://app.speakalongcuhk.com/assets/voices/n/1-1.mp3,https://app.speakalongcuhk.com/tc/scontent/n/single,sound:n:single:1,1-1.mp3,mp3,.mp3,1.097143,44100,2,26301,0667b7aff3ca2328ad77cf3de932c342a8dfeb929510dfe1174f52874611baf8,1,yue-Hant,single,,,,Lexical label is human-curated from source artwork/category; it is not textual metadata supplied by the site.
SA-00316,輔音,輔音,n,n,,,,,,泥,,,,,audio/consonants/n/n_002.mp3,https://app.speakalongcuhk.com/assets/voices/n/1-2.mp3,https://app.speakalongcuhk.com/assets/voices/n/1-2.mp3,https://app.speakalongcuhk.com/tc/scontent/n/single,sound:n:single:2,1-2.mp3,mp3,.mp3,1.07102,44100,2,25256,2fa76f2f6608a4ba256609234b6c2f7e923030313973635b38e5b3fd49aeccb4,1,yue-Hant,single,,,,Lexical label is human-curated from source artwork/category; it is not textual metadata supplied by the site.
SA-00317,輔音,輔音,n,n,,,,,,鬧,,,,,audio/consonants/n/n_003.mp3,https://app.speakalongcuhk.com/assets/voices/n/1-3.mp3,https://app.speakalongcuhk.com/assets/voices/n/1-3.mp3,https://app.speakalongcuhk.com/tc/scontent/n/single,sound:n:single:3,1-3.mp3,mp3,.mp3,1.17551,44100,2,27343,06007bd4cfaeec3895b36e646a243fe470acb7ba9106d4b812ca47c63e7ba103,1,yue-Hant,single,,,,Lexical label is human-curated from source artwork/category; it is not textual metadata supplied by the site.
SA-00318,輔音,輔音,n,n,,,,,,尿,,,,,audio/consonants/n/n_004.mp3,https://app.speakalongcuhk.com/assets/voices/n/1-4.mp3,https://app.speakalongcuhk.com/assets/voices/n/1-4.mp3,https://app.speakalongcuhk.com/tc/scontent/n/single,sound:n:single:4,1-4.mp3,mp3,.mp3,1.07102,44100,2,25672,c1f62ab4ae59d7306ee045d690ad2c80857b84e36e3ceb5d3216697dbf037916,1,yue-Hant,single,,,,Lexical label is human-curated from source artwork/category; it is not textual metadata supplied by the site.
SA-00319,輔音,輔音,n,n,,,,,,奶,,,,,audio/consonants/n/n_005.mp3,https://app.speakalongcuhk.com/assets/voices/n/1-5.mp3,https://app.speakalongcuhk.com/assets/voices/n/1-5.mp3,https://app.speakalongcuhk.com/tc/scontent/n/single,sound:n:single:5,1-5.mp3,mp3,.mp3,1.044898,44100,2,27451,6b77d49cd10a65a4a05ddc9ba33696e18a6dba6fdfd14202414bd3d5451d0bf8,1,yue-Hant,single,,,,Lexical label is human-curated from source artwork/category; it is not textual metadata supplied by the site.
SA-00320,輔音,輔音,n,n,,,,,,諗,,,,,audio/consonants/n/n_006.mp3,https://app.speakalongcuhk.com/assets/voices/n/1-6.mp3,https://app.speakalongcuhk.com/assets/voices/n/1-6.mp3,https://app.speakalongcuhk.com/tc/scontent/n/single,sound:n:single:6,1-6.mp3,mp3,.mp3,1.07102,44100,2,23480,3e67f7efd94a838b76875424971f2644ba87e0c8c431599298c5ee18af0da2fb,1,yue-Hant,single,,,,Lexical label is human-curated from source artwork/category; it is not textual metadata supplied by the site.
SA-00321,輔音,輔音,n,n,,,,,,鈕,,,,,audio/consonants/n/n_007.mp3,https://app.speakalongcuhk.com/assets/voices/n/1-7.mp3,https://app.speakalongcuhk.com/assets/voices/n/1-7.mp3,https://app.speakalongcuhk.com/tc/scontent/n/single,sound:n:single:7,1-7.mp3,mp3,.mp3,1.044898,44100,2,25046,cd72fd0a6f7c2a178d899f6bb92b4b025c0a7e7b66084520b45f22824b075a27,1,yue-Hant,single,,,,Lexical label is human-curated from source artwork/category; it is not textual metadata supplied by the site.
SA-00322,輔音,輔音,n,n,,,,,,難,,,,,audio/consonants/n/n_008.mp3,https://app.speakalongcuhk.com/assets/voices/n/1-8.mp3,https://app.speakalongcuhk.com/assets/voices/n/1-8.mp3,https://app.speakalongcuhk.com/tc/scontent/n/single,sound:n:single:8,1-8.mp3,mp3,.mp3,1.07102,44100,2,27031,743e639654e8dad06e8e9d09cfbfad23488af7b6cd85564a608e693286cd5c2d,1,yue-Hant,single,,,,Lexical label is human-curated from source artwork/category; it is not textual metadata supplied by the site.
SA-00323,輔音,輔音,n,n,,,,,,嬲,,,,,audio/consonants/n/n_009.mp3,https://app.speakalongcuhk.com/assets/voices/n/1-9.mp3,https://app.speakalongcuhk.com/assets/voices/n/1-9.mp3,https://app.speakalongcuhk.com/tc/scontent/n/single,sound:n:single:9,1-9.mp3,mp3,.mp3,1.07102,44100,2,25045,3e6ecc8b822f92715a106ce169578fbab93a8b08fd9183ffd67a314a5bfe4e2b,1,yue-Hant,single,,,,Lexical label is human-curated from source artwork/category; it is not textual metadata supplied by the site.
SA-00324,輔音,輔音,n,n,,,,,,腦,,,,,audio/consonants/n/n_010.mp3,https://app.speakalongcuhk.com/assets/voices/n/1-10.mp3,https://app.speakalongcuhk.com/assets/voices/n/1-10.mp3,https://app.speakalongcuhk.com/tc/scontent/n/single,sound:n:single:10,1-10.mp3,mp3,.mp3,1.018776,44100,2,23690,6c435f8dc6a501bcdb2e496a378035d3e89701d6e8963185dc49c4ad3c120019,1,yue-Hant,single,,,,Lexical label is human-curated from source artwork/category; it is not textual metadata supplied by the site.
SA-00325,輔音,輔音,n,n,,,,,,,,,,,audio/consonants/n/n_word_001.mp3,https://app.speakalongcuhk.com/assets/voices/n/2-1.mp3,https://app.speakalongcuhk.com/assets/voices/n/2-1.mp3,https://app.speakalongcuhk.com/tc/scontent/n/word,sound:n:word:1,2-1.mp3,mp3,.mp3,1.436735,44100,2,34127,9fd209458a8e8034d89e380d521e0a9a6c0de249e7d1596a5e0647a79304aae5,1,yue-Hant,word,,,,The site supplies no machine-readable lexical/Jyutping/tone text for this item; fields remain empty rather than inferred.
SA-00326,輔音,輔音,n,n,,,,,,,,,,,audio/consonants/n/n_word_002.mp3,https://app.speakalongcuhk.com/assets/voices/n/2-2.mp3,https://app.speakalongcuhk.com/assets/voices/n/2-2.mp3,https://app.speakalongcuhk.com/tc/scontent/n/word,sound:n:word:2,2-2.mp3,mp3,.mp3,1.436735,44100,2,35901,5d8cd25703d1ef2bf19f6401cada8b07b0eb0acb1991f8fc0d8e4086a72ae940,1,yue-Hant,word,,,,The site supplies no machine-readable lexical/Jyutping/tone text for this item; fields remain empty rather than inferred.
SA-00327,輔音,輔音,n,n,,,,,,,,,,,audio/consonants/n/n_word_003.mp3,https://app.speakalongcuhk.com/assets/voices/n/2-3.mp3,https://app.speakalongcuhk.com/assets/voices/n/2-3.mp3,https://app.speakalongcuhk.com/tc/scontent/n/word,sound:n:word:3,2-3.mp3,mp3,.mp3,1.410612,44100,2,36843,0044750a5bc7eb58fae124c08adfde7e354121b76aa1530aee61a35d0b54eed8,1,yue-Hant,word,,,,The site supplies no machine-readable lexical/Jyutping/tone text for this item; fields remain empty rather than inferred.
SA-00328,輔音,輔音,n,n,,,,,,,,,,,audio/consonants/n/n_word_004.mp3,https://app.speakalongcuhk.com/assets/voices/n/2-4.mp3,https://app.speakalongcuhk.com/assets/voices/n/2-4.mp3,https://app.speakalongcuhk.com/tc/scontent/n/word,sound:n:word:4,2-4.mp3,mp3,.mp3,1.436735,44100,2,36532,a57190238793b6e9c181a404ada16fb6c6f4deb175ed305db029debd28f8ffee,1,yue-Hant,word,,,,The site supplies no machine-readable lexical/Jyutping/tone text for this item; fields remain empty rather than inferred.
SA-00329,輔音,輔音,n,n,,,,,,,,,,,audio/consonants/n/n_word_005.mp3,https://app.speakalongcuhk.com/assets/voices/n/2-5.mp3,https://app.speakalongcuhk.com/assets/voices/n/2-5.mp3,https://app.speakalongcuhk.com/tc/scontent/n/word,sound:n:word:5,2-5.mp3,mp3,.mp3,1.462857,44100,2,34960,bbbc77c32195bddb2c5483ee7ecf226cd37a83b7d147a018101fc14895aed4a8,1,yue-Hant,word,,,,The site supplies no machine-readable lexical/Jyutping/tone text for this item; fields remain empty rather than inferred.
SA-00330,輔音,輔音,n,n,,,,,,,,,,,audio/consonants/n/n_word_006.mp3,https://app.speakalongcuhk.com/assets/voices/n/2-6.mp3,https://app.speakalongcuhk.com/assets/voices/n/2-6.mp3,https://app.speakalongcuhk.com/tc/scontent/n/word,sound:n:word:6,2-6.mp3,mp3,.mp3,1.541224,44100,2,35378,492fbd01e753f3bccae1bd73608991d5e07fbb7d8a986b43374c31a84fcf0004,1,yue-Hant,word,,,,The site supplies no machine-readable lexical/Jyutping/tone text for this item; fields remain empty rather than inferred.
SA-00331,輔音,輔音,n,n,,,,,,,,,,,audio/consonants/n/n_word_007.mp3,https://app.speakalongcuhk.com/assets/voices/n/2-7.mp3,https://app.speakalongcuhk.com/assets/voices/n/2-7.mp3,https://app.speakalongcuhk.com/tc/scontent/n/word,sound:n:word:7,2-7.mp3,mp3,.mp3,1.619592,44100,2,42897,c8253031e66d75580ed9111583bf884053143c765cfc4f5715a0e3e419385274,1,yue-Hant,word,,,,The site supplies no machine-readable lexical/Jyutping/tone text for this item; fields remain empty rather than inferred.
SA-00332,輔音,輔音,n,n,,,,,,,,,,,audio/consonants/n/n_word_008.mp3,https://app.speakalongcuhk.com/assets/voices/n/2-8.mp3,https://app.speakalongcuhk.com/assets/voices/n/2-8.mp3,https://app.speakalongcuhk.com/tc/scontent/n/word,sound:n:word:8,2-8.mp3,mp3,.mp3,1.645714,44100,2,38825,33be07739ad83706d4952bd5053d10dec5b774b7a5554fa88fbbc924cf4a1630,1,yue-Hant,word,,,,The site supplies no machine-readable lexical/Jyutping/tone text for this item; fields remain empty rather than inferred.
SA-00333,輔音,輔音,n,n,,,,,,,,,,,audio/consonants/n/n_word_009.mp3,https://app.speakalongcuhk.com/assets/voices/n/2-9.mp3,https://app.speakalongcuhk.com/assets/voices/n/2-9.mp3,https://app.speakalongcuhk.com/tc/scontent/n/word,sound:n:word:9,2-9.mp3,mp3,.mp3,1.645714,44100,2,39394,8e4e721d5ed1000af9f98b38c14b9e674df1e77268f7476008e0679ff59e9d84,1,yue-Hant,word,,,,The site supplies no machine-readable lexical/Jyutping/tone text for this item; fields remain empty rather than inferred.
SA-00334,輔音,輔音,n,n,,,,,,,,,,,audio/consonants/n/n_word_010.mp3,https://app.speakalongcuhk.com/assets/voices/n/2-10.mp3,https://app.speakalongcuhk.com/assets/voices/n/2-10.mp3,https://app.speakalongcuhk.com/tc/scontent/n/word,sound:n:word:10,2-10.mp3,mp3,.mp3,1.436735,44100,2,35432,525a1c4e58949e710fe76c900bd5d58f3bffa8a55a419389e8fe94068e95cd84,1,yue-Hant,word,,,,The site supplies no machine-readable lexical/Jyutping/tone text for this item; fields remain empty rather than inferred.
SA-00335,輔音,輔音,n,n,,,,,,,,,,,audio/consonants/n/n_sentence_001.mp3,https://app.speakalongcuhk.com/assets/voices/n/4-1.mp3,https://app.speakalongcuhk.com/assets/voices/n/4-1.mp3,https://app.speakalongcuhk.com/tc/scontent/n/sentence,sound:n:sentence:1,4-1.mp3,mp3,.mp3,2.56,44100,2,68053,1f8f2e36e7c5c4e5eb8c2c011cd94ebae1ca78c5107f769f6d3c5e9f88e7fe9c,1,yue-Hant,sentence,,,,The site supplies no machine-readable lexical/Jyutping/tone text for this item; fields remain empty rather than inferred.
SA-00336,輔音,輔音,n,n,,,,,,,,,,,audio/consonants/n/n_sentence_002.mp3,https://app.speakalongcuhk.com/assets/voices/n/4-2.mp3,https://app.speakalongcuhk.com/assets/voices/n/4-2.mp3,https://app.speakalongcuhk.com/tc/scontent/n/sentence,sound:n:sentence:2,4-2.mp3,mp3,.mp3,2.821224,44100,2,68461,d1fcde321804601e06a8de033fb1bbdcdbca4c03e059d2e5c68c76dc9f9a4032,1,yue-Hant,sentence,,,,The site supplies no machine-readable lexical/Jyutping/tone text for this item; fields remain empty rather than inferred.
SA-00337,輔音,輔音,n,n,,,,,,,,,,,audio/consonants/n/n_sentence_003.mp3,https://app.speakalongcuhk.com/assets/voices/n/4-3.mp3,https://app.speakalongcuhk.com/assets/voices/n/4-3.mp3,https://app.speakalongcuhk.com/tc/scontent/n/sentence,sound:n:sentence:3,4-3.mp3,mp3,.mp3,4.231837,44100,2,108022,94f27551380062b52291ee972ab5c46501338ed035da36b1908ec52bda350b82,1,yue-Hant,sentence,,,,The site supplies no machine-readable lexical/Jyutping/tone text for this item; fields remain empty rather than inferred.
SA-00338,輔音,輔音,n,n,,,,,,,,,,,audio/consonants/n/n_sentence_004.mp3,https://app.speakalongcuhk.com/assets/voices/n/4-4.mp3,https://app.speakalongcuhk.com/assets/voices/n/4-4.mp3,https://app.speakalongcuhk.com/tc/scontent/n/sentence,sound:n:sentence:4,4-4.mp3,mp3,.mp3,5.877551,44100,2,142414,249251a40bbff362655865595c1ed55599cff8034b995bf79dee9b31299ef089,1,yue-Hant,sentence,,,,The site supplies no machine-readable lexical/Jyutping/tone text for this item; fields remain empty rather than inferred.
SA-00339,輔音,輔音,n,n,,,,,,,,,,,audio/consonants/n/n_sentence_005.mp3,https://app.speakalongcuhk.com/assets/voices/n/4-5.mp3,https://app.speakalongcuhk.com/assets/voices/n/4-5.mp3,https://app.speakalongcuhk.com/tc/scontent/n/sentence,sound:n:sentence:5,4-5.mp3,mp3,.mp3,3.474286,44100,2,90909,f6ae0dd0184759c5032e741017cf4169cd15c95134098ae99185126622bdce04,1,yue-Hant,sentence,,,,The site supplies no machine-readable lexical/Jyutping/tone text for this item; fields remain empty rather than inferred.
SA-00340,輔音,輔音,n,n,,,,,,,,,,,audio/consonants/n/n_sentence_006.mp3,https://app.speakalongcuhk.com/assets/voices/n/4-6.mp3,https://app.speakalongcuhk.com/assets/voices/n/4-6.mp3,https://app.speakalongcuhk.com/tc/scontent/n/sentence,sound:n:sentence:6,4-6.mp3,mp3,.mp3,2.925714,44100,2,70866,b2568c138107a968f3d15f44ad6e2389acf7e051412724bef5f80df41ff4627d,1,yue-Hant,sentence,,,,The site supplies no machine-readable lexical/Jyutping/tone text for this item; fields remain empty rather than inferred.
SA-00341,輔音,輔音,n,n,,,,,,,,,,,audio/consonants/n/n_sentence_007.mp3,https://app.speakalongcuhk.com/assets/voices/n/4-7.mp3,https://app.speakalongcuhk.com/assets/voices/n/4-7.mp3,https://app.speakalongcuhk.com/tc/scontent/n/sentence,sound:n:sentence:7,4-7.mp3,mp3,.mp3,2.873469,44100,2,79952,6c4c08ad8f77aa2fb1dbfbe0b4c587c7cd7a477fbd4bd1342704e94abae39f25,1,yue-Hant,sentence,,,,The site supplies no machine-readable lexical/Jyutping/tone text for this item; fields remain empty rather than inferred.
SA-00342,輔音,輔音,n,n,,,,,,,,,,,audio/consonants/n/n_sentence_008.mp3,https://app.speakalongcuhk.com/assets/voices/n/4-8.mp3,https://app.speakalongcuhk.com/assets/voices/n/4-8.mp3,https://app.speakalongcuhk.com/tc/scontent/n/sentence,sound:n:sentence:8,4-8.mp3,mp3,.mp3,3.500408,44100,2,87674,60cb50a3976c819c1cc5d62fe9dd5327b24137f6e6549ae1b7d683ce60cb80a8,1,yue-Hant,sentence,,,,The site supplies no machine-readable lexical/Jyutping/tone text for this item; fields remain empty rather than inferred.
SA-00343,輔音,輔音,n,n,,,,,,,,,,,audio/consonants/n/n_sentence_009.mp3,https://app.speakalongcuhk.com/assets/voices/n/4-9.mp3,https://app.speakalongcuhk.com/assets/voices/n/4-9.mp3,https://app.speakalongcuhk.com/tc/scontent/n/sentence,sound:n:sentence:9,4-9.mp3,mp3,.mp3,1.802449,44100,2,46236,b9b126b6259a1ca8bcc0ba12f210d9daee46cd4009480dffce705a749f6afd04,1,yue-Hant,sentence,,,,The site supplies no machine-readable lexical/Jyutping/tone text for this item; fields remain empty rather than inferred.
SA-00344,輔音,輔音,n,n,,,,,,,,,,,audio/consonants/n/n_sentence_010.mp3,https://app.speakalongcuhk.com/assets/voices/n/4-10.mp3,https://app.speakalongcuhk.com/assets/voices/n/4-10.mp3,https://app.speakalongcuhk.com/tc/scontent/n/sentence,sound:n:sentence:10,4-10.mp3,mp3,.mp3,2.507755,44100,2,62879,fa5c3770ec5b901f6caf5eb1ce7ff56eb82de3d9a68e41e30269b151ce624b34,1,yue-Hant,sentence,,,,The site supplies no machine-readable lexical/Jyutping/tone text for this item; fields remain empty rather than inferred.
SA-00345,輔音,輔音,n,n,,,,,,,,,,,audio/consonants/n/n_story_001.mp3,https://app.speakalongcuhk.com/assets/voices/n/5-1.mp3,https://app.speakalongcuhk.com/assets/voices/n/5-1.mp3,https://app.speakalongcuhk.com/tc/scontent/n/story,sound:n:story:1,5-1.mp3,mp3,.mp3,3.422041,44100,2,90910,8101f8251b5cc97d58af3e58b00399c816817e729812ddea3d3800344874111f,1,yue-Hant,story,,,,The site supplies no machine-readable lexical/Jyutping/tone text for this item; fields remain empty rather than inferred.
SA-00346,輔音,輔音,n,n,,,,,,,,,,,audio/consonants/n/n_story_002.mp3,https://app.speakalongcuhk.com/assets/voices/n/5-2.mp3,https://app.speakalongcuhk.com/assets/voices/n/5-2.mp3,https://app.speakalongcuhk.com/tc/scontent/n/story,sound:n:story:2,5-2.mp3,mp3,.mp3,6.478367,44100,2,168353,6795b664447f723de8730706f21f0cf515261e9251fdeef2985aaecb73be49fe,1,yue-Hant,story,,,,The site supplies no machine-readable lexical/Jyutping/tone text for this item; fields remain empty rather than inferred.
SA-00347,輔音,輔音,n,n,,,,,,,,,,,audio/consonants/n/n_story_003.mp3,https://app.speakalongcuhk.com/assets/voices/n/5-3.mp3,https://app.speakalongcuhk.com/assets/voices/n/5-3.mp3,https://app.speakalongcuhk.com/tc/scontent/n/story,sound:n:story:3,5-3.mp3,mp3,.mp3,3.239184,44100,2,82874,29efe9cbcfae56f21b979e840cbe5655966169b62f18f5be6abe7d91a88de391,1,yue-Hant,story,,,,The site supplies no machine-readable lexical/Jyutping/tone text for this item; fields remain empty rather than inferred.
SA-00348,輔音,輔音,n,n,,,,,,,,,,,audio/consonants/n/n_story_004.mp3,https://app.speakalongcuhk.com/assets/voices/n/5-4.mp3,https://app.speakalongcuhk.com/assets/voices/n/5-4.mp3,https://app.speakalongcuhk.com/tc/scontent/n/story,sound:n:story:4,5-4.mp3,mp3,.mp3,3.448163,44100,2,82658,0b0bf45df23a28f85facec7cf3a19ab580873ea8fc671ab2e021779d9e2bc0ad,1,yue-Hant,story,,,,The site supplies no machine-readable lexical/Jyutping/tone text for this item; fields remain empty rather than inferred.
SA-00349,輔音,輔音,n,n,,,,,,,,,,,audio/consonants/n/n_story_005.mp3,https://app.speakalongcuhk.com/assets/voices/n/5-5.mp3,https://app.speakalongcuhk.com/assets/voices/n/5-5.mp3,https://app.speakalongcuhk.com/tc/scontent/n/story,sound:n:story:5,5-5.mp3,mp3,.mp3,3.918367,44100,2,95395,15d0a9d4e22cbee6063cbadda224f74f6fdffeeb84b8c4115346217c273213df,1,yue-Hant,story,,,,The site supplies no machine-readable lexical/Jyutping/tone text for this item; fields remain empty rather than inferred.
SA-00350,輔音,輔音,n,n,,,,,,,,,,,audio/consonants/n/n_story_006.mp3,https://app.speakalongcuhk.com/assets/voices/n/5-6.mp3,https://app.speakalongcuhk.com/assets/voices/n/5-6.mp3,https://app.speakalongcuhk.com/tc/scontent/n/story,sound:n:story:6,5-6.mp3,mp3,.mp3,2.586122,44100,2,65443,dac4da23205518f9eff9ef6376209a080c86e1787738f2144ad382cd7e69d178,1,yue-Hant,story,,,,The site supplies no machine-readable lexical/Jyutping/tone text for this item; fields remain empty rather than inferred.
SA-00351,輔音,輔音,ng,ng,,,,,,牙,,,,,audio/consonants/ng/ng_001.mp3,https://app.speakalongcuhk.com/assets/voices/ng/1-1.mp3,https://app.speakalongcuhk.com/assets/voices/ng/1-1.mp3,https://app.speakalongcuhk.com/tc/scontent/ng/single,sound:ng:single:1,1-1.mp3,mp3,.mp3,1.044898,44100,2,28911,0aad9f4cbaa382743f3e6fe28f0bb158f7fd5efb2c5a91a4d68c523732bd54fc,1,yue-Hant,single,,,,Lexical label is human-curated from source artwork/category; it is not textual metadata supplied by the site.
SA-00352,輔音,輔音,ng,ng,,,,,,鵝,,,,,audio/consonants/ng/ng_002.mp3,https://app.speakalongcuhk.com/assets/voices/ng/1-2.mp3,https://app.speakalongcuhk.com/assets/voices/ng/1-2.mp3,https://app.speakalongcuhk.com/tc/scontent/ng/single,sound:ng:single:2,1-2.mp3,mp3,.mp3,1.07102,44100,2,19617,ac1a7531103b3139459f6dc6c6c84dcc293df827b797d31581fd1623fb9a8818,1,yue-Hant,single,,,,Lexical label is human-curated from source artwork/category; it is not textual metadata supplied by the site.
SA-00353,輔音,輔音,ng,ng,,,,,,矮,,,,,audio/consonants/ng/ng_003.mp3,https://app.speakalongcuhk.com/assets/voices/ng/1-3.mp3,https://app.speakalongcuhk.com/assets/voices/ng/1-3.mp3,https://app.speakalongcuhk.com/tc/scontent/ng/single,sound:ng:single:3,1-3.mp3,mp3,.mp3,1.07102,44100,2,22958,fa3c7be2a12bb8e06551083482c102ff528299186d40eeb199e88d1a59c56229,1,yue-Hant,single,,,,Lexical label is human-curated from source artwork/category; it is not textual metadata supplied by the site.
SA-00354,輔音,輔音,ng,ng,,,,,,咬,,,,,audio/consonants/ng/ng_004.mp3,https://app.speakalongcuhk.com/assets/voices/ng/1-4.mp3,https://app.speakalongcuhk.com/assets/voices/ng/1-4.mp3,https://app.speakalongcuhk.com/tc/scontent/ng/single,sound:ng:single:4,1-4.mp3,mp3,.mp3,1.07102,44100,2,27240,a08aace0a3c30b040eabd19ceb934943b7f121bdcf44f2b5c5234e2502bdd66b,1,yue-Hant,single,,,,Lexical label is human-curated from source artwork/category; it is not textual metadata supplied by the site.
SA-00355,輔音,輔音,ng,ng,,,,,,蟻,,,,,audio/consonants/ng/ng_005.mp3,https://app.speakalongcuhk.com/assets/voices/ng/1-5.mp3,https://app.speakalongcuhk.com/assets/voices/ng/1-5.mp3,https://app.speakalongcuhk.com/tc/scontent/ng/single,sound:ng:single:5,1-5.mp3,mp3,.mp3,1.07102,44100,2,25413,7769809af645f872505abb38b0ca31ba7546a4a2ca640cc3ead63ee18a1e50ff,1,yue-Hant,single,,,,Lexical label is human-curated from source artwork/category; it is not textual metadata supplied by the site.
SA-00356,輔音,輔音,ng,ng,,,,,,牛,,,,,audio/consonants/ng/ng_006.mp3,https://app.speakalongcuhk.com/assets/voices/ng/1-6.mp3,https://app.speakalongcuhk.com/assets/voices/ng/1-6.mp3,https://app.speakalongcuhk.com/tc/scontent/ng/single,sound:ng:single:6,1-6.mp3,mp3,.mp3,1.07102,44100,2,23585,a818c7016dbd21002325a625cf56d6e5b5f324871ea2c3a9170857824a2ad962,1,yue-Hant,single,,,,Lexical label is human-curated from source artwork/category; it is not textual metadata supplied by the site.
SA-00357,輔音,輔音,ng,ng,,,,,,眼,,,,,audio/consonants/ng/ng_007.mp3,https://app.speakalongcuhk.com/assets/voices/ng/1-7.mp3,https://app.speakalongcuhk.com/assets/voices/ng/1-7.mp3,https://app.speakalongcuhk.com/tc/scontent/ng/single,sound:ng:single:7,1-7.mp3,mp3,.mp3,1.07102,44100,2,25987,cdc5ce031465f08004f4e397862d2ce7fdd55c76ec6be8badaf1e715b6b161b5,1,yue-Hant,single,,,,Lexical label is human-curated from source artwork/category; it is not textual metadata supplied by the site.
SA-00358,輔音,輔音,ng,ng,,,,,,鴨,,,,,audio/consonants/ng/ng_008.mp3,https://app.speakalongcuhk.com/assets/voices/ng/1-8.mp3,https://app.speakalongcuhk.com/assets/voices/ng/1-8.mp3,https://app.speakalongcuhk.com/tc/scontent/ng/single,sound:ng:single:8,1-8.mp3,mp3,.mp3,1.07102,44100,2,20137,f2d731d3c3091d862d78d2d69ae63a48d14627c5f593c308edd50a9f08bb1eae,1,yue-Hant,single,,,,Lexical label is human-curated from source artwork/category; it is not textual metadata supplied by the site.
SA-00359,輔音,輔音,ng,ng,,,,,,岩,,,,,audio/consonants/ng/ng_009.mp3,https://app.speakalongcuhk.com/assets/voices/ng/1-9.mp3,https://app.speakalongcuhk.com/assets/voices/ng/1-9.mp3,https://app.speakalongcuhk.com/tc/scontent/ng/single,sound:ng:single:9,1-9.mp3,mp3,.mp3,1.07102,44100,2,29329,8a6936556eff590060f7e5ad4ea6b88f64ff93e4ea87ebd6b24d4370eb7eff0f,1,yue-Hant,single,,,,Lexical label is human-curated from source artwork/category; it is not textual metadata supplied by the site.
SA-00360,輔音,輔音,ng,ng,,,,,,愛,,,,,audio/consonants/ng/ng_010.mp3,https://app.speakalongcuhk.com/assets/voices/ng/1-10.mp3,https://app.speakalongcuhk.com/assets/voices/ng/1-10.mp3,https://app.speakalongcuhk.com/tc/scontent/ng/single,sound:ng:single:10,1-10.mp3,mp3,.mp3,1.07102,44100,2,23011,8c9798e6c0f0957dd08381f014edea010a4e111dc174971c73d64d599944c8c6,1,yue-Hant,single,,,,Lexical label is human-curated from source artwork/category; it is not textual metadata supplied by the site.
SA-00361,輔音,輔音,ng,ng,,,,,,,,,,,audio/consonants/ng/ng_word_001.mp3,https://app.speakalongcuhk.com/assets/voices/ng/2-1.mp3,https://app.speakalongcuhk.com/assets/voices/ng/2-1.mp3,https://app.speakalongcuhk.com/tc/scontent/ng/word,sound:ng:word:1,2-1.mp3,mp3,.mp3,1.123265,44100,2,29121,8dc0450115f321ba78699b9f67632345201e9b849fd9ec549f48c04ad7ae6c80,1,yue-Hant,word,,,,The site supplies no machine-readable lexical/Jyutping/tone text for this item; fields remain empty rather than inferred.
SA-00362,輔音,輔音,ng,ng,,,,,,,,,,,audio/consonants/ng/ng_word_002.mp3,https://app.speakalongcuhk.com/assets/voices/ng/2-2.mp3,https://app.speakalongcuhk.com/assets/voices/ng/2-2.mp3,https://app.speakalongcuhk.com/tc/scontent/ng/word,sound:ng:word:2,2-2.mp3,mp3,.mp3,1.358367,44100,2,33501,6a82a4be3515abf0c5172628cc2d88f1819236899b7b3da297e4a1171c1bb622,1,yue-Hant,word,,,,The site supplies no machine-readable lexical/Jyutping/tone text for this item; fields remain empty rather than inferred.
SA-00363,輔音,輔音,ng,ng,,,,,,,,,,,audio/consonants/ng/ng_word_003.mp3,https://app.speakalongcuhk.com/assets/voices/ng/2-3.mp3,https://app.speakalongcuhk.com/assets/voices/ng/2-3.mp3,https://app.speakalongcuhk.com/tc/scontent/ng/word,sound:ng:word:3,2-3.mp3,mp3,.mp3,1.17551,44100,2,30633,038edeff2bffab7cc29341deb47a564375256e77da5a92f392b298668fc5b316,1,yue-Hant,word,,,,The site supplies no machine-readable lexical/Jyutping/tone text for this item; fields remain empty rather than inferred.
SA-00364,輔音,輔音,ng,ng,,,,,,,,,,,audio/consonants/ng/ng_word_004.mp3,https://app.speakalongcuhk.com/assets/voices/ng/2-4.mp3,https://app.speakalongcuhk.com/assets/voices/ng/2-4.mp3,https://app.speakalongcuhk.com/tc/scontent/ng/word,sound:ng:word:4,2-4.mp3,mp3,.mp3,1.28,44100,2,31205,352cc96ee303ef1fcf85cbec47d339edbb23960a64b8e4ca4bc943ec742f13a5,1,yue-Hant,word,,,,The site supplies no machine-readable lexical/Jyutping/tone text for this item; fields remain empty rather than inferred.
SA-00365,輔音,輔音,ng,ng,,,,,,,,,,,audio/consonants/ng/ng_word_005.mp3,https://app.speakalongcuhk.com/assets/voices/ng/2-5.mp3,https://app.speakalongcuhk.com/assets/voices/ng/2-5.mp3,https://app.speakalongcuhk.com/tc/scontent/ng/word,sound:ng:word:5,2-5.mp3,mp3,.mp3,1.358367,44100,2,38201,2f458ff098982dafab46aa9fcdf977430339ad01125c82037f82ab5eae25837d,1,yue-Hant,word,,,,The site supplies no machine-readable lexical/Jyutping/tone text for this item; fields remain empty rather than inferred.
SA-00366,輔音,輔音,ng,ng,,,,,,,,,,,audio/consonants/ng/ng_word_006.mp3,https://app.speakalongcuhk.com/assets/voices/ng/2-6.mp3,https://app.speakalongcuhk.com/assets/voices/ng/2-6.mp3,https://app.speakalongcuhk.com/tc/scontent/ng/word,sound:ng:word:6,2-6.mp3,mp3,.mp3,1.462857,44100,2,39558,6a5b24ad3c542ad2ff3914ae5d0dab424756f2e8278ab191e70492ebdfd0ca03,1,yue-Hant,word,,,,The site supplies no machine-readable lexical/Jyutping/tone text for this item; fields remain empty rather than inferred.
SA-00367,輔音,輔音,ng,ng,,,,,,,,,,,audio/consonants/ng/ng_word_007.mp3,https://app.speakalongcuhk.com/assets/voices/ng/2-7.mp3,https://app.speakalongcuhk.com/assets/voices/ng/2-7.mp3,https://app.speakalongcuhk.com/tc/scontent/ng/word,sound:ng:word:7,2-7.mp3,mp3,.mp3,1.358367,44100,2,35903,afc0324bbc1a2ff78d6663e0d38a5593b8648ae94fa835f20d5d08d7a887c3ac,1,yue-Hant,word,,,,The site supplies no machine-readable lexical/Jyutping/tone text for this item; fields remain empty rather than inferred.
SA-00368,輔音,輔音,ng,ng,,,,,,,,,,,audio/consonants/ng/ng_word_008.mp3,https://app.speakalongcuhk.com/assets/voices/ng/2-8.mp3,https://app.speakalongcuhk.com/assets/voices/ng/2-8.mp3,https://app.speakalongcuhk.com/tc/scontent/ng/word,sound:ng:word:8,2-8.mp3,mp3,.mp3,1.332245,44100,2,36112,ed30fd5c9c37082eeaf516b31eb8e7b35681960ad771dff99e903e88b65bb59d,1,yue-Hant,word,,,,The site supplies no machine-readable lexical/Jyutping/tone text for this item; fields remain empty rather than inferred.
SA-00369,輔音,輔音,ng,ng,,,,,,,,,,,audio/consonants/ng/ng_word_009.mp3,https://app.speakalongcuhk.com/assets/voices/ng/2-9.mp3,https://app.speakalongcuhk.com/assets/voices/ng/2-9.mp3,https://app.speakalongcuhk.com/tc/scontent/ng/word,sound:ng:word:9,2-9.mp3,mp3,.mp3,1.306122,44100,2,30683,3a7ff8e6d77304a83c10efc258786667c9beb0f59990a3b40a3be72d5c044dc2,1,yue-Hant,word,,,,The site supplies no machine-readable lexical/Jyutping/tone text for this item; fields remain empty rather than inferred.
SA-00370,輔音,輔音,ng,ng,,,,,,,,,,,audio/consonants/ng/ng_word_010.mp3,https://app.speakalongcuhk.com/assets/voices/ng/2-10.mp3,https://app.speakalongcuhk.com/assets/voices/ng/2-10.mp3,https://app.speakalongcuhk.com/tc/scontent/ng/word,sound:ng:word:10,2-10.mp3,mp3,.mp3,1.097143,44100,2,29538,148733841c71e60d6c6ae2bf9bb706679df23f4debd1da181225996e09f73ecc,1,yue-Hant,word,,,,The site supplies no machine-readable lexical/Jyutping/tone text for this item; fields remain empty rather than inferred.
SA-00371,輔音,輔音,ng,ng,,,,,,,,,,,audio/consonants/ng/ng_sentence_001.mp3,https://app.speakalongcuhk.com/assets/voices/ng/4-1.mp3,https://app.speakalongcuhk.com/assets/voices/ng/4-1.mp3,https://app.speakalongcuhk.com/tc/scontent/ng/sentence,sound:ng:sentence:1,4-1.mp3,mp3,.mp3,2.220408,44100,2,54272,a051b5bd12cd57146e1c62704196779ddb522cc15e1e5d0e283f73dec1dc536e,1,yue-Hant,sentence,,,,The site supplies no machine-readable lexical/Jyutping/tone text for this item; fields remain empty rather than inferred.
SA-00372,輔音,輔音,ng,ng,,,,,,,,,,,audio/consonants/ng/ng_sentence_002.mp3,https://app.speakalongcuhk.com/assets/voices/ng/4-2.mp3,https://app.speakalongcuhk.com/assets/voices/ng/4-2.mp3,https://app.speakalongcuhk.com/tc/scontent/ng/sentence,sound:ng:sentence:2,4-2.mp3,mp3,.mp3,2.873469,44100,2,72016,11417ec72da1e95f93b9a137fe90eb4dca05b98b1dc5b9af916943781f06fabc,1,yue-Hant,sentence,,,,The site supplies no machine-readable lexical/Jyutping/tone text for this item; fields remain empty rather than inferred.
SA-00373,輔音,輔音,ng,ng,,,,,,,,,,,audio/consonants/ng/ng_sentence_003.mp3,https://app.speakalongcuhk.com/assets/voices/ng/4-3.mp3,https://app.speakalongcuhk.com/assets/voices/ng/4-3.mp3,https://app.speakalongcuhk.com/tc/scontent/ng/sentence,sound:ng:sentence:3,4-3.mp3,mp3,.mp3,2.298776,44100,2,62316,f7e2704c928c5ae529cb951c2fe313d1468e3896fbf030b0b471c519ba2db579,1,yue-Hant,sentence,,,,The site supplies no machine-readable lexical/Jyutping/tone text for this item; fields remain empty rather than inferred.
SA-00374,輔音,輔音,ng,ng,,,,,,,,,,,audio/consonants/ng/ng_sentence_004.mp3,https://app.speakalongcuhk.com/assets/voices/ng/4-4.mp3,https://app.speakalongcuhk.com/assets/voices/ng/4-4.mp3,https://app.speakalongcuhk.com/tc/scontent/ng/sentence,sound:ng:sentence:4,4-4.mp3,mp3,.mp3,2.45551,44100,2,58337,4578bb2ecc05c21ff41ebd80269740db5dbc426c707d282007d98fd94c8be6ff,1,yue-Hant,sentence,,,,The site supplies no machine-readable lexical/Jyutping/tone text for this item; fields remain empty rather than inferred.
SA-00375,輔音,輔音,ng,ng,,,,,,,,,,,audio/consonants/ng/ng_sentence_005.mp3,https://app.speakalongcuhk.com/assets/voices/ng/4-5.mp3,https://app.speakalongcuhk.com/assets/voices/ng/4-5.mp3,https://app.speakalongcuhk.com/tc/scontent/ng/sentence,sound:ng:sentence:5,4-5.mp3,mp3,.mp3,2.690612,44100,2,72955,cd6172b95762fd3f820bbbe17cd2be53f0dfe3c6c5f86b523ed8c62b8e686d95,1,yue-Hant,sentence,,,,The site supplies no machine-readable lexical/Jyutping/tone text for this item; fields remain empty rather than inferred.
SA-00376,輔音,輔音,ng,ng,,,,,,,,,,,audio/consonants/ng/ng_sentence_006.mp3,https://app.speakalongcuhk.com/assets/voices/ng/4-6.mp3,https://app.speakalongcuhk.com/assets/voices/ng/4-6.mp3,https://app.speakalongcuhk.com/tc/scontent/ng/sentence,sound:ng:sentence:6,4-6.mp3,mp3,.mp3,2.638367,44100,2,64812,fab1056c941d23a7dc8e553e46bbaa65a9141a1417e24db8caf8c4bd49094d3a,1,yue-Hant,sentence,,,,The site supplies no machine-readable lexical/Jyutping/tone text for this item; fields remain empty rather than inferred.
SA-00377,輔音,輔音,ng,ng,,,,,,,,,,,audio/consonants/ng/ng_sentence_007.mp3,https://app.speakalongcuhk.com/assets/voices/ng/4-7.mp3,https://app.speakalongcuhk.com/assets/voices/ng/4-7.mp3,https://app.speakalongcuhk.com/tc/scontent/ng/sentence,sound:ng:sentence:7,4-7.mp3,mp3,.mp3,2.533878,44100,2,69829,dc207ac3e465657726c5a3ef86872c8461f2d06d8a24e4188511f58ae08f5551,1,yue-Hant,sentence,,,,The site supplies no machine-readable lexical/Jyutping/tone text for this item; fields remain empty rather than inferred.
SA-00378,輔音,輔音,ng,ng,,,,,,,,,,,audio/consonants/ng/ng_sentence_008.mp3,https://app.speakalongcuhk.com/assets/voices/ng/4-8.mp3,https://app.speakalongcuhk.com/assets/voices/ng/4-8.mp3,https://app.speakalongcuhk.com/tc/scontent/ng/sentence,sound:ng:sentence:8,4-8.mp3,mp3,.mp3,2.742857,44100,2,65855,94993b66e8300709a7b1d0071083498d9bd3fb07d049a43824b7990483634ab2,1,yue-Hant,sentence,,,,The site supplies no machine-readable lexical/Jyutping/tone text for this item; fields remain empty rather than inferred.
SA-00379,輔音,輔音,ng,ng,,,,,,,,,,,audio/consonants/ng/ng_sentence_009.mp3,https://app.speakalongcuhk.com/assets/voices/ng/4-9.mp3,https://app.speakalongcuhk.com/assets/voices/ng/4-9.mp3,https://app.speakalongcuhk.com/tc/scontent/ng/sentence,sound:ng:sentence:9,4-9.mp3,mp3,.mp3,3.317551,44100,2,84958,afeaa726ab21e7ada8ab29ec83051d649fe7649993fc187f662f9742f9534997,1,yue-Hant,sentence,,,,The site supplies no machine-readable lexical/Jyutping/tone text for this item; fields remain empty rather than inferred.
SA-00380,輔音,輔音,ng,ng,,,,,,,,,,,audio/consonants/ng/ng_sentence_010.mp3,https://app.speakalongcuhk.com/assets/voices/ng/4-10.mp3,https://app.speakalongcuhk.com/assets/voices/ng/4-10.mp3,https://app.speakalongcuhk.com/tc/scontent/ng/sentence,sound:ng:sentence:10,4-10.mp3,mp3,.mp3,3.004082,44100,2,75039,d893faa73fc8ba54ac7b36afaae6e5f2ebbd9be3165146096efd41b56d6110ed,1,yue-Hant,sentence,,,,The site supplies no machine-readable lexical/Jyutping/tone text for this item; fields remain empty rather than inferred.
SA-00381,輔音,輔音,ng,ng,,,,,,,,,,,audio/consonants/ng/ng_story_001.mp3,https://app.speakalongcuhk.com/assets/voices/ng/5-1.mp3,https://app.speakalongcuhk.com/assets/voices/ng/5-1.mp3,https://app.speakalongcuhk.com/tc/scontent/ng/story,sound:ng:story:1,5-1.mp3,mp3,.mp3,3.030204,44100,2,80676,92335a18383239428621e35c38c239924a76aeb7cd55555440abe085a90f542c,1,yue-Hant,story,,,,The site supplies no machine-readable lexical/Jyutping/tone text for this item; fields remain empty rather than inferred.
SA-00382,輔音,輔音,ng,ng,,,,,,,,,,,audio/consonants/ng/ng_story_002.mp3,https://app.speakalongcuhk.com/assets/voices/ng/5-2.mp3,https://app.speakalongcuhk.com/assets/voices/ng/5-2.mp3,https://app.speakalongcuhk.com/tc/scontent/ng/story,sound:ng:story:2,5-2.mp3,mp3,.mp3,5.407347,44100,2,141374,df93a55d96754b7cbbe1cc082ff622df9595ef4f03d576eb62452b5e1a838e96,1,yue-Hant,story,,,,The site supplies no machine-readable lexical/Jyutping/tone text for this item; fields remain empty rather than inferred.
SA-00383,輔音,輔音,ng,ng,,,,,,,,,,,audio/consonants/ng/ng_story_003.mp3,https://app.speakalongcuhk.com/assets/voices/ng/5-3.mp3,https://app.speakalongcuhk.com/assets/voices/ng/5-3.mp3,https://app.speakalongcuhk.com/tc/scontent/ng/story,sound:ng:story:3,5-3.mp3,mp3,.mp3,5.773061,44100,2,143503,88325f41c62bbe8fbbf00a7354df4dc9ea3e6a31e68293a9c9a0954345ea2314,1,yue-Hant,story,,,,The site supplies no machine-readable lexical/Jyutping/tone text for this item; fields remain empty rather than inferred.
SA-00384,輔音,輔音,ng,ng,,,,,,,,,,,audio/consonants/ng/ng_story_004.mp3,https://app.speakalongcuhk.com/assets/voices/ng/5-4.mp3,https://app.speakalongcuhk.com/assets/voices/ng/5-4.mp3,https://app.speakalongcuhk.com/tc/scontent/ng/story,sound:ng:story:4,5-4.mp3,mp3,.mp3,4.675918,44100,2,116004,7f02e4e6fa159915d250590822941e5a354d9b70198fd51e0b15e9e4e2df2f4c,1,yue-Hant,story,,,,The site supplies no machine-readable lexical/Jyutping/tone text for this item; fields remain empty rather than inferred.
SA-00385,輔音,輔音,ng,ng,,,,,,,,,,,audio/consonants/ng/ng_story_005.mp3,https://app.speakalongcuhk.com/assets/voices/ng/5-5.mp3,https://app.speakalongcuhk.com/assets/voices/ng/5-5.mp3,https://app.speakalongcuhk.com/tc/scontent/ng/story,sound:ng:story:5,5-5.mp3,mp3,.mp3,2.638367,44100,2,66382,dc6b72a08990bb892b3edcea20173f365160bc47395dd7458e5b07d7c16eb638,1,yue-Hant,story,,,,The site supplies no machine-readable lexical/Jyutping/tone text for this item; fields remain empty rather than inferred.
SA-00386,輔音,輔音,f,f,,,,,,,F,,,,audio/consonants/f/f_001.mp3,https://app.speakalongcuhk.com/assets/voices/f/1-1.mp3,https://app.speakalongcuhk.com/assets/voices/f/1-1.mp3,https://app.speakalongcuhk.com/tc/scontent/f/single,sound:f:single:1,1-1.mp3,mp3,.mp3,4.091812,44100,2,75853,680f577e1a025579dbe7f0a8e02d0b6f7f9eedc80ad460600a121ffe17e565c0,1,yue-Hant,single,,,,Lexical label is human-curated from source artwork/category; it is not textual metadata supplied by the site. Source artwork depicts a Latin letter.
SA-00387,輔音,輔音,f,f,,,,,,花,,,,,audio/consonants/f/f_002.mp3,https://app.speakalongcuhk.com/assets/voices/f/1-2.mp3,https://app.speakalongcuhk.com/assets/voices/f/1-2.mp3,https://app.speakalongcuhk.com/tc/scontent/f/single,sound:f:single:2,1-2.mp3,mp3,.mp3,1.928625,44100,2,41491,13074fdead7ed36c0e2ea11bd9e06b2e1e104d0078fc01a21e67138d9d6e632c,1,yue-Hant,single,,,,Lexical label is human-curated from source artwork/category; it is not textual metadata supplied by the site.
SA-00388,輔音,輔音,f,f,,,,,,啡,,,,,audio/consonants/f/f_003.mp3,https://app.speakalongcuhk.com/assets/voices/f/1-3.mp3,https://app.speakalongcuhk.com/assets/voices/f/1-3.mp3,https://app.speakalongcuhk.com/tc/scontent/f/single,sound:f:single:3,1-3.mp3,mp3,.mp3,1.8765,44100,2,40906,025ae416e90738b207d08342d717e3e34bb6fc05a63443f854bb7199877b13c8,1,yue-Hant,single,,,,Lexical label is human-curated from source artwork/category; it is not textual metadata supplied by the site.
SA-00389,輔音,輔音,f,f,,,,,,火,,,,,audio/consonants/f/f_004.mp3,https://app.speakalongcuhk.com/assets/voices/f/1-4.mp3,https://app.speakalongcuhk.com/assets/voices/f/1-4.mp3,https://app.speakalongcuhk.com/tc/scontent/f/single,sound:f:single:4,1-4.mp3,mp3,.mp3,1.98075,44100,2,42823,a077e178561092691e3a4663a11554ad3f27312e0134418f4ffb6d2856be17bd,1,yue-Hant,single,,,,Lexical label is human-curated from source artwork/category; it is not textual metadata supplied by the site.
SA-00390,輔音,輔音,f,f,,,,,,褲,,,,,audio/consonants/f/f_005.mp3,https://app.speakalongcuhk.com/assets/voices/f/1-5.mp3,https://app.speakalongcuhk.com/assets/voices/f/1-5.mp3,https://app.speakalongcuhk.com/tc/scontent/f/single,sound:f:single:5,1-5.mp3,mp3,.mp3,2.032875,44100,2,43906,16bb1b1d72338b921a55dce4e829f257d0507db7f4f6a4ae7f89c235ff0035a6,1,yue-Hant,single,,,,Lexical label is human-curated from source artwork/category; it is not textual metadata supplied by the site.
SA-00391,輔音,輔音,f,f,,,,,,灰,,,,,audio/consonants/f/f_006.mp3,https://app.speakalongcuhk.com/assets/voices/f/1-6.mp3,https://app.speakalongcuhk.com/assets/voices/f/1-6.mp3,https://app.speakalongcuhk.com/tc/scontent/f/single,sound:f:single:6,1-6.mp3,mp3,.mp3,2.215313,44100,2,47074,63cec1530696d02e20bc65c57762b1ca0f7909c7894339ba0bbe99cfc0860712,1,yue-Hant,single,,,,Lexical label is human-curated from source artwork/category; it is not textual metadata supplied by the site.
SA-00392,輔音,輔音,f,f,,,,,,肥,,,,,audio/consonants/f/f_007.mp3,https://app.speakalongcuhk.com/assets/voices/f/1-7.mp3,https://app.speakalongcuhk.com/assets/voices/f/1-7.mp3,https://app.speakalongcuhk.com/tc/scontent/f/single,sound:f:single:7,1-7.mp3,mp3,.mp3,1.8765,44100,2,41900,bfd43df99ec45139217d37bcb00858856a3217c63345d141c575dfcf804da60d,1,yue-Hant,single,,,,Lexical label is human-curated from source artwork/category; it is not textual metadata supplied by the site.
SA-00393,輔音,輔音,f,f,,,,,,浮,,,,,audio/consonants/f/f_008.mp3,https://app.speakalongcuhk.com/assets/voices/f/1-8.mp3,https://app.speakalongcuhk.com/assets/voices/f/1-8.mp3,https://app.speakalongcuhk.com/tc/scontent/f/single,sound:f:single:8,1-8.mp3,mp3,.mp3,1.746188,44100,2,40058,e76aa29ca91388b3858351e658e5f2e5bb599cdf098e9dd92c74467ab3a8b0e8,1,yue-Hant,single,,,,Lexical label is human-curated from source artwork/category; it is not textual metadata supplied by the site.
SA-00394,輔音,輔音,f,f,,,,,,吠,,,,,audio/consonants/f/f_009.mp3,https://app.speakalongcuhk.com/assets/voices/f/1-9.mp3,https://app.speakalongcuhk.com/assets/voices/f/1-9.mp3,https://app.speakalongcuhk.com/tc/scontent/f/single,sound:f:single:9,1-9.mp3,mp3,.mp3,2.163187,44100,2,46987,482a7541bfaf9c1d911a35f2ba606361407823eb9c29fa1973366983f0f731c1,1,yue-Hant,single,,,,Lexical label is human-curated from source artwork/category; it is not textual metadata supplied by the site.
SA-00395,輔音,輔音,f,f,,,,,,飛,,,,,audio/consonants/f/f_010.mp3,https://app.speakalongcuhk.com/assets/voices/f/1-10.mp3,https://app.speakalongcuhk.com/assets/voices/f/1-10.mp3,https://app.speakalongcuhk.com/tc/scontent/f/single,sound:f:single:10,1-10.mp3,mp3,.mp3,2.2935,44100,2,49322,51483d2dc1ca6ffb28ce7eb9d8ffe467794983be0b6fa2bbbae8c1345c8dda0a,1,yue-Hant,single,,,,Lexical label is human-curated from source artwork/category; it is not textual metadata supplied by the site.
SA-00396,輔音,輔音,f,f,,,,,,,,,,,audio/consonants/f/f_word_001.mp3,https://app.speakalongcuhk.com/assets/voices/f/2-1.mp3,https://app.speakalongcuhk.com/assets/voices/f/2-1.mp3,https://app.speakalongcuhk.com/tc/scontent/f/word,sound:f:word:1,2-1.mp3,mp3,.mp3,2.267438,44100,2,49154,de46a03950f16e1cc6ebe470cd645a96920d7c9e8a6f36cb557ff8ba5cf73c52,1,yue-Hant,word,,,,The site supplies no machine-readable lexical/Jyutping/tone text for this item; fields remain empty rather than inferred.
SA-00397,輔音,輔音,f,f,,,,,,,,,,,audio/consonants/f/f_word_002.mp3,https://app.speakalongcuhk.com/assets/voices/f/2-2.mp3,https://app.speakalongcuhk.com/assets/voices/f/2-2.mp3,https://app.speakalongcuhk.com/tc/scontent/f/word,sound:f:word:2,2-2.mp3,mp3,.mp3,2.39775,44100,2,51488,acc588b3c8a15f1b8c5d63b3ec8b14715e9d26a026514acffe65a6543f96eac4,1,yue-Hant,word,,,,The site supplies no machine-readable lexical/Jyutping/tone text for this item; fields remain empty rather than inferred.
SA-00398,輔音,輔音,f,f,,,,,,,,,,,audio/consonants/f/f_word_003.mp3,https://app.speakalongcuhk.com/assets/voices/f/2-3.mp3,https://app.speakalongcuhk.com/assets/voices/f/2-3.mp3,https://app.speakalongcuhk.com/tc/scontent/f/word,sound:f:word:3,2-3.mp3,mp3,.mp3,2.475938,44100,2,52988,e917a26561b1dbfeeb8bd0c51ceee91bb553507359287d66dfabda5c32d79825,1,yue-Hant,word,,,,The site supplies no machine-readable lexical/Jyutping/tone text for this item; fields remain empty rather than inferred.
SA-00399,輔音,輔音,f,f,,,,,,,,,,,audio/consonants/f/f_word_004.mp3,https://app.speakalongcuhk.com/assets/voices/f/2-4.mp3,https://app.speakalongcuhk.com/assets/voices/f/2-4.mp3,https://app.speakalongcuhk.com/tc/scontent/f/word,sound:f:word:4,2-4.mp3,mp3,.mp3,2.528063,44100,2,54071,00ebaf0c030447f581d3d7158616ab74214335afa11905deb72f2a97926254f2,1,yue-Hant,word,,,,The site supplies no machine-readable lexical/Jyutping/tone text for this item; fields remain empty rather than inferred.
SA-00400,輔音,輔音,f,f,,,,,,,,,,,audio/consonants/f/f_word_005.mp3,https://app.speakalongcuhk.com/assets/voices/f/2-5.mp3,https://app.speakalongcuhk.com/assets/voices/f/2-5.mp3,https://app.speakalongcuhk.com/tc/scontent/f/word,sound:f:word:5,2-5.mp3,mp3,.mp3,2.267438,44100,2,50144,0cee40a25df3361488d9323403ef60d3a3a34110f571c8867a993813cd12383b,1,yue-Hant,word,,,,The site supplies no machine-readable lexical/Jyutping/tone text for this item; fields remain empty rather than inferred.
SA-00401,輔音,輔音,f,f,,,,,,,,,,,audio/consonants/f/f_word_006.mp3,https://app.speakalongcuhk.com/assets/voices/f/2-6.mp3,https://app.speakalongcuhk.com/assets/voices/f/2-6.mp3,https://app.speakalongcuhk.com/tc/scontent/f/word,sound:f:word:6,2-6.mp3,mp3,.mp3,2.137125,44100,2,39757,440cc900d4c75163ae3ed1849663e454a5327d3e93a6051dad8dbb9c9cb6ab51,1,yue-Hant,word,,,,The site supplies no machine-readable lexical/Jyutping/tone text for this item; fields remain empty rather than inferred.
SA-00402,輔音,輔音,f,f,,,,,,,,,,,audio/consonants/f/f_word_007.mp3,https://app.speakalongcuhk.com/assets/voices/f/2-7.mp3,https://app.speakalongcuhk.com/assets/voices/f/2-7.mp3,https://app.speakalongcuhk.com/tc/scontent/f/word,sound:f:word:7,2-7.mp3,mp3,.mp3,2.502,44100,2,54401,38e909becf8cb8217890d3c17283e87ffed2362fc627071a6b7abe7868e1c555,1,yue-Hant,word,,,,The site supplies no machine-readable lexical/Jyutping/tone text for this item; fields remain empty rather than inferred.
SA-00403,輔音,輔音,f,f,,,,,,,,,,,audio/consonants/f/f_word_008.mp3,https://app.speakalongcuhk.com/assets/voices/f/2-8.mp3,https://app.speakalongcuhk.com/assets/voices/f/2-8.mp3,https://app.speakalongcuhk.com/tc/scontent/f/word,sound:f:word:8,2-8.mp3,mp3,.mp3,2.7105,44100,2,57986,d5386729788a0d8280aa06e7aea95322d54fe0d77a61d5011fd4397d282eec5b,1,yue-Hant,word,,,,The site supplies no machine-readable lexical/Jyutping/tone text for this item; fields remain empty rather than inferred.
SA-00404,輔音,輔音,f,f,,,,,,,,,,,audio/consonants/f/f_word_009.mp3,https://app.speakalongcuhk.com/assets/voices/f/2-9.mp3,https://app.speakalongcuhk.com/assets/voices/f/2-9.mp3,https://app.speakalongcuhk.com/tc/scontent/f/word,sound:f:word:9,2-9.mp3,mp3,.mp3,2.39775,44100,2,53231,0bf92c9b9cc6b7ce2fdf36ab38d8f1b2e860ddaeeb05245b537b6a13a8d2b566,1,yue-Hant,word,,,,The site supplies no machine-readable lexical/Jyutping/tone text for this item; fields remain empty rather than inferred.
SA-00405,輔音,輔音,f,f,,,,,,,,,,,audio/consonants/f/f_word_010.mp3,https://app.speakalongcuhk.com/assets/voices/f/2-10.mp3,https://app.speakalongcuhk.com/assets/voices/f/2-10.mp3,https://app.speakalongcuhk.com/tc/scontent/f/word,sound:f:word:10,2-10.mp3,mp3,.mp3,2.006813,44100,2,36621,912dc60ebc0569ebabc32c524257aa0a5c5651b26f571e5de041548a147cd901,1,yue-Hant,word,,,,The site supplies no machine-readable lexical/Jyutping/tone text for this item; fields remain empty rather than inferred.
SA-00406,輔音,輔音,f,f,,,,,,,,,,,audio/consonants/f/f_sentence_001.mp3,https://app.speakalongcuhk.com/assets/voices/f/4-1.mp3,https://app.speakalongcuhk.com/assets/voices/f/4-1.mp3,https://app.speakalongcuhk.com/tc/scontent/f/sentence,sound:f:sentence:1,4-1.mp3,mp3,.mp3,3.082449,44100,2,82350,9ee501e940303b3195f8ec7288e385d8950b2538ba73191d0cd65dadf6f8ce78,1,yue-Hant,sentence,,,,The site supplies no machine-readable lexical/Jyutping/tone text for this item; fields remain empty rather than inferred.
SA-00407,輔音,輔音,f,f,,,,,,,,,,,audio/consonants/f/f_sentence_002.mp3,https://app.speakalongcuhk.com/assets/voices/f/4-2.mp3,https://app.speakalongcuhk.com/assets/voices/f/4-2.mp3,https://app.speakalongcuhk.com/tc/scontent/f/sentence,sound:f:sentence:2,4-2.mp3,mp3,.mp3,3.622688,44100,2,76067,af15cb3003409a06415971102a51bdf11ad05718a74bd76728a4344e54f6ed9b,1,yue-Hant,sentence,,,,The site supplies no machine-readable lexical/Jyutping/tone text for this item; fields remain empty rather than inferred.
SA-00408,輔音,輔音,f,f,,,,,,,,,,,audio/consonants/f/f_sentence_003.mp3,https://app.speakalongcuhk.com/assets/voices/f/4-3.mp3,https://app.speakalongcuhk.com/assets/voices/f/4-3.mp3,https://app.speakalongcuhk.com/tc/scontent/f/sentence,sound:f:sentence:3,4-3.mp3,mp3,.mp3,3.9615,44100,2,81737,4f366017329f72396624b55ae187891ae17e1b0db73a26df025ac2b93d0ed939,1,yue-Hant,sentence,,,,The site supplies no machine-readable lexical/Jyutping/tone text for this item; fields remain empty rather than inferred.
SA-00409,輔音,輔音,f,f,,,,,,,,,,,audio/consonants/f/f_sentence_004.mp3,https://app.speakalongcuhk.com/assets/voices/f/4-4.mp3,https://app.speakalongcuhk.com/assets/voices/f/4-4.mp3,https://app.speakalongcuhk.com/tc/scontent/f/sentence,sound:f:sentence:4,4-4.mp3,mp3,.mp3,3.726937,44100,2,78233,49a4496fd777c9e374aaef0e98cb34202239f1667896bcb46b117b3d55b3d341,1,yue-Hant,sentence,,,,The site supplies no machine-readable lexical/Jyutping/tone text for this item; fields remain empty rather than inferred.
SA-00410,輔音,輔音,f,f,,,,,,,,,,,audio/consonants/f/f_sentence_005.mp3,https://app.speakalongcuhk.com/assets/voices/f/4-5.mp3,https://app.speakalongcuhk.com/assets/voices/f/4-5.mp3,https://app.speakalongcuhk.com/tc/scontent/f/sentence,sound:f:sentence:5,4-5.mp3,mp3,.mp3,3.726937,44100,2,78482,37e47d2c3f33080d6ed8417caa15881e0e597d38c1687e2abe3e68337a0ffa49,1,yue-Hant,sentence,,,,The site supplies no machine-readable lexical/Jyutping/tone text for this item; fields remain empty rather than inferred.
SA-00411,輔音,輔音,f,f,,,,,,,,,,,audio/consonants/f/f_sentence_006.mp3,https://app.speakalongcuhk.com/assets/voices/f/4-6.mp3,https://app.speakalongcuhk.com/assets/voices/f/4-6.mp3,https://app.speakalongcuhk.com/tc/scontent/f/sentence,sound:f:sentence:6,4-6.mp3,mp3,.mp3,4.456688,44100,2,90409,5fc330a23f3c70e787e6030f18602f21f12a4e3599ef2b4b90c7c585d6e935c7,1,yue-Hant,sentence,,,,The site supplies no machine-readable lexical/Jyutping/tone text for this item; fields remain empty rather than inferred.
SA-00412,輔音,輔音,f,f,,,,,,,,,,,audio/consonants/f/f_sentence_007.mp3,https://app.speakalongcuhk.com/assets/voices/f/4-7.mp3,https://app.speakalongcuhk.com/assets/voices/f/4-7.mp3,https://app.speakalongcuhk.com/tc/scontent/f/sentence,sound:f:sentence:7,4-7.mp3,mp3,.mp3,4.039688,44100,2,70720,f860c7ec890a4f24528cb5f36f210d2b7210d5be023b46c9c383df8bb0f1caf5,1,yue-Hant,sentence,,,,The site supplies no machine-readable lexical/Jyutping/tone text for this item; fields remain empty rather than inferred.
SA-00413,輔音,輔音,f,f,,,,,,,,,,,audio/consonants/f/f_sentence_008.mp3,https://app.speakalongcuhk.com/assets/voices/f/4-8.mp3,https://app.speakalongcuhk.com/assets/voices/f/4-8.mp3,https://app.speakalongcuhk.com/tc/scontent/f/sentence,sound:f:sentence:8,4-8.mp3,mp3,.mp3,4.430625,44100,2,90490,9088ed2698d3bbfa6df50a8238d4c1e61088cd4bf6bb37657858cc7d3655852d,1,yue-Hant,sentence,,,,The site supplies no machine-readable lexical/Jyutping/tone text for this item; fields remain empty rather than inferred.
SA-00414,輔音,輔音,f,f,,,,,,,,,,,audio/consonants/f/f_sentence_009.mp3,https://app.speakalongcuhk.com/assets/voices/f/4-9.mp3,https://app.speakalongcuhk.com/assets/voices/f/4-9.mp3,https://app.speakalongcuhk.com/tc/scontent/f/sentence,sound:f:sentence:9,4-9.mp3,mp3,.mp3,5.030062,44100,2,100330,92b03e69cc1f3574b1f15548dfa247c1268df2f0df79110aaed0767f59be20cd,1,yue-Hant,sentence,,,,The site supplies no machine-readable lexical/Jyutping/tone text for this item; fields remain empty rather than inferred.
SA-00415,輔音,輔音,f,f,,,,,,,,,,,audio/consonants/f/f_sentence_010.mp3,https://app.speakalongcuhk.com/assets/voices/f/4-10.mp3,https://app.speakalongcuhk.com/assets/voices/f/4-10.mp3,https://app.speakalongcuhk.com/tc/scontent/f/sentence,sound:f:sentence:10,4-10.mp3,mp3,.mp3,5.056125,44100,2,100996,bfb01b2158144cb4ae2eddf097e51c24ad096f55338f9b6dff9e884f0cb436ab,1,yue-Hant,sentence,,,,The site supplies no machine-readable lexical/Jyutping/tone text for this item; fields remain empty rather than inferred.
SA-00416,輔音,輔音,f,f,,,,,,,,,,,audio/consonants/f/f_story_001.mp3,https://app.speakalongcuhk.com/assets/voices/f/5-1.mp3,https://app.speakalongcuhk.com/assets/voices/f/5-1.mp3,https://app.speakalongcuhk.com/tc/scontent/f/story,sound:f:story:1,5-1.mp3,mp3,.mp3,7.688438,44100,2,128566,95ec7b50bfe746391a9b3735733b90bcef722fbf5fe7d31260076f8f75ac5a80,1,yue-Hant,story,,,,The site supplies no machine-readable lexical/Jyutping/tone text for this item; fields remain empty rather than inferred.
SA-00417,輔音,輔音,f,f,,,,,,,,,,,audio/consonants/f/f_story_002.mp3,https://app.speakalongcuhk.com/assets/voices/f/5-2.mp3,https://app.speakalongcuhk.com/assets/voices/f/5-2.mp3,https://app.speakalongcuhk.com/tc/scontent/f/story,sound:f:story:2,5-2.mp3,mp3,.mp3,4.222125,44100,2,73639,a71031cf141d57cd8e3e2da534b4671fb28d590bf998532ff5ec29e1f52eecbb,1,yue-Hant,story,,,,The site supplies no machine-readable lexical/Jyutping/tone text for this item; fields remain empty rather than inferred.
SA-00418,輔音,輔音,f,f,,,,,,,,,,,audio/consonants/f/f_story_003.mp3,https://app.speakalongcuhk.com/assets/voices/f/5-3.mp3,https://app.speakalongcuhk.com/assets/voices/f/5-3.mp3,https://app.speakalongcuhk.com/tc/scontent/f/story,sound:f:story:3,5-3.mp3,mp3,.mp3,4.404562,44100,2,76551,578fc7da847e7c199f6e687f3086b910d7d7b7a8341b475856fa871f9d274ed4,1,yue-Hant,story,,,,The site supplies no machine-readable lexical/Jyutping/tone text for this item; fields remain empty rather than inferred.
SA-00419,輔音,輔音,f,f,,,,,,,,,,,audio/consonants/f/f_story_004.mp3,https://app.speakalongcuhk.com/assets/voices/f/5-4.mp3,https://app.speakalongcuhk.com/assets/voices/f/5-4.mp3,https://app.speakalongcuhk.com/tc/scontent/f/story,sound:f:story:4,5-4.mp3,mp3,.mp3,7.584187,44100,2,128476,42328556f0dbc227d7507910b56feffe30ca5fef9b79548a05e46e31552ddaf8,1,yue-Hant,story,,,,The site supplies no machine-readable lexical/Jyutping/tone text for this item; fields remain empty rather than inferred.
SA-00420,輔音,輔音,f,f,,,,,,,,,,,audio/consonants/f/f_story_005.mp3,https://app.speakalongcuhk.com/assets/voices/f/5-5.mp3,https://app.speakalongcuhk.com/assets/voices/f/5-5.mp3,https://app.speakalongcuhk.com/tc/scontent/f/story,sound:f:story:5,5-5.mp3,mp3,.mp3,5.785875,44100,2,100225,36454b287494eaf52f1c8f4c05b61e1bca3020f805f589db56dbe6560e07c8e0,1,yue-Hant,story,,,,The site supplies no machine-readable lexical/Jyutping/tone text for this item; fields remain empty rather than inferred.
SA-00421,輔音,輔音,h,h,,,,,,口,,,,,audio/consonants/h/h_001.mp3,https://app.speakalongcuhk.com/assets/voices/h/1-1.mp3,https://app.speakalongcuhk.com/assets/voices/h/1-1.mp3,https://app.speakalongcuhk.com/tc/scontent/h/single,sound:h:single:1,1-1.mp3,mp3,.mp3,1.902562,44100,2,43816,9e6ee93a6ff0e088e78f97a215cbca9f85f2862e7ad9d04ddc10261df29cd202,1,yue-Hant,single,,,,Lexical label is human-curated from source artwork/category; it is not textual metadata supplied by the site.
SA-00422,輔音,輔音,h,h,,,,,,蝦,,,,,audio/consonants/h/h_002.mp3,https://app.speakalongcuhk.com/assets/voices/h/1-2.mp3,https://app.speakalongcuhk.com/assets/voices/h/1-2.mp3,https://app.speakalongcuhk.com/tc/scontent/h/single,sound:h:single:2,1-2.mp3,mp3,.mp3,2.163187,44100,2,45276,5a7c3d5842e820172de0e96ec1b041fc3949eb5dea37f5408f79819d13049ae5,1,yue-Hant,single,,,,Lexical label is human-curated from source artwork/category; it is not textual metadata supplied by the site.
SA-00423,輔音,輔音,h,h,,,,,,河,,,,,audio/consonants/h/h_003.mp3,https://app.speakalongcuhk.com/assets/voices/h/1-3.mp3,https://app.speakalongcuhk.com/assets/voices/h/1-3.mp3,https://app.speakalongcuhk.com/tc/scontent/h/single,sound:h:single:3,1-3.mp3,mp3,.mp3,2.345625,44100,2,48444,4ebb7cbf3e78313c55f978d7ef3c3ad98746ea084b3540de14740e081290cd9b,1,yue-Hant,single,,,,Lexical label is human-curated from source artwork/category; it is not textual metadata supplied by the site.
SA-00424,輔音,輔音,h,h,,,,,,輕,,,,,audio/consonants/h/h_004.mp3,https://app.speakalongcuhk.com/assets/voices/h/1-4.mp3,https://app.speakalongcuhk.com/assets/voices/h/1-4.mp3,https://app.speakalongcuhk.com/tc/scontent/h/single,sound:h:single:4,1-4.mp3,mp3,.mp3,1.954688,44100,2,44643,726f6662997791f2b8c79132616f72b5d5587dbc6c10e532c1b4b09921618a6d,1,yue-Hant,single,,,,Lexical label is human-curated from source artwork/category; it is not textual metadata supplied by the site.
SA-00425,輔音,輔音,h,h,,,,,,汽,,,,,audio/consonants/h/h_005.mp3,https://app.speakalongcuhk.com/assets/voices/h/1-5.mp3,https://app.speakalongcuhk.com/assets/voices/h/1-5.mp3,https://app.speakalongcuhk.com/tc/scontent/h/single,sound:h:single:5,1-5.mp3,mp3,.mp3,2.319562,44100,2,48525,a062d135d363f3b7797d836ea136d26dfd8c2ee6321f03e125c66c1dad0ed212,1,yue-Hant,single,,,,Lexical label is human-curated from source artwork/category; it is not textual metadata supplied by the site.
SA-00426,輔音,輔音,h,h,,,,,,敲,,,,,audio/consonants/h/h_006.mp3,https://app.speakalongcuhk.com/assets/voices/h/1-6.mp3,https://app.speakalongcuhk.com/assets/voices/h/1-6.mp3,https://app.speakalongcuhk.com/tc/scontent/h/single,sound:h:single:6,1-6.mp3,mp3,.mp3,1.824375,44100,2,36319,9b149c9c4849e5c0a703562b4c57c2abe403f6f385ae77b89d09a7e6641be0a4,1,yue-Hant,single,,,,Lexical label is human-curated from source artwork/category; it is not textual metadata supplied by the site.
SA-00427,輔音,輔音,h,h,,,,,,猴,,,,,audio/consonants/h/h_007.mp3,https://app.speakalongcuhk.com/assets/voices/h/1-7.mp3,https://app.speakalongcuhk.com/assets/voices/h/1-7.mp3,https://app.speakalongcuhk.com/tc/scontent/h/single,sound:h:single:7,1-7.mp3,mp3,.mp3,2.111063,44100,2,45687,f633fdcaa7abc835748b39225d9cfc93b374da6ec330cdebb6fdd1d88c5477bc,1,yue-Hant,single,,,,Lexical label is human-curated from source artwork/category; it is not textual metadata supplied by the site.
SA-00428,輔音,輔音,h,h,,,,,,海,,,,,audio/consonants/h/h_008.mp3,https://app.speakalongcuhk.com/assets/voices/h/1-8.mp3,https://app.speakalongcuhk.com/assets/voices/h/1-8.mp3,https://app.speakalongcuhk.com/tc/scontent/h/single,sound:h:single:8,1-8.mp3,mp3,.mp3,2.475938,44100,2,51774,ccda2234734b3224d6059fffdd44d82b4bf3af680bcd78dcddad2d87f5bff266,1,yue-Hant,single,,,,Lexical label is human-curated from source artwork/category; it is not textual metadata supplied by the site.
SA-00429,輔音,輔音,h,h,,,,,,好,,,,,audio/consonants/h/h_009.mp3,https://app.speakalongcuhk.com/assets/voices/h/1-9.mp3,https://app.speakalongcuhk.com/assets/voices/h/1-9.mp3,https://app.speakalongcuhk.com/tc/scontent/h/single,sound:h:single:9,1-9.mp3,mp3,.mp3,2.39775,44100,2,50772,6887dba0fb23b343c1bb1b7b756b08f408b40e7ceddf1afe85b5ce2e40be634d,1,yue-Hant,single,,,,Lexical label is human-curated from source artwork/category; it is not textual metadata supplied by the site.
SA-00430,輔音,輔音,h,h,,,,,,鞋,,,,,audio/consonants/h/h_010.mp3,https://app.speakalongcuhk.com/assets/voices/h/1-10.mp3,https://app.speakalongcuhk.com/assets/voices/h/1-10.mp3,https://app.speakalongcuhk.com/tc/scontent/h/single,sound:h:single:10,1-10.mp3,mp3,.mp3,1.954688,44100,2,40485,771ece41e33f172512664f72c2ab33f3f9a0c1290129c5187572d90ef0c0edf6,1,yue-Hant,single,,,,Lexical label is human-curated from source artwork/category; it is not textual metadata supplied by the site.
SA-00431,輔音,輔音,h,h,,,,,,,,,,,audio/consonants/h/h_011.mp3,https://app.speakalongcuhk.com/assets/voices/h/1-11.mp3,https://app.speakalongcuhk.com/assets/voices/h/1-11.mp3,https://app.speakalongcuhk.com/tc/scontent/h/single,sound:h:single:11,1-11.mp3,mp3,.mp3,1.589813,44100,2,39856,8819a29457e5cbb4f6ccdf7aa85be7fed9510db20c47ad8eea458ef2e1098dfe,1,yue-Hant,single,,,,The site supplies no machine-readable lexical/Jyutping/tone text for this item; fields remain empty rather than inferred.
SA-00432,輔音,輔音,h,h,,,,,,,,,,,audio/consonants/h/h_012.mp3,https://app.speakalongcuhk.com/assets/voices/h/1-12.mp3,https://app.speakalongcuhk.com/assets/voices/h/1-12.mp3,https://app.speakalongcuhk.com/tc/scontent/h/single,sound:h:single:12,1-12.mp3,mp3,.mp3,2.241375,44100,2,51758,f1156fb21cf17d2f82cd5753b8c27de9d05a49edf844236b9a0c360bb323e3ce,1,yue-Hant,single,,,,The site supplies no machine-readable lexical/Jyutping/tone text for this item; fields remain empty rather than inferred.
SA-00433,輔音,輔音,h,h,,,,,,,,,,,audio/consonants/h/h_013.mp3,https://app.speakalongcuhk.com/assets/voices/h/1-13.mp3,https://app.speakalongcuhk.com/assets/voices/h/1-13.mp3,https://app.speakalongcuhk.com/tc/scontent/h/single,sound:h:single:13,1-13.mp3,mp3,.mp3,2.111063,44100,2,49922,d94e7de4ebe0d5dc8209fcd9f2700eb3e542d0199b7ada247f9531e8d0a29068,1,yue-Hant,single,,,,The site supplies no machine-readable lexical/Jyutping/tone text for this item; fields remain empty rather than inferred.
SA-00434,輔音,輔音,h,h,,,,,,,,,,,audio/consonants/h/h_014.mp3,https://app.speakalongcuhk.com/assets/voices/h/1-14.mp3,https://app.speakalongcuhk.com/assets/voices/h/1-14.mp3,https://app.speakalongcuhk.com/tc/scontent/h/single,sound:h:single:14,1-14.mp3,mp3,.mp3,2.032875,44100,2,48920,ecc37a7e4bfcd1e36ee05fef4f6c6f7b7c3e02c443a6c52299b7ffa6e0c99b64,1,yue-Hant,single,,,,The site supplies no machine-readable lexical/Jyutping/tone text for this item; fields remain empty rather than inferred.
SA-00435,輔音,輔音,h,h,,,,,,,,,,,audio/consonants/h/h_015.mp3,https://app.speakalongcuhk.com/assets/voices/h/1-15.mp3,https://app.speakalongcuhk.com/assets/voices/h/1-15.mp3,https://app.speakalongcuhk.com/tc/scontent/h/single,sound:h:single:15,1-15.mp3,mp3,.mp3,1.928625,44100,2,47501,ba147e27491c4a048266afc16ba0339627b9fedf21d016ad551f9600e6f00d08,1,yue-Hant,single,,,,The site supplies no machine-readable lexical/Jyutping/tone text for this item; fields remain empty rather than inferred.
SA-00436,輔音,輔音,h,h,,,,,,,,,,,audio/consonants/h/h_word_001.mp3,https://app.speakalongcuhk.com/assets/voices/h/2-1.mp3,https://app.speakalongcuhk.com/assets/voices/h/2-1.mp3,https://app.speakalongcuhk.com/tc/scontent/h/word,sound:h:word:1,2-1.mp3,mp3,.mp3,2.997187,44100,2,60862,edf86e200f6f72c87ee9c94d19324cdd7c69a894b9e99695ff528233f7d581c0,1,yue-Hant,word,,,,The site supplies no machine-readable lexical/Jyutping/tone text for this item; fields remain empty rather than inferred.
SA-00437,輔音,輔音,h,h,,,,,,,,,,,audio/consonants/h/h_word_002.mp3,https://app.speakalongcuhk.com/assets/voices/h/2-2.mp3,https://app.speakalongcuhk.com/assets/voices/h/2-2.mp3,https://app.speakalongcuhk.com/tc/scontent/h/word,sound:h:word:2,2-2.mp3,mp3,.mp3,2.137125,44100,2,42367,41a4bc0210fc40d2f5696109cd5115f52b32ab91dc5e89b54e36750b2d03cec2,1,yue-Hant,word,,,,The site supplies no machine-readable lexical/Jyutping/tone text for this item; fields remain empty rather than inferred.
SA-00438,輔音,輔音,h,h,,,,,,,,,,,audio/consonants/h/h_word_003.mp3,https://app.speakalongcuhk.com/assets/voices/h/2-3.mp3,https://app.speakalongcuhk.com/assets/voices/h/2-3.mp3,https://app.speakalongcuhk.com/tc/scontent/h/word,sound:h:word:3,2-3.mp3,mp3,.mp3,3.02325,44100,2,61777,36033123545b2b4cd047a0f0c7d4492d309cd274e1899ef571335b1cac2c2d68,1,yue-Hant,word,,,,The site supplies no machine-readable lexical/Jyutping/tone text for this item; fields remain empty rather than inferred.
SA-00439,輔音,輔音,h,h,,,,,,,,,,,audio/consonants/h/h_word_004.mp3,https://app.speakalongcuhk.com/assets/voices/h/2-4.mp3,https://app.speakalongcuhk.com/assets/voices/h/2-4.mp3,https://app.speakalongcuhk.com/tc/scontent/h/word,sound:h:word:4,2-4.mp3,mp3,.mp3,2.788687,44100,2,58273,06453be645a1948d7dd90e0a7e815e0885bb2c6d482394c00ba1199c96cf7a70,1,yue-Hant,word,,,,The site supplies no machine-readable lexical/Jyutping/tone text for this item; fields remain empty rather than inferred.
SA-00440,輔音,輔音,h,h,,,,,,,,,,,audio/consonants/h/h_word_005.mp3,https://app.speakalongcuhk.com/assets/voices/h/2-5.mp3,https://app.speakalongcuhk.com/assets/voices/h/2-5.mp3,https://app.speakalongcuhk.com/tc/scontent/h/word,sound:h:word:5,2-5.mp3,mp3,.mp3,2.997187,44100,2,61859,32690e0ce028b209a3f233afa1096c128645228b25797345c4d43ac1366311ec,1,yue-Hant,word,,,,The site supplies no machine-readable lexical/Jyutping/tone text for this item; fields remain empty rather than inferred.
SA-00441,輔音,輔音,h,h,,,,,,,,,,,audio/consonants/h/h_word_006.mp3,https://app.speakalongcuhk.com/assets/voices/h/2-6.mp3,https://app.speakalongcuhk.com/assets/voices/h/2-6.mp3,https://app.speakalongcuhk.com/tc/scontent/h/word,sound:h:word:6,2-6.mp3,mp3,.mp3,2.840812,44100,2,59606,d4882541a6069f03e7b672369b8a4450e4bf426f3485395cb5327bd75a2115df,1,yue-Hant,word,,,,The site supplies no machine-readable lexical/Jyutping/tone text for this item; fields remain empty rather than inferred.
SA-00442,輔音,輔音,h,h,,,,,,,,,,,audio/consonants/h/h_word_007.mp3,https://app.speakalongcuhk.com/assets/voices/h/2-7.mp3,https://app.speakalongcuhk.com/assets/voices/h/2-7.mp3,https://app.speakalongcuhk.com/tc/scontent/h/word,sound:h:word:7,2-7.mp3,mp3,.mp3,2.919,44100,2,61355,2f7bd4f697cb5c173f9823d6b7fdf4da26cbfed3a08b38ff719f8fb402e491b6,1,yue-Hant,word,,,,The site supplies no machine-readable lexical/Jyutping/tone text for this item; fields remain empty rather than inferred.
SA-00443,輔音,輔音,h,h,,,,,,,,,,,audio/consonants/h/h_word_008.mp3,https://app.speakalongcuhk.com/assets/voices/h/2-8.mp3,https://app.speakalongcuhk.com/assets/voices/h/2-8.mp3,https://app.speakalongcuhk.com/tc/scontent/h/word,sound:h:word:8,2-8.mp3,mp3,.mp3,3.205688,44100,2,68182,19234c95964a24c1bd929cb06f1a824db8a04ccb3440c3317da756ae6fb624d8,1,yue-Hant,word,,,,The site supplies no machine-readable lexical/Jyutping/tone text for this item; fields remain empty rather than inferred.
SA-00444,輔音,輔音,h,h,,,,,,,,,,,audio/consonants/h/h_word_009.mp3,https://app.speakalongcuhk.com/assets/voices/h/2-9.mp3,https://app.speakalongcuhk.com/assets/voices/h/2-9.mp3,https://app.speakalongcuhk.com/tc/scontent/h/word,sound:h:word:9,2-9.mp3,mp3,.mp3,2.058937,44100,2,42160,120f157b0194efedcf2fbb889a3972e02946114fb845a6f194cc3868e46780bc,1,yue-Hant,word,,,,The site supplies no machine-readable lexical/Jyutping/tone text for this item; fields remain empty rather than inferred.
SA-00445,輔音,輔音,h,h,,,,,,,,,,,audio/consonants/h/h_word_010.mp3,https://app.speakalongcuhk.com/assets/voices/h/2-10.mp3,https://app.speakalongcuhk.com/assets/voices/h/2-10.mp3,https://app.speakalongcuhk.com/tc/scontent/h/word,sound:h:word:10,2-10.mp3,mp3,.mp3,3.44025,44100,2,70442,6cf97b5a5da52fc8199d2e7917563bbee4789cc56935deb1acc2bf7ef92d916a,1,yue-Hant,word,,,,The site supplies no machine-readable lexical/Jyutping/tone text for this item; fields remain empty rather than inferred.
SA-00446,輔音,輔音,h,h,,,,,,,,,,,audio/consonants/h/h_sentence_001.mp3,https://app.speakalongcuhk.com/assets/voices/h/4-1.mp3,https://app.speakalongcuhk.com/assets/voices/h/4-1.mp3,https://app.speakalongcuhk.com/tc/scontent/h/sentence,sound:h:sentence:1,4-1.mp3,mp3,.mp3,2.580188,44100,2,53632,12fd70b965e6e8770a09312569e36ca21e11ec833652acce4640691524ca12bb,1,yue-Hant,sentence,,,,The site supplies no machine-readable lexical/Jyutping/tone text for this item; fields remain empty rather than inferred.
SA-00447,輔音,輔音,h,h,,,,,,,,,,,audio/consonants/h/h_sentence_002.mp3,https://app.speakalongcuhk.com/assets/voices/h/4-2.mp3,https://app.speakalongcuhk.com/assets/voices/h/4-2.mp3,https://app.speakalongcuhk.com/tc/scontent/h/sentence,sound:h:sentence:2,4-2.mp3,mp3,.mp3,3.753,44100,2,72919,d93f8c2859c44ad9878062f4d7c1836e8e4fa5999e59f1cd8f487c63b756880d,1,yue-Hant,sentence,,,,The site supplies no machine-readable lexical/Jyutping/tone text for this item; fields remain empty rather than inferred.
SA-00448,輔音,輔音,h,h,,,,,,,,,,,audio/consonants/h/h_sentence_003.mp3,https://app.speakalongcuhk.com/assets/voices/h/4-3.mp3,https://app.speakalongcuhk.com/assets/voices/h/4-3.mp3,https://app.speakalongcuhk.com/tc/scontent/h/sentence,sound:h:sentence:3,4-3.mp3,mp3,.mp3,3.805125,44100,2,73746,29449bda72c8bd13dc94e47bb78c4a74e8d62323e422e9aa00b8fe3076b837b4,1,yue-Hant,sentence,,,,The site supplies no machine-readable lexical/Jyutping/tone text for this item; fields remain empty rather than inferred.
SA-00449,輔音,輔音,h,h,,,,,,,,,,,audio/consonants/h/h_sentence_004.mp3,https://app.speakalongcuhk.com/assets/voices/h/4-4.mp3,https://app.speakalongcuhk.com/assets/voices/h/4-4.mp3,https://app.speakalongcuhk.com/tc/scontent/h/sentence,sound:h:sentence:4,4-4.mp3,mp3,.mp3,4.222125,44100,2,81469,88aa00584620122b283ba0c6e379776041356e0c229bb152c81f9f833959940d,1,yue-Hant,sentence,,,,The site supplies no machine-readable lexical/Jyutping/tone text for this item; fields remain empty rather than inferred.
SA-00450,輔音,輔音,h,h,,,,,,,,,,,audio/consonants/h/h_sentence_005.mp3,https://app.speakalongcuhk.com/assets/voices/h/4-5.mp3,https://app.speakalongcuhk.com/assets/voices/h/4-5.mp3,https://app.speakalongcuhk.com/tc/scontent/h/sentence,sound:h:sentence:5,4-5.mp3,mp3,.mp3,4.665188,44100,2,89080,441c8fa14e1bf55d8bab5b0cc7f19b7e92866b79a079efe279efa6fe4aecc755,1,yue-Hant,sentence,,,,The site supplies no machine-readable lexical/Jyutping/tone text for this item; fields remain empty rather than inferred.
SA-00451,輔音,輔音,h,h,,,,,,,,,,,audio/consonants/h/h_sentence_006.mp3,https://app.speakalongcuhk.com/assets/voices/h/4-6.mp3,https://app.speakalongcuhk.com/assets/voices/h/4-6.mp3,https://app.speakalongcuhk.com/tc/scontent/h/sentence,sound:h:sentence:6,4-6.mp3,mp3,.mp3,4.456688,44100,2,86266,1b941b1f7e035a18d5e351115d2239b594fb8f1abe14a4124d3d1dad3846416a,1,yue-Hant,sentence,,,,The site supplies no machine-readable lexical/Jyutping/tone text for this item; fields remain empty rather than inferred.
SA-00452,輔音,輔音,h,h,,,,,,,,,,,audio/consonants/h/h_sentence_007.mp3,https://app.speakalongcuhk.com/assets/voices/h/4-7.mp3,https://app.speakalongcuhk.com/assets/voices/h/4-7.mp3,https://app.speakalongcuhk.com/tc/scontent/h/sentence,sound:h:sentence:7,4-7.mp3,mp3,.mp3,5.004,44100,2,95545,4b550f20cf7be8806dba3b0ab40dbb6fb89e9e36559d0315223604b659d9a8f7,1,yue-Hant,sentence,,,,The site supplies no machine-readable lexical/Jyutping/tone text for this item; fields remain empty rather than inferred.
SA-00453,輔音,輔音,h,h,,,,,,,,,,,audio/consonants/h/h_sentence_008.mp3,https://app.speakalongcuhk.com/assets/voices/h/4-8.mp3,https://app.speakalongcuhk.com/assets/voices/h/4-8.mp3,https://app.speakalongcuhk.com/tc/scontent/h/sentence,sound:h:sentence:8,4-8.mp3,mp3,.mp3,4.27425,44100,2,84391,873de1f1d1834c5648475bf442e8a0f4d9e4e7484ff7d7425074095430a71acd,1,yue-Hant,sentence,,,,The site supplies no machine-readable lexical/Jyutping/tone text for this item; fields remain empty rather than inferred.
SA-00454,輔音,輔音,h,h,,,,,,,,,,,audio/consonants/h/h_sentence_009.mp3,https://app.speakalongcuhk.com/assets/voices/h/4-9.mp3,https://app.speakalongcuhk.com/assets/voices/h/4-9.mp3,https://app.speakalongcuhk.com/tc/scontent/h/sentence,sound:h:sentence:9,4-9.mp3,mp3,.mp3,4.560938,44100,2,89500,9de650dcae4b0e6d6022ab385e183044c067dfd5fac18327b13687a14816b286,1,yue-Hant,sentence,,,,The site supplies no machine-readable lexical/Jyutping/tone text for this item; fields remain empty rather than inferred.
SA-00455,輔音,輔音,h,h,,,,,,,,,,,audio/consonants/h/h_sentence_010.mp3,https://app.speakalongcuhk.com/assets/voices/h/4-10.mp3,https://app.speakalongcuhk.com/assets/voices/h/4-10.mp3,https://app.speakalongcuhk.com/tc/scontent/h/sentence,sound:h:sentence:10,4-10.mp3,mp3,.mp3,5.342812,44100,2,102532,cafbebdb3cd5311d70d4ff054d12ab3f0c5c47e1b8cb51b2f044c6be6215954c,1,yue-Hant,sentence,,,,The site supplies no machine-readable lexical/Jyutping/tone text for this item; fields remain empty rather than inferred.
SA-00456,輔音,輔音,h,h,,,,,,,,,,,audio/consonants/h/h_story_001.mp3,https://app.speakalongcuhk.com/assets/voices/h/5-1.mp3,https://app.speakalongcuhk.com/assets/voices/h/5-1.mp3,https://app.speakalongcuhk.com/tc/scontent/h/story,sound:h:story:1,5-1.mp3,mp3,.mp3,5.067755,44100,2,129939,f59fba8b0267f9dfed3c9090654a7e9c8cad08fe8b125f72246a75e7e55d58b4,1,yue-Hant,story,,,,The site supplies no machine-readable lexical/Jyutping/tone text for this item; fields remain empty rather than inferred.
SA-00457,輔音,輔音,h,h,,,,,,,,,,,audio/consonants/h/h_story_002.mp3,https://app.speakalongcuhk.com/assets/voices/h/5-2.mp3,https://app.speakalongcuhk.com/assets/voices/h/5-2.mp3,https://app.speakalongcuhk.com/tc/scontent/h/story,sound:h:story:2,5-2.mp3,mp3,.mp3,8.470313,44100,2,156652,0097afc73a593290d3dface00c6601f0da8cf5d9130234d82add44ff037f767a,1,yue-Hant,story,,,,The site supplies no machine-readable lexical/Jyutping/tone text for this item; fields remain empty rather than inferred.
SA-00458,輔音,輔音,h,h,,,,,,,,,,,audio/consonants/h/h_story_003.mp3,https://app.speakalongcuhk.com/assets/voices/h/5-3.mp3,https://app.speakalongcuhk.com/assets/voices/h/5-3.mp3,https://app.speakalongcuhk.com/tc/scontent/h/story,sound:h:story:3,5-3.mp3,mp3,.mp3,8.209688,44100,2,152729,e3a181f9a6ee952fb7e3b1f1955884d2b9197bcbdec0a4aeb9dc7185febfe54c,1,yue-Hant,story,,,,The site supplies no machine-readable lexical/Jyutping/tone text for this item; fields remain empty rather than inferred.
SA-00459,輔音,輔音,h,h,,,,,,,,,,,audio/consonants/h/h_story_004.mp3,https://app.speakalongcuhk.com/assets/voices/h/5-4.mp3,https://app.speakalongcuhk.com/assets/voices/h/5-4.mp3,https://app.speakalongcuhk.com/tc/scontent/h/story,sound:h:story:4,5-4.mp3,mp3,.mp3,4.665188,44100,2,96268,7f0c653e185943c884996f25e18d50a5bc1c1a6ea7c27246a8941f3b9ef692a1,1,yue-Hant,story,,,,The site supplies no machine-readable lexical/Jyutping/tone text for this item; fields remain empty rather than inferred.
SA-00460,輔音,輔音,j,j,,,,,,耳,,,,,audio/consonants/j/j_001.mp3,https://app.speakalongcuhk.com/assets/voices/j/1-1.mp3,https://app.speakalongcuhk.com/assets/voices/j/1-1.mp3,https://app.speakalongcuhk.com/tc/scontent/j/single,sound:j:single:1,1-1.mp3,mp3,.mp3,1.07102,44100,2,24108,34dd299c91fd01bc9732717e4e44c8a07baba406796318f2a282187ed64e2e8a,1,yue-Hant,single,,,,Lexical label is human-curated from source artwork/category; it is not textual metadata supplied by the site.
SA-00461,輔音,輔音,j,j,,,,,,藥,,,,,audio/consonants/j/j_002.mp3,https://app.speakalongcuhk.com/assets/voices/j/1-2.mp3,https://app.speakalongcuhk.com/assets/voices/j/1-2.mp3,https://app.speakalongcuhk.com/tc/scontent/j/single,sound:j:single:2,1-2.mp3,mp3,.mp3,1.07102,44100,2,18364,5ffacf254f03953bb377f9bba1a7605a84058d3f1cf6792cc212a29aeb722ce6,1,yue-Hant,single,,,,Lexical label is human-curated from source artwork/category; it is not textual metadata supplied by the site.
SA-00462,輔音,輔音,j,j,,,,,,魚,,,,,audio/consonants/j/j_003.mp3,https://app.speakalongcuhk.com/assets/voices/j/1-3.mp3,https://app.speakalongcuhk.com/assets/voices/j/1-3.mp3,https://app.speakalongcuhk.com/tc/scontent/j/single,sound:j:single:3,1-3.mp3,mp3,.mp3,1.07102,44100,2,18311,7c969e99d14d9bcf62e3d0a132d17107caf8630a3c1873a8fd3d9085f53fa0a5,1,yue-Hant,single,,,,Lexical label is human-curated from source artwork/category; it is not textual metadata supplied by the site.
SA-00463,輔音,輔音,j,j,,,,,,葉,,,,,audio/consonants/j/j_004.mp3,https://app.speakalongcuhk.com/assets/voices/j/1-4.mp3,https://app.speakalongcuhk.com/assets/voices/j/1-4.mp3,https://app.speakalongcuhk.com/tc/scontent/j/single,sound:j:single:4,1-4.mp3,mp3,.mp3,1.07102,44100,2,14761,d0946d943e785a2cd67acf7f7702e8f13a825f2819cd2dc3e6f0df68bc0a2aed,1,yue-Hant,single,,,,Lexical label is human-curated from source artwork/category; it is not textual metadata supplied by the site.
SA-00464,輔音,輔音,j,j,,,,,,二,,,,,audio/consonants/j/j_005.mp3,https://app.speakalongcuhk.com/assets/voices/j/1-5.mp3,https://app.speakalongcuhk.com/assets/voices/j/1-5.mp3,https://app.speakalongcuhk.com/tc/scontent/j/single,sound:j:single:5,1-5.mp3,mp3,.mp3,1.07102,44100,2,20765,3db09f51288f36c46d3ee0131850bd8abc2ede8ff7994172101e112aebe8415f,1,yue-Hant,single,,,,Lexical label is human-curated from source artwork/category; it is not textual metadata supplied by the site.
SA-00465,輔音,輔音,j,j,,,,,,煙,,,,,audio/consonants/j/j_006.mp3,https://app.speakalongcuhk.com/assets/voices/j/1-6.mp3,https://app.speakalongcuhk.com/assets/voices/j/1-6.mp3,https://app.speakalongcuhk.com/tc/scontent/j/single,sound:j:single:6,1-6.mp3,mp3,.mp3,1.07102,44100,2,20557,da5da1b858efb3cbaf453b24ba5d75cdc0dab6e50334e348e9b07e2bf03a41ba,1,yue-Hant,single,,,,Lexical label is human-curated from source artwork/category; it is not textual metadata supplied by the site.
SA-00466,輔音,輔音,j,j,,,,,,影,,,,,audio/consonants/j/j_007.mp3,https://app.speakalongcuhk.com/assets/voices/j/1-7.mp3,https://app.speakalongcuhk.com/assets/voices/j/1-7.mp3,https://app.speakalongcuhk.com/tc/scontent/j/single,sound:j:single:7,1-7.mp3,mp3,.mp3,1.07102,44100,2,19250,ed23ef74387b30be42c44b56896559a18bc28f10e850aa548946459e45ce536b,1,yue-Hant,single,,,,Lexical label is human-curated from source artwork/category; it is not textual metadata supplied by the site.
SA-00467,輔音,輔音,j,j,,,,,,羊,,,,,audio/consonants/j/j_008.mp3,https://app.speakalongcuhk.com/assets/voices/j/1-8.mp3,https://app.speakalongcuhk.com/assets/voices/j/1-8.mp3,https://app.speakalongcuhk.com/tc/scontent/j/single,sound:j:single:8,1-8.mp3,mp3,.mp3,1.07102,44100,2,20454,305811b0804797405cfd37c6995cbb83ebc366ce18d4a91963e9176771a8e4d8,1,yue-Hant,single,,,,Lexical label is human-curated from source artwork/category; it is not textual metadata supplied by the site.
SA-00468,輔音,輔音,j,j,,,,,,鷹,,,,,audio/consonants/j/j_009.mp3,https://app.speakalongcuhk.com/assets/voices/j/1-9.mp3,https://app.speakalongcuhk.com/assets/voices/j/1-9.mp3,https://app.speakalongcuhk.com/tc/scontent/j/single,sound:j:single:9,1-9.mp3,mp3,.mp3,1.07102,44100,2,20765,2de5e87c611c03a198d87cef5429f18815fd917a9d020e88bbf046f21c9af8d4,1,yue-Hant,single,,,,Lexical label is human-curated from source artwork/category; it is not textual metadata supplied by the site.
SA-00469,輔音,輔音,j,j,,,,,,熱,,,,,audio/consonants/j/j_010.mp3,https://app.speakalongcuhk.com/assets/voices/j/1-10.mp3,https://app.speakalongcuhk.com/assets/voices/j/1-10.mp3,https://app.speakalongcuhk.com/tc/scontent/j/single,sound:j:single:10,1-10.mp3,mp3,.mp3,1.07102,44100,2,14497,9b293ade7ee80f8210e69d434be3d2f826d4b332bced3e7cf5763d3afb50f59b,1,yue-Hant,single,,,,Lexical label is human-curated from source artwork/category; it is not textual metadata supplied by the site.
SA-00470,輔音,輔音,j,j,,,,,,,,,,,audio/consonants/j/j_word_001.mp3,https://app.speakalongcuhk.com/assets/voices/j/2-1.mp3,https://app.speakalongcuhk.com/assets/voices/j/2-1.mp3,https://app.speakalongcuhk.com/tc/scontent/j/word,sound:j:word:1,2-1.mp3,mp3,.mp3,1.07102,44100,2,27292,baebb4e805a44d198702306c6e3ac566a0afa2ea4717dc4c9cdd7c7d8f1d2347,1,yue-Hant,word,,,,The site supplies no machine-readable lexical/Jyutping/tone text for this item; fields remain empty rather than inferred.
SA-00471,輔音,輔音,j,j,,,,,,,,,,,audio/consonants/j/j_word_002.mp3,https://app.speakalongcuhk.com/assets/voices/j/2-2.mp3,https://app.speakalongcuhk.com/assets/voices/j/2-2.mp3,https://app.speakalongcuhk.com/tc/scontent/j/word,sound:j:word:2,2-2.mp3,mp3,.mp3,1.07102,44100,2,24475,3246eecf96c99fd21e19ba26210a6903377135a93b2e42f4f207d42cf6b1a956,1,yue-Hant,word,,,,The site supplies no machine-readable lexical/Jyutping/tone text for this item; fields remain empty rather than inferred.
SA-00472,輔音,輔音,j,j,,,,,,,,,,,audio/consonants/j/j_word_004.mp3,https://app.speakalongcuhk.com/assets/voices/j/2-4.mp3,https://app.speakalongcuhk.com/assets/voices/j/2-4.mp3,https://app.speakalongcuhk.com/tc/scontent/j/word,sound:j:word:4,2-4.mp3,mp3,.mp3,1.097143,44100,2,25675,75bfa2056bfc42abe0e665f4b23e91cc0ba91daf81dbe993da8f1457f4d8895e,1,yue-Hant,word,,,,The site supplies no machine-readable lexical/Jyutping/tone text for this item; fields remain empty rather than inferred.
SA-00473,輔音,輔音,j,j,,,,,,,,,,,audio/consonants/j/j_word_005.mp3,https://app.speakalongcuhk.com/assets/voices/j/2-5.mp3,https://app.speakalongcuhk.com/assets/voices/j/2-5.mp3,https://app.speakalongcuhk.com/tc/scontent/j/word,sound:j:word:5,2-5.mp3,mp3,.mp3,1.332245,44100,2,35174,430c10d8a4e8dc425cefc74bef7eeee1719f34b734d91aaad111af1e23b7bcc9,1,yue-Hant,word,,,,The site supplies no machine-readable lexical/Jyutping/tone text for this item; fields remain empty rather than inferred.
SA-00474,輔音,輔音,j,j,,,,,,,,,,,audio/consonants/j/j_word_006.mp3,https://app.speakalongcuhk.com/assets/voices/j/2-6.mp3,https://app.speakalongcuhk.com/assets/voices/j/2-6.mp3,https://app.speakalongcuhk.com/tc/scontent/j/word,sound:j:word:6,2-6.mp3,mp3,.mp3,1.097143,44100,2,25675,e40bba8939976c8be672b55d977fddf9a4cb64d830b5bf72d6c62c0f2a7a2ac5,1,yue-Hant,word,,,,The site supplies no machine-readable lexical/Jyutping/tone text for this item; fields remain empty rather than inferred.
SA-00475,輔音,輔音,j,j,,,,,,,,,,,audio/consonants/j/j_word_007.mp3,https://app.speakalongcuhk.com/assets/voices/j/2-7.mp3,https://app.speakalongcuhk.com/assets/voices/j/2-7.mp3,https://app.speakalongcuhk.com/tc/scontent/j/word,sound:j:word:7,2-7.mp3,mp3,.mp3,1.227755,44100,2,31941,9c29e7de6c5cec5309eff859538acb8100e37740ed36863d69f3e3e6c05a7749,1,yue-Hant,word,,,,The site supplies no machine-readable lexical/Jyutping/tone text for this item; fields remain empty rather than inferred.
SA-00476,輔音,輔音,j,j,,,,,,,,,,,audio/consonants/j/j_word_008.mp3,https://app.speakalongcuhk.com/assets/voices/j/2-8.mp3,https://app.speakalongcuhk.com/assets/voices/j/2-8.mp3,https://app.speakalongcuhk.com/tc/scontent/j/word,sound:j:word:8,2-8.mp3,mp3,.mp3,1.07102,44100,2,24004,a669fc1781799ecbd11dd5f28b39fc00fa9a61d027da63189714bac2bcbef6f7,1,yue-Hant,word,,,,The site supplies no machine-readable lexical/Jyutping/tone text for this item; fields remain empty rather than inferred.
SA-00477,輔音,輔音,j,j,,,,,,,,,,,audio/consonants/j/j_word_009.mp3,https://app.speakalongcuhk.com/assets/voices/j/2-9.mp3,https://app.speakalongcuhk.com/assets/voices/j/2-9.mp3,https://app.speakalongcuhk.com/tc/scontent/j/word,sound:j:word:9,2-9.mp3,mp3,.mp3,1.07102,44100,2,22437,246bd0c96f751bd921b69e8bcc9041dfc0b7f49519a4905def971f7f3f2cb4b8,1,yue-Hant,word,,,,The site supplies no machine-readable lexical/Jyutping/tone text for this item; fields remain empty rather than inferred.
SA-00478,輔音,輔音,j,j,,,,,,,,,,,audio/consonants/j/j_word_010.mp3,https://app.speakalongcuhk.com/assets/voices/j/2-10.mp3,https://app.speakalongcuhk.com/assets/voices/j/2-10.mp3,https://app.speakalongcuhk.com/tc/scontent/j/word,sound:j:word:10,2-10.mp3,mp3,.mp3,1.17551,44100,2,27973,49bd0b82b396ac77a32349c462285336aa65e4e3c0812117031094853f42f5e4,1,yue-Hant,word,,,,The site supplies no machine-readable lexical/Jyutping/tone text for this item; fields remain empty rather than inferred.
SA-00479,輔音,輔音,j,j,,,,,,,,,,,audio/consonants/j/j_sentence_001.mp3,https://app.speakalongcuhk.com/assets/voices/j/4-1.mp3,https://app.speakalongcuhk.com/assets/voices/j/4-1.mp3,https://app.speakalongcuhk.com/tc/scontent/j/sentence,sound:j:sentence:1,4-1.mp3,mp3,.mp3,1.854694,44100,2,48531,a58382dc6439f9648cebde1a111094e8e51492dfdd045afe85e861fb5384fe11,1,yue-Hant,sentence,,,,The site supplies no machine-readable lexical/Jyutping/tone text for this item; fields remain empty rather than inferred.
SA-00480,輔音,輔音,j,j,,,,,,,,,,,audio/consonants/j/j_sentence_002.mp3,https://app.speakalongcuhk.com/assets/voices/j/4-2.mp3,https://app.speakalongcuhk.com/assets/voices/j/4-2.mp3,https://app.speakalongcuhk.com/tc/scontent/j/sentence,sound:j:sentence:2,4-2.mp3,mp3,.mp3,2.220408,44100,2,56883,fbb617a3a0eb82870185abc0d3d3de0f13d941b489fbdf3eab721fbfb92ccff2,1,yue-Hant,sentence,,,,The site supplies no machine-readable lexical/Jyutping/tone text for this item; fields remain empty rather than inferred.
SA-00481,輔音,輔音,j,j,,,,,,,,,,,audio/consonants/j/j_sentence_003.mp3,https://app.speakalongcuhk.com/assets/voices/j/4-3.mp3,https://app.speakalongcuhk.com/assets/voices/j/4-3.mp3,https://app.speakalongcuhk.com/tc/scontent/j/sentence,sound:j:sentence:3,4-3.mp3,mp3,.mp3,2.324898,44100,2,60118,a322a443cbd6b86959de32ccc50f9bf02dc912b9b0d5e1ca8a55c2002276344d,1,yue-Hant,sentence,,,,The site supplies no machine-readable lexical/Jyutping/tone text for this item; fields remain empty rather than inferred.
SA-00482,輔音,輔音,j,j,,,,,,,,,,,audio/consonants/j/j_sentence_004.mp3,https://app.speakalongcuhk.com/assets/voices/j/4-4.mp3,https://app.speakalongcuhk.com/assets/voices/j/4-4.mp3,https://app.speakalongcuhk.com/tc/scontent/j/sentence,sound:j:sentence:4,4-4.mp3,mp3,.mp3,2.403265,44100,2,58497,2247e4804fc4b752b193ba7db0698b84a8d789bdf4c307c1787cb11dfd7c9086,1,yue-Hant,sentence,,,,The site supplies no machine-readable lexical/Jyutping/tone text for this item; fields remain empty rather than inferred.
SA-00483,輔音,輔音,j,j,,,,,,,,,,,audio/consonants/j/j_sentence_005.mp3,https://app.speakalongcuhk.com/assets/voices/j/4-5.mp3,https://app.speakalongcuhk.com/assets/voices/j/4-5.mp3,https://app.speakalongcuhk.com/tc/scontent/j/sentence,sound:j:sentence:5,4-5.mp3,mp3,.mp3,2.66449,44100,2,60795,c89b4062c9055bb2b8918fd68771559b2aa6610e287be1ee2026e057ebbc013a,1,yue-Hant,sentence,,,,The site supplies no machine-readable lexical/Jyutping/tone text for this item; fields remain empty rather than inferred.
SA-00484,輔音,輔音,j,j,,,,,,,,,,,audio/consonants/j/j_sentence_006.mp3,https://app.speakalongcuhk.com/assets/voices/j/4-6.mp3,https://app.speakalongcuhk.com/assets/voices/j/4-6.mp3,https://app.speakalongcuhk.com/tc/scontent/j/sentence,sound:j:sentence:6,4-6.mp3,mp3,.mp3,2.35102,44100,2,60380,fa44542148a93704c9f3882de88ca7f6168eb43416a70f724c41a5f037ce03de,1,yue-Hant,sentence,,,,The site supplies no machine-readable lexical/Jyutping/tone text for this item; fields remain empty rather than inferred.
SA-00485,輔音,輔音,j,j,,,,,,,,,,,audio/consonants/j/j_sentence_007.mp3,https://app.speakalongcuhk.com/assets/voices/j/4-7.mp3,https://app.speakalongcuhk.com/assets/voices/j/4-7.mp3,https://app.speakalongcuhk.com/tc/scontent/j/sentence,sound:j:sentence:7,4-7.mp3,mp3,.mp3,3.186939,44100,2,75928,c625f6a7aa744dc42b4f45a5109bf4d82b1a0d65da6c88ea2ff8e13f82f795f5,1,yue-Hant,sentence,,,,The site supplies no machine-readable lexical/Jyutping/tone text for this item; fields remain empty rather than inferred.
SA-00486,輔音,輔音,j,j,,,,,,,,,,,audio/consonants/j/j_sentence_008.mp3,https://app.speakalongcuhk.com/assets/voices/j/4-8.mp3,https://app.speakalongcuhk.com/assets/voices/j/4-8.mp3,https://app.speakalongcuhk.com/tc/scontent/j/sentence,sound:j:sentence:8,4-8.mp3,mp3,.mp3,2.742857,44100,2,68467,360285f4af79b0799629d52bd40cecee61a22335ed95d9f8be19752d9292aaaa,1,yue-Hant,sentence,,,,The site supplies no machine-readable lexical/Jyutping/tone text for this item; fields remain empty rather than inferred.
SA-00487,輔音,輔音,j,j,,,,,,,,,,,audio/consonants/j/j_sentence_009.mp3,https://app.speakalongcuhk.com/assets/voices/j/4-9.mp3,https://app.speakalongcuhk.com/assets/voices/j/4-9.mp3,https://app.speakalongcuhk.com/tc/scontent/j/sentence,sound:j:sentence:9,4-9.mp3,mp3,.mp3,3.552653,44100,2,90904,5fd7f159bd3fd16a64aa2146765e92635e877dababd1e3237215a51cb4fa4c71,1,yue-Hant,sentence,,,,The site supplies no machine-readable lexical/Jyutping/tone text for this item; fields remain empty rather than inferred.
SA-00488,輔音,輔音,j,j,,,,,,,,,,,audio/consonants/j/j_sentence_010.mp3,https://app.speakalongcuhk.com/assets/voices/j/4-10.mp3,https://app.speakalongcuhk.com/assets/voices/j/4-10.mp3,https://app.speakalongcuhk.com/tc/scontent/j/sentence,sound:j:sentence:10,4-10.mp3,mp3,.mp3,4.153469,44100,2,101023,4957d3dd0e75be61f40f5eb3e6b089ca522e9a91cdcc50fe9d2554a02c0e19ec,1,yue-Hant,sentence,,,,The site supplies no machine-readable lexical/Jyutping/tone text for this item; fields remain empty rather than inferred.
SA-00489,輔音,輔音,j,j,,,,,,,,,,,audio/consonants/j/j_story_001.mp3,https://app.speakalongcuhk.com/assets/voices/j/5-1.mp3,https://app.speakalongcuhk.com/assets/voices/j/5-1.mp3,https://app.speakalongcuhk.com/tc/scontent/j/story,sound:j:story:1,5-1.mp3,mp3,.mp3,5.564082,44100,2,137344,8ff874ea5e2b1f4a289768aada032816506104cbc5fdda0fa24ebad0c5815dd9,1,yue-Hant,story,,,,The site supplies no machine-readable lexical/Jyutping/tone text for this item; fields remain empty rather than inferred.
SA-00490,輔音,輔音,j,j,,,,,,,,,,,audio/consonants/j/j_story_002.mp3,https://app.speakalongcuhk.com/assets/voices/j/5-2.mp3,https://app.speakalongcuhk.com/assets/voices/j/5-2.mp3,https://app.speakalongcuhk.com/tc/scontent/j/story,sound:j:story:2,5-2.mp3,mp3,.mp3,5.302857,44100,2,130982,291d038f845e3a69759e7b3efc288e77d786a42b1f5ddee5674a0741714676f3,1,yue-Hant,story,,,,The site supplies no machine-readable lexical/Jyutping/tone text for this item; fields remain empty rather than inferred.
SA-00491,輔音,輔音,j,j,,,,,,,,,,,audio/consonants/j/j_story_003.mp3,https://app.speakalongcuhk.com/assets/voices/j/5-3.mp3,https://app.speakalongcuhk.com/assets/voices/j/5-3.mp3,https://app.speakalongcuhk.com/tc/scontent/j/story,sound:j:story:3,5-3.mp3,mp3,.mp3,7.967347,44100,2,195593,bbee882bac0dcd0fe7eb924e0fef43f57fce1f4a3f423def8cac15e7a17cb158,1,yue-Hant,story,,,,The site supplies no machine-readable lexical/Jyutping/tone text for this item; fields remain empty rather than inferred.
SA-00492,輔音,輔音,j,j,,,,,,,,,,,audio/consonants/j/j_story_004.mp3,https://app.speakalongcuhk.com/assets/voices/j/5-4.mp3,https://app.speakalongcuhk.com/assets/voices/j/5-4.mp3,https://app.speakalongcuhk.com/tc/scontent/j/story,sound:j:story:4,5-4.mp3,mp3,.mp3,6.112653,44100,2,150870,87cbe36726b3bee03abe571d1a88ab22c8b2c0636a5f1d31a0bfe0dbf2cf8d54,1,yue-Hant,story,,,,The site supplies no machine-readable lexical/Jyutping/tone text for this item; fields remain empty rather than inferred.
SA-00493,輔音,輔音,j,j,,,,,,,,,,,audio/consonants/j/j_story_005.mp3,https://app.speakalongcuhk.com/assets/voices/j/5-5.mp3,https://app.speakalongcuhk.com/assets/voices/j/5-5.mp3,https://app.speakalongcuhk.com/tc/scontent/j/story,sound:j:story:5,5-5.mp3,mp3,.mp3,4.466939,44100,2,106872,72fb96ed3a2a106cb2992f211411d09a790ffe8873dadc1caa51066b5c99e5f5,1,yue-Hant,story,,,,The site supplies no machine-readable lexical/Jyutping/tone text for this item; fields remain empty rather than inferred.
SA-00494,輔音,輔音,j,j,,,,,,,,,,,audio/consonants/j/j_story_006.mp3,https://app.speakalongcuhk.com/assets/voices/j/5-6.mp3,https://app.speakalongcuhk.com/assets/voices/j/5-6.mp3,https://app.speakalongcuhk.com/tc/scontent/j/story,sound:j:story:6,5-6.mp3,mp3,.mp3,3.343673,44100,2,82455,b2679b12e5b708b396adaa97a0dc672c51d3f401e8e79be81b4ac7c42bc6879d,1,yue-Hant,story,,,,The site supplies no machine-readable lexical/Jyutping/tone text for this item; fields remain empty rather than inferred.
SA-00495,輔音,輔音,l,l,,,,,,路,,,,,audio/consonants/l/l_001.mp3,https://app.speakalongcuhk.com/assets/voices/l/1-1.mp3,https://app.speakalongcuhk.com/assets/voices/l/1-1.mp3,https://app.speakalongcuhk.com/tc/scontent/l/single,sound:l:single:1,1-1.mp3,mp3,.mp3,1.07102,44100,2,23793,a4dfb06c3ddf3063a5c7c4b15287ef2ebe49b44f8281d4631fd11622c32c6f06,1,yue-Hant,single,,,,Lexical label is human-curated from source artwork/category; it is not textual metadata supplied by the site.
SA-00496,輔音,輔音,l,l,,,,,,六,,,,,audio/consonants/l/l_002.mp3,https://app.speakalongcuhk.com/assets/voices/l/1-2.mp3,https://app.speakalongcuhk.com/assets/voices/l/1-2.mp3,https://app.speakalongcuhk.com/tc/scontent/l/single,sound:l:single:2,1-2.mp3,mp3,.mp3,1.097143,44100,2,24944,db906976fc02599a86fbbc15e9e3f51744acd901a184968bd0fb76e000dee595,1,yue-Hant,single,,,,Lexical label is human-curated from source artwork/category; it is not textual metadata supplied by the site.
SA-00497,輔音,輔音,l,l,,,,,,梨,,,,,audio/consonants/l/l_003.mp3,https://app.speakalongcuhk.com/assets/voices/l/1-3.mp3,https://app.speakalongcuhk.com/assets/voices/l/1-3.mp3,https://app.speakalongcuhk.com/tc/scontent/l/single,sound:l:single:3,1-3.mp3,mp3,.mp3,1.07102,44100,2,26614,862069deff36c00f555ff5a70d5aed3cab10dabc42a17b9a5e8d7ff975786a87,1,yue-Hant,single,,,,Lexical label is human-curated from source artwork/category; it is not textual metadata supplied by the site.
SA-00498,輔音,輔音,l,l,,,,,,老,,,,,audio/consonants/l/l_004.mp3,https://app.speakalongcuhk.com/assets/voices/l/1-4.mp3,https://app.speakalongcuhk.com/assets/voices/l/1-4.mp3,https://app.speakalongcuhk.com/tc/scontent/l/single,sound:l:single:4,1-4.mp3,mp3,.mp3,1.149388,44100,2,26560,0b45e306333c9400d5ad04f7ad14cd2f29c0a2a753733ea28105ec85497a127c,1,yue-Hant,single,,,,Lexical label is human-curated from source artwork/category; it is not textual metadata supplied by the site.
SA-00499,輔音,輔音,l,l,,,,,,褸,,,,,audio/consonants/l/l_005.mp3,https://app.speakalongcuhk.com/assets/voices/l/1-5.mp3,https://app.speakalongcuhk.com/assets/voices/l/1-5.mp3,https://app.speakalongcuhk.com/tc/scontent/l/single,sound:l:single:5,1-5.mp3,mp3,.mp3,1.227755,44100,2,29219,d62075792963b24e295a8116484f05d1477035fc5f586715eb9426edcab65b82,1,yue-Hant,single,,,,Lexical label is human-curated from source artwork/category; it is not textual metadata supplied by the site.
SA-00500,輔音,輔音,l,l,,,,,,鹿,,,,,audio/consonants/l/l_006.mp3,https://app.speakalongcuhk.com/assets/voices/l/1-6.mp3,https://app.speakalongcuhk.com/assets/voices/l/1-6.mp3,https://app.speakalongcuhk.com/tc/scontent/l/single,sound:l:single:6,1-6.mp3,mp3,.mp3,1.097143,44100,2,26719,a09f975b3ca15ab53f1a0160c7a814f8a68c23473220100ba8eb347dc020a98c,1,yue-Hant,single,,,,Lexical label is human-curated from source artwork/category; it is not textual metadata supplied by the site.
SA-00501,輔音,輔音,l,l,,,,,,鏈,,,,,audio/consonants/l/l_007.mp3,https://app.speakalongcuhk.com/assets/voices/l/1-7.mp3,https://app.speakalongcuhk.com/assets/voices/l/1-7.mp3,https://app.speakalongcuhk.com/tc/scontent/l/single,sound:l:single:7,1-7.mp3,mp3,.mp3,1.306122,44100,2,30997,c7b844e9cc3ab369aa81f6e4562f9e6850ae4e6f0c74ce1da0890e0c992516f3,1,yue-Hant,single,,,,Lexical label is human-curated from source artwork/category; it is not textual metadata supplied by the site.
SA-00502,輔音,輔音,l,l,,,,,,領,,,,,audio/consonants/l/l_008.mp3,https://app.speakalongcuhk.com/assets/voices/l/1-8.mp3,https://app.speakalongcuhk.com/assets/voices/l/1-8.mp3,https://app.speakalongcuhk.com/tc/scontent/l/single,sound:l:single:8,1-8.mp3,mp3,.mp3,1.07102,44100,2,18677,9e603f8bf29831e67f6988509f23be62ea1d087e1b5c4333cfd98de7e26870e9,1,yue-Hant,single,,,,Lexical label is human-curated from source artwork/category; it is not textual metadata supplied by the site.
SA-00503,輔音,輔音,l,l,,,,,,狼,,,,,audio/consonants/l/l_009.mp3,https://app.speakalongcuhk.com/assets/voices/l/1-9.mp3,https://app.speakalongcuhk.com/assets/voices/l/1-9.mp3,https://app.speakalongcuhk.com/tc/scontent/l/single,sound:l:single:9,1-9.mp3,mp3,.mp3,1.044898,44100,2,26614,2074ef1e10be998ba958da6c57c361ad926022231d9a13567a9c34275d0fbf84,1,yue-Hant,single,,,,Lexical label is human-curated from source artwork/category; it is not textual metadata supplied by the site.
SA-00504,輔音,輔音,l,l,,,,,,亂,,,,,audio/consonants/l/l_010.mp3,https://app.speakalongcuhk.com/assets/voices/l/1-10.mp3,https://app.speakalongcuhk.com/assets/voices/l/1-10.mp3,https://app.speakalongcuhk.com/tc/scontent/l/single,sound:l:single:10,1-10.mp3,mp3,.mp3,1.044898,44100,2,24002,974442ef91cfe78d569682022bad5ba8f98e8248b3722f5aedfd8a107fff8eb2,1,yue-Hant,single,,,,Lexical label is human-curated from source artwork/category; it is not textual metadata supplied by the site.
SA-00505,輔音,輔音,l,l,,,,,,,,,,,audio/consonants/l/l_word_001.mp3,https://app.speakalongcuhk.com/assets/voices/l/2-1.mp3,https://app.speakalongcuhk.com/assets/voices/l/2-1.mp3,https://app.speakalongcuhk.com/tc/scontent/l/word,sound:l:word:1,2-1.mp3,mp3,.mp3,1.332245,44100,2,33297,e3d3b6bb8d107e042eadeb07e1de474df7ed30fccfccef987c24a0b6c7d3a970,1,yue-Hant,word,,,,The site supplies no machine-readable lexical/Jyutping/tone text for this item; fields remain empty rather than inferred.
SA-00506,輔音,輔音,l,l,,,,,,,,,,,audio/consonants/l/l_word_002.mp3,https://app.speakalongcuhk.com/assets/voices/l/2-2.mp3,https://app.speakalongcuhk.com/assets/voices/l/2-2.mp3,https://app.speakalongcuhk.com/tc/scontent/l/word,sound:l:word:2,2-2.mp3,mp3,.mp3,1.28,44100,2,33610,479a8d32ed06d2b78f126a274b39606a1b90c3e55efb4390bf7a26b9a1f4ff7a,1,yue-Hant,word,,,,The site supplies no machine-readable lexical/Jyutping/tone text for this item; fields remain empty rather than inferred.
SA-00507,輔音,輔音,l,l,,,,,,,,,,,audio/consonants/l/l_word_003.mp3,https://app.speakalongcuhk.com/assets/voices/l/2-3.mp3,https://app.speakalongcuhk.com/assets/voices/l/2-3.mp3,https://app.speakalongcuhk.com/tc/scontent/l/word,sound:l:word:3,2-3.mp3,mp3,.mp3,1.149388,44100,2,32411,7f80e42eea401a4f271a25cf0836289ed95a4017270f14f04cb0c9e346d0cd3d,1,yue-Hant,word,,,,The site supplies no machine-readable lexical/Jyutping/tone text for this item; fields remain empty rather than inferred.
SA-00508,輔音,輔音,l,l,,,,,,,,,,,audio/consonants/l/l_word_004.mp3,https://app.speakalongcuhk.com/assets/voices/l/2-4.mp3,https://app.speakalongcuhk.com/assets/voices/l/2-4.mp3,https://app.speakalongcuhk.com/tc/scontent/l/word,sound:l:word:4,2-4.mp3,mp3,.mp3,1.358367,44100,2,36530,f37263ac51d5ca4f639def55b36681b167656a8ea81fe8b29af53705576378ba,1,yue-Hant,word,,,,The site supplies no machine-readable lexical/Jyutping/tone text for this item; fields remain empty rather than inferred.
SA-00509,輔音,輔音,l,l,,,,,,,,,,,audio/consonants/l/l_word_005.mp3,https://app.speakalongcuhk.com/assets/voices/l/2-5.mp3,https://app.speakalongcuhk.com/assets/voices/l/2-5.mp3,https://app.speakalongcuhk.com/tc/scontent/l/word,sound:l:word:5,2-5.mp3,mp3,.mp3,1.410612,44100,2,35536,7b6071099284614ac5e64f99ea187c75a79b8049098f24f35f97a6112e29bc2b,1,yue-Hant,word,,,,The site supplies no machine-readable lexical/Jyutping/tone text for this item; fields remain empty rather than inferred.
SA-00510,輔音,輔音,l,l,,,,,,,,,,,audio/consonants/l/l_word_006.mp3,https://app.speakalongcuhk.com/assets/voices/l/2-6.mp3,https://app.speakalongcuhk.com/assets/voices/l/2-6.mp3,https://app.speakalongcuhk.com/tc/scontent/l/word,sound:l:word:6,2-6.mp3,mp3,.mp3,1.332245,44100,2,37157,a757fb064911dc7df6808008670ce97e4aa7d105ed3402d0fbbc19c8f119838c,1,yue-Hant,word,,,,The site supplies no machine-readable lexical/Jyutping/tone text for this item; fields remain empty rather than inferred.
SA-00511,輔音,輔音,l,l,,,,,,,,,,,audio/consonants/l/l_word_007.mp3,https://app.speakalongcuhk.com/assets/voices/l/2-7.mp3,https://app.speakalongcuhk.com/assets/voices/l/2-7.mp3,https://app.speakalongcuhk.com/tc/scontent/l/word,sound:l:word:7,2-7.mp3,mp3,.mp3,1.28,44100,2,31102,b94fc706e372798e26b3d01ab3e21d5b51606973ff374d9c4ba7c304586e4d41,1,yue-Hant,word,,,,The site supplies no machine-readable lexical/Jyutping/tone text for this item; fields remain empty rather than inferred.
SA-00512,輔音,輔音,l,l,,,,,,,,,,,audio/consonants/l/l_word_008.mp3,https://app.speakalongcuhk.com/assets/voices/l/2-8.mp3,https://app.speakalongcuhk.com/assets/voices/l/2-8.mp3,https://app.speakalongcuhk.com/tc/scontent/l/word,sound:l:word:8,2-8.mp3,mp3,.mp3,1.332245,44100,2,31414,359864ae661e8939f18bc0d43fe582b93939ab311c31873337ab9537e15c0dd1,1,yue-Hant,word,,,,The site supplies no machine-readable lexical/Jyutping/tone text for this item; fields remain empty rather than inferred.
SA-00513,輔音,輔音,l,l,,,,,,,,,,,audio/consonants/l/l_word_009.mp3,https://app.speakalongcuhk.com/assets/voices/l/2-9.mp3,https://app.speakalongcuhk.com/assets/voices/l/2-9.mp3,https://app.speakalongcuhk.com/tc/scontent/l/word,sound:l:word:9,2-9.mp3,mp3,.mp3,1.253878,44100,2,30787,e29a272ddefa45f4bcd1a9fd963ae16a97421971048b8d9c5d965f8a98bb445d,1,yue-Hant,word,,,,The site supplies no machine-readable lexical/Jyutping/tone text for this item; fields remain empty rather than inferred.
SA-00514,輔音,輔音,l,l,,,,,,,,,,,audio/consonants/l/l_word_010.mp3,https://app.speakalongcuhk.com/assets/voices/l/2-10.mp3,https://app.speakalongcuhk.com/assets/voices/l/2-10.mp3,https://app.speakalongcuhk.com/tc/scontent/l/word,sound:l:word:10,2-10.mp3,mp3,.mp3,1.07102,44100,2,28597,e3173bf2116a58b844c701eb7fdd4aaee26c311e249b56f6a1de9d900d828b84,1,yue-Hant,word,,,,The site supplies no machine-readable lexical/Jyutping/tone text for this item; fields remain empty rather than inferred.
SA-00515,輔音,輔音,l,l,,,,,,,,,,,audio/consonants/l/l_sentence_001.mp3,https://app.speakalongcuhk.com/assets/voices/l/4-1.mp3,https://app.speakalongcuhk.com/assets/voices/l/4-1.mp3,https://app.speakalongcuhk.com/tc/scontent/l/sentence,sound:l:sentence:1,4-1.mp3,mp3,.mp3,3.709388,44100,2,99368,c7cd62580ceb4d1db4a10f71d7a7c2b2b93110af35865d51d8ca9524de6b36a0,1,yue-Hant,sentence,,,,The site supplies no machine-readable lexical/Jyutping/tone text for this item; fields remain empty rather than inferred.
SA-00516,輔音,輔音,l,l,,,,,,,,,,,audio/consonants/l/l_sentence_002.mp3,https://app.speakalongcuhk.com/assets/voices/l/4-2.mp3,https://app.speakalongcuhk.com/assets/voices/l/4-2.mp3,https://app.speakalongcuhk.com/tc/scontent/l/sentence,sound:l:sentence:2,4-2.mp3,mp3,.mp3,4.257959,44100,2,108132,eed0a2ede1c1bd21bf5f34ee800104e728fc54b980933e464ad5392628c470de,1,yue-Hant,sentence,,,,The site supplies no machine-readable lexical/Jyutping/tone text for this item; fields remain empty rather than inferred.
SA-00517,輔音,輔音,l,l,,,,,,,,,,,audio/consonants/l/l_sentence_003.mp3,https://app.speakalongcuhk.com/assets/voices/l/4-3.mp3,https://app.speakalongcuhk.com/assets/voices/l/4-3.mp3,https://app.speakalongcuhk.com/tc/scontent/l/sentence,sound:l:sentence:3,4-3.mp3,mp3,.mp3,3.526531,44100,2,82762,2e920af27b3031f5392ce31a0a8044a3454e9129b14389ef66e6bd7596d6ced4,1,yue-Hant,sentence,,,,The site supplies no machine-readable lexical/Jyutping/tone text for this item; fields remain empty rather than inferred.
SA-00518,輔音,輔音,l,l,,,,,,,,,,,audio/consonants/l/l_sentence_004.mp3,https://app.speakalongcuhk.com/assets/voices/l/4-4.mp3,https://app.speakalongcuhk.com/assets/voices/l/4-4.mp3,https://app.speakalongcuhk.com/tc/scontent/l/sentence,sound:l:sentence:4,4-4.mp3,mp3,.mp3,5.720816,44100,2,139850,4acf5a52f9a9b9bf0f9d92c362020a7dc75db36339faad63726c19408d1814c6,1,yue-Hant,sentence,,,,The site supplies no machine-readable lexical/Jyutping/tone text for this item; fields remain empty rather than inferred.
SA-00519,輔音,輔音,l,l,,,,,,,,,,,audio/consonants/l/l_sentence_005.mp3,https://app.speakalongcuhk.com/assets/voices/l/4-5.mp3,https://app.speakalongcuhk.com/assets/voices/l/4-5.mp3,https://app.speakalongcuhk.com/tc/scontent/l/sentence,sound:l:sentence:5,4-5.mp3,mp3,.mp3,2.951837,44100,2,72433,3d3ed0f5d04746225dfeac14bf3d4e19659834394bd5183e8d18e0b67eb99db8,1,yue-Hant,sentence,,,,The site supplies no machine-readable lexical/Jyutping/tone text for this item; fields remain empty rather than inferred.
SA-00520,輔音,輔音,l,l,,,,,,,,,,,audio/consonants/l/l_sentence_006.mp3,https://app.speakalongcuhk.com/assets/voices/l/4-6.mp3,https://app.speakalongcuhk.com/assets/voices/l/4-6.mp3,https://app.speakalongcuhk.com/tc/scontent/l/sentence,sound:l:sentence:6,4-6.mp3,mp3,.mp3,3.108571,44100,2,78069,eacc35872c1aa09865266c68cf29b52d51550cfd22a6eb9b07d23056be86ab5e,1,yue-Hant,sentence,,,,The site supplies no machine-readable lexical/Jyutping/tone text for this item; fields remain empty rather than inferred.
SA-00521,輔音,輔音,l,l,,,,,,,,,,,audio/consonants/l/l_sentence_007.mp3,https://app.speakalongcuhk.com/assets/voices/l/4-7.mp3,https://app.speakalongcuhk.com/assets/voices/l/4-7.mp3,https://app.speakalongcuhk.com/tc/scontent/l/sentence,sound:l:sentence:7,4-7.mp3,mp3,.mp3,3.526531,44100,2,86310,5a4bec4e0cf70b61fc2a8eb210cb103ecaec9472fee1246fb3bb97682305d3b1,1,yue-Hant,sentence,,,,The site supplies no machine-readable lexical/Jyutping/tone text for this item; fields remain empty rather than inferred.
SA-00522,輔音,輔音,l,l,,,,,,,,,,,audio/consonants/l/l_sentence_008.mp3,https://app.speakalongcuhk.com/assets/voices/l/4-8.mp3,https://app.speakalongcuhk.com/assets/voices/l/4-8.mp3,https://app.speakalongcuhk.com/tc/scontent/l/sentence,sound:l:sentence:8,4-8.mp3,mp3,.mp3,3.317551,44100,2,84646,3ceb7e3234bb0846dc75c866ae9acbda2ce7a06c4895ad4fc500443d93b5a73a,1,yue-Hant,sentence,,,,The site supplies no machine-readable lexical/Jyutping/tone text for this item; fields remain empty rather than inferred.
SA-00523,輔音,輔音,l,l,,,,,,,,,,,audio/consonants/l/l_sentence_009.mp3,https://app.speakalongcuhk.com/assets/voices/l/4-9.mp3,https://app.speakalongcuhk.com/assets/voices/l/4-9.mp3,https://app.speakalongcuhk.com/tc/scontent/l/sentence,sound:l:sentence:9,4-9.mp3,mp3,.mp3,3.317551,44100,2,80053,996c4e961645953f1c059831cfce941204b0e3fc4d4c0abbce7f301204938c3c,1,yue-Hant,sentence,,,,The site supplies no machine-readable lexical/Jyutping/tone text for this item; fields remain empty rather than inferred.
SA-00524,輔音,輔音,l,l,,,,,,,,,,,audio/consonants/l/l_sentence_010.mp3,https://app.speakalongcuhk.com/assets/voices/l/4-10.mp3,https://app.speakalongcuhk.com/assets/voices/l/4-10.mp3,https://app.speakalongcuhk.com/tc/scontent/l/sentence,sound:l:sentence:10,4-10.mp3,mp3,.mp3,5.903673,44100,2,152283,ceca080418fdd7f828c1b2fb1df40bb00097bc6cbeb7869e0f0b47ccfc0df85d,1,yue-Hant,sentence,,,,The site supplies no machine-readable lexical/Jyutping/tone text for this item; fields remain empty rather than inferred.
SA-00525,輔音,輔音,l,l,,,,,,,,,,,audio/consonants/l/l_story_001.mp3,https://app.speakalongcuhk.com/assets/voices/l/5-1.mp3,https://app.speakalongcuhk.com/assets/voices/l/5-1.mp3,https://app.speakalongcuhk.com/tc/scontent/l/story,sound:l:story:1,5-1.mp3,mp3,.mp3,2.821224,44100,2,70660,dca0be8531de768474dcdb6bd4e91ed1d74bbc7da972f22699125cbc3c63f4cb,1,yue-Hant,story,,,,The site supplies no machine-readable lexical/Jyutping/tone text for this item; fields remain empty rather than inferred.
SA-00526,輔音,輔音,l,l,,,,,,,,,,,audio/consonants/l/l_story_002.mp3,https://app.speakalongcuhk.com/assets/voices/l/5-2.mp3,https://app.speakalongcuhk.com/assets/voices/l/5-2.mp3,https://app.speakalongcuhk.com/tc/scontent/l/story,sound:l:story:2,5-2.mp3,mp3,.mp3,3.474286,44100,2,87566,4193f2cd98af2da372601cb0ae05bb26e462732b4176333b0542e1bf67dabe15,1,yue-Hant,story,,,,The site supplies no machine-readable lexical/Jyutping/tone text for this item; fields remain empty rather than inferred.
SA-00527,輔音,輔音,l,l,,,,,,,,,,,audio/consonants/l/l_story_003.mp3,https://app.speakalongcuhk.com/assets/voices/l/5-3.mp3,https://app.speakalongcuhk.com/assets/voices/l/5-3.mp3,https://app.speakalongcuhk.com/tc/scontent/l/story,sound:l:story:3,5-3.mp3,mp3,.mp3,3.526531,44100,2,82240,174da1f94bcece4122a3fa9d3396f4630f0326d027ea0f4a99e0d05e272ee348,1,yue-Hant,story,,,,The site supplies no machine-readable lexical/Jyutping/tone text for this item; fields remain empty rather than inferred.
SA-00528,輔音,輔音,l,l,,,,,,,,,,,audio/consonants/l/l_story_004.mp3,https://app.speakalongcuhk.com/assets/voices/l/5-4.mp3,https://app.speakalongcuhk.com/assets/voices/l/5-4.mp3,https://app.speakalongcuhk.com/tc/scontent/l/story,sound:l:story:4,5-4.mp3,mp3,.mp3,3.082449,44100,2,79584,7456d0dbf6831d6cc13271ae3be35f176dfc457d6c5942bb073e67a3480ef432,1,yue-Hant,story,,,,The site supplies no machine-readable lexical/Jyutping/tone text for this item; fields remain empty rather than inferred.
SA-00529,輔音,輔音,l,l,,,,,,,,,,,audio/consonants/l/l_story_005.mp3,https://app.speakalongcuhk.com/assets/voices/l/5-5.mp3,https://app.speakalongcuhk.com/assets/voices/l/5-5.mp3,https://app.speakalongcuhk.com/tc/scontent/l/story,sound:l:story:5,5-5.mp3,mp3,.mp3,3.94449,44100,2,94342,34b8efa26a7f2343147f47b87819f2bd8c6b9903a918eda4f6df59711a6cdcee,1,yue-Hant,story,,,,The site supplies no machine-readable lexical/Jyutping/tone text for this item; fields remain empty rather than inferred.
SA-00530,輔音,輔音,l,l,,,,,,,,,,,audio/consonants/l/l_story_006.mp3,https://app.speakalongcuhk.com/assets/voices/l/5-6.mp3,https://app.speakalongcuhk.com/assets/voices/l/5-6.mp3,https://app.speakalongcuhk.com/tc/scontent/l/story,sound:l:story:6,5-6.mp3,mp3,.mp3,3.422041,44100,2,85582,babf37a0284d736bee87c1a42ca395fb647651a53b3455ba9c7c45d3c4538659,1,yue-Hant,story,,,,The site supplies no machine-readable lexical/Jyutping/tone text for this item; fields remain empty rather than inferred.
SA-00531,輔音,輔音,l,l,,,,,,,,,,,audio/consonants/l/l_story_007.mp3,https://app.speakalongcuhk.com/assets/voices/l/5-7.mp3,https://app.speakalongcuhk.com/assets/voices/l/5-7.mp3,https://app.speakalongcuhk.com/tc/scontent/l/story,sound:l:story:7,5-7.mp3,mp3,.mp3,2.324898,44100,2,58968,b58cf31b77d3c95ce5ffef53846d0fc3bf890fc956c029ba914616367df88450,1,yue-Hant,story,,,,The site supplies no machine-readable lexical/Jyutping/tone text for this item; fields remain empty rather than inferred.
SA-00532,輔音,輔音,l,l,,,,,,,,,,,audio/consonants/l/l_story_008.mp3,https://app.speakalongcuhk.com/assets/voices/l/5-8.mp3,https://app.speakalongcuhk.com/assets/voices/l/5-8.mp3,https://app.speakalongcuhk.com/tc/scontent/l/story,sound:l:story:8,5-8.mp3,mp3,.mp3,5.590204,44100,2,141946,1958a42bbddb94ea54d4483eb2385343c354aa9e880703b1ca70b8a9800c7f74,1,yue-Hant,story,,,,The site supplies no machine-readable lexical/Jyutping/tone text for this item; fields remain empty rather than inferred.
SA-00533,輔音,輔音,z,z,,,,,,紙,,,,,audio/consonants/z/z_001.mp3,https://app.speakalongcuhk.com/assets/voices/z/1-1.mp3,https://app.speakalongcuhk.com/assets/voices/z/1-1.mp3,https://app.speakalongcuhk.com/tc/scontent/z/single,sound:z:single:1,1-1.mp3,mp3,.mp3,1.485562,44100,2,30376,dc1c7f04f6a3fe2e22be657d094e0c4c320d648ff8eabb6dc4668d99f6909a67,1,yue-Hant,single,,,,Lexical label is human-curated from source artwork/category; it is not textual metadata supplied by the site.
SA-00534,輔音,輔音,z,z,,,,,,樽,,,,,audio/consonants/z/z_002.mp3,https://app.speakalongcuhk.com/assets/voices/z/1-2.mp3,https://app.speakalongcuhk.com/assets/voices/z/1-2.mp3,https://app.speakalongcuhk.com/tc/scontent/z/single,sound:z:single:2,1-2.mp3,mp3,.mp3,1.798312,44100,2,40185,115d02e2be480584f9f024e84e74a9ab2dd1315add3474ba1092fd89acb6a9e9,1,yue-Hant,single,,,,Lexical label is human-curated from source artwork/category; it is not textual metadata supplied by the site.
SA-00535,輔音,輔音,z,z,,,,,,遮,,,,,audio/consonants/z/z_003.mp3,https://app.speakalongcuhk.com/assets/voices/z/1-3.mp3,https://app.speakalongcuhk.com/assets/voices/z/1-3.mp3,https://app.speakalongcuhk.com/tc/scontent/z/single,sound:z:single:3,1-3.mp3,mp3,.mp3,1.798312,44100,2,40434,689b909a989d4771c9cf419e36f8c4a2d7bf1235c73fb6376c6d8a7788f90182,1,yue-Hant,single,,,,Lexical label is human-curated from source artwork/category; it is not textual metadata supplied by the site.
SA-00536,輔音,輔音,z,z,,,,,,豬,,,,,audio/consonants/z/z_004.mp3,https://app.speakalongcuhk.com/assets/voices/z/1-4.mp3,https://app.speakalongcuhk.com/assets/voices/z/1-4.mp3,https://app.speakalongcuhk.com/tc/scontent/z/single,sound:z:single:4,1-4.mp3,mp3,.mp3,1.720125,44100,2,39432,57ba70ebd8b032f3bceb842041bcb5382124689a6eddc291a16a4a1b265e567f,1,yue-Hant,single,,,,Lexical label is human-curated from source artwork/category; it is not textual metadata supplied by the site.
SA-00537,輔音,輔音,z,z,,,,,,獎,,,,,audio/consonants/z/z_005.mp3,https://app.speakalongcuhk.com/assets/voices/z/1-5.mp3,https://app.speakalongcuhk.com/assets/voices/z/1-5.mp3,https://app.speakalongcuhk.com/tc/scontent/z/single,sound:z:single:5,1-5.mp3,mp3,.mp3,1.589813,44100,2,32566,b1b4a7806c58e5c612dff86c2adc0ec44f72822fb232ebc2fbf886d43e19c24d,1,yue-Hant,single,,,,Lexical label is human-curated from source artwork/category; it is not textual metadata supplied by the site.
SA-00538,輔音,輔音,z,z,,,,,,追,,,,,audio/consonants/z/z_006.mp3,https://app.speakalongcuhk.com/assets/voices/z/1-6.mp3,https://app.speakalongcuhk.com/assets/voices/z/1-6.mp3,https://app.speakalongcuhk.com/tc/scontent/z/single,sound:z:single:6,1-6.mp3,mp3,.mp3,1.694063,44100,2,34756,778f95bd66587145be6c1e4a67466f9869c192ea9c1b26904e4eef7bf78b4869,1,yue-Hant,single,,,,Lexical label is human-curated from source artwork/category; it is not textual metadata supplied by the site.
SA-00539,輔音,輔音,z,z,,,,,,蕉,,,,,audio/consonants/z/z_007.mp3,https://app.speakalongcuhk.com/assets/voices/z/1-7.mp3,https://app.speakalongcuhk.com/assets/voices/z/1-7.mp3,https://app.speakalongcuhk.com/tc/scontent/z/single,sound:z:single:7,1-7.mp3,mp3,.mp3,2.032875,44100,2,45183,9f667c04170fb69371d5afb8e1bb61f264173f827a8786663a96ad8ea3da11f3,1,yue-Hant,single,,,,Lexical label is human-curated from source artwork/category; it is not textual metadata supplied by the site.
SA-00540,輔音,輔音,z,z,,,,,,嘴,,,,,audio/consonants/z/z_008.mp3,https://app.speakalongcuhk.com/assets/voices/z/1-8.mp3,https://app.speakalongcuhk.com/assets/voices/z/1-8.mp3,https://app.speakalongcuhk.com/tc/scontent/z/single,sound:z:single:8,1-8.mp3,mp3,.mp3,1.798312,44100,2,41679,0a151d23d15d62e72f15ddaaea91ca5ec171b0e9cafb46f5119f847084d4deb7,1,yue-Hant,single,,,,Lexical label is human-curated from source artwork/category; it is not textual metadata supplied by the site.
SA-00541,輔音,輔音,z,z,,,,,,剪,,,,,audio/consonants/z/z_009.mp3,https://app.speakalongcuhk.com/assets/voices/z/1-9.mp3,https://app.speakalongcuhk.com/assets/voices/z/1-9.mp3,https://app.speakalongcuhk.com/tc/scontent/z/single,sound:z:single:9,1-9.mp3,mp3,.mp3,1.824375,44100,2,42345,550261a9a0fed5652ddfe388d2c1b76e3fbf60bd66b4e32795d41a0500e7264c,1,yue-Hant,single,,,,Lexical label is human-curated from source artwork/category; it is not textual metadata supplied by the site.
SA-00542,輔音,輔音,z,z,,,,,,接,,,,,audio/consonants/z/z_010.mp3,https://app.speakalongcuhk.com/assets/voices/z/1-10.mp3,https://app.speakalongcuhk.com/assets/voices/z/1-10.mp3,https://app.speakalongcuhk.com/tc/scontent/z/single,sound:z:single:10,1-10.mp3,mp3,.mp3,1.277062,44100,2,28594,882fe2737d1db9a1133ee6a3cf79fc2fd1628edcf3c72d4c1ed9bba5080a9992,1,yue-Hant,single,,,,Lexical label is human-curated from source artwork/category; it is not textual metadata supplied by the site.
SA-00543,輔音,輔音,z,z,,,,,,,,,,,audio/consonants/z/z_word_001.mp3,https://app.speakalongcuhk.com/assets/voices/z/2-1.mp3,https://app.speakalongcuhk.com/assets/voices/z/2-1.mp3,https://app.speakalongcuhk.com/tc/scontent/z/word,sound:z:word:1,2-1.mp3,mp3,.mp3,1.954688,44100,2,44930,ac38da8b143ea043f08ea6118b2a7b468335679ff2d621454793642453968ead,1,yue-Hant,word,,,,The site supplies no machine-readable lexical/Jyutping/tone text for this item; fields remain empty rather than inferred.
SA-00544,輔音,輔音,z,z,,,,,,,,,,,audio/consonants/z/z_word_002.mp3,https://app.speakalongcuhk.com/assets/voices/z/2-2.mp3,https://app.speakalongcuhk.com/assets/voices/z/2-2.mp3,https://app.speakalongcuhk.com/tc/scontent/z/word,sound:z:word:2,2-2.mp3,mp3,.mp3,2.423812,44100,2,52685,0a049c527256385b381a5a975f8caeaaeac0c1620d87faaef2aae991ffe5b608,1,yue-Hant,word,,,,The site supplies no machine-readable lexical/Jyutping/tone text for this item; fields remain empty rather than inferred.
SA-00545,輔音,輔音,z,z,,,,,,,,,,,audio/consonants/z/z_word_003.mp3,https://app.speakalongcuhk.com/assets/voices/z/2-3.mp3,https://app.speakalongcuhk.com/assets/voices/z/2-3.mp3,https://app.speakalongcuhk.com/tc/scontent/z/word,sound:z:word:3,2-3.mp3,mp3,.mp3,2.684438,44100,2,57104,e47378c7ae9a5b3a4a38addb94cb34a123ff3723adff2eadad740c05fb83d9c7,1,yue-Hant,word,,,,The site supplies no machine-readable lexical/Jyutping/tone text for this item; fields remain empty rather than inferred.
SA-00546,輔音,輔音,z,z,,,,,,,,,,,audio/consonants/z/z_word_004.mp3,https://app.speakalongcuhk.com/assets/voices/z/2-4.mp3,https://app.speakalongcuhk.com/assets/voices/z/2-4.mp3,https://app.speakalongcuhk.com/tc/scontent/z/word,sound:z:word:4,2-4.mp3,mp3,.mp3,2.684438,44100,2,57353,ad95eb67c6707000164f9d4f82d77b408f0208727704ee60e6e4281a9b999cdf,1,yue-Hant,word,,,,The site supplies no machine-readable lexical/Jyutping/tone text for this item; fields remain empty rather than inferred.
SA-00547,輔音,輔音,z,z,,,,,,,,,,,audio/consonants/z/z_word_005.mp3,https://app.speakalongcuhk.com/assets/voices/z/2-5.mp3,https://app.speakalongcuhk.com/assets/voices/z/2-5.mp3,https://app.speakalongcuhk.com/tc/scontent/z/word,sound:z:word:5,2-5.mp3,mp3,.mp3,2.502,44100,2,49764,2cb01a6089280963bb4ad652697b2f99269fe195ca71a2a35dd7e9ba6b60b769,1,yue-Hant,word,,,,The site supplies no machine-readable lexical/Jyutping/tone text for this item; fields remain empty rather than inferred.
SA-00548,輔音,輔音,z,z,,,,,,,,,,,audio/consonants/z/z_word_006.mp3,https://app.speakalongcuhk.com/assets/voices/z/2-6.mp3,https://app.speakalongcuhk.com/assets/voices/z/2-6.mp3,https://app.speakalongcuhk.com/tc/scontent/z/word,sound:z:word:6,2-6.mp3,mp3,.mp3,2.788687,44100,2,59519,34910e6fa3eb522ac662467c3d804cf00264cd3ca227888731152abd17eb9439,1,yue-Hant,word,,,,The site supplies no machine-readable lexical/Jyutping/tone text for this item; fields remain empty rather than inferred.
SA-00549,輔音,輔音,z,z,,,,,,,,,,,audio/consonants/z/z_word_007.mp3,https://app.speakalongcuhk.com/assets/voices/z/2-7.mp3,https://app.speakalongcuhk.com/assets/voices/z/2-7.mp3,https://app.speakalongcuhk.com/tc/scontent/z/word,sound:z:word:7,2-7.mp3,mp3,.mp3,2.006813,44100,2,42892,1d39c58ee85462a693513880a74d2169dfb170afffea6cd3efa8c378c161385a,1,yue-Hant,word,,,,The site supplies no machine-readable lexical/Jyutping/tone text for this item; fields remain empty rather than inferred.
SA-00550,輔音,輔音,z,z,,,,,,,,,,,audio/consonants/z/z_word_008.mp3,https://app.speakalongcuhk.com/assets/voices/z/2-8.mp3,https://app.speakalongcuhk.com/assets/voices/z/2-8.mp3,https://app.speakalongcuhk.com/tc/scontent/z/word,sound:z:word:8,2-8.mp3,mp3,.mp3,2.554125,44100,2,56263,56da8b7caebaf14fed804cf60a58106681a6766e715cdce8c0b7539f344170b8,1,yue-Hant,word,,,,The site supplies no machine-readable lexical/Jyutping/tone text for this item; fields remain empty rather than inferred.
SA-00551,輔音,輔音,z,z,,,,,,,,,,,audio/consonants/z/z_word_009.mp3,https://app.speakalongcuhk.com/assets/voices/z/2-9.mp3,https://app.speakalongcuhk.com/assets/voices/z/2-9.mp3,https://app.speakalongcuhk.com/tc/scontent/z/word,sound:z:word:9,2-9.mp3,mp3,.mp3,2.632312,44100,2,57764,76cace4e05cf3aca1f40236a94db58c184bb0290320c633c1ff8d20da1fab776,1,yue-Hant,word,,,,The site supplies no machine-readable lexical/Jyutping/tone text for this item; fields remain empty rather than inferred.
SA-00552,輔音,輔音,z,z,,,,,,,,,,,audio/consonants/z/z_word_010.mp3,https://app.speakalongcuhk.com/assets/voices/z/2-10.mp3,https://app.speakalongcuhk.com/assets/voices/z/2-10.mp3,https://app.speakalongcuhk.com/tc/scontent/z/word,sound:z:word:10,2-10.mp3,mp3,.mp3,2.267438,44100,2,52175,77c3a41e9586d1aceb4c94a695fcf3c4368ab23ec0542df012e3fd751d4941df,1,yue-Hant,word,,,,The site supplies no machine-readable lexical/Jyutping/tone text for this item; fields remain empty rather than inferred.
SA-00553,輔音,輔音,z,z,,,,,,,,,,,audio/consonants/z/z_sentence_001.mp3,https://app.speakalongcuhk.com/assets/voices/z/4-1.mp3,https://app.speakalongcuhk.com/assets/voices/z/4-1.mp3,https://app.speakalongcuhk.com/tc/scontent/z/sentence,sound:z:sentence:1,4-1.mp3,mp3,.mp3,2.319562,44100,2,55726,66da28ed816bc66dd050dbd56dd251abce0e0c1514b193a5831fb178e9e28cef,1,yue-Hant,sentence,,,,The site supplies no machine-readable lexical/Jyutping/tone text for this item; fields remain empty rather than inferred.
SA-00554,輔音,輔音,z,z,,,,,,,,,,,audio/consonants/z/z_sentence_002.mp3,https://app.speakalongcuhk.com/assets/voices/z/4-2.mp3,https://app.speakalongcuhk.com/assets/voices/z/4-2.mp3,https://app.speakalongcuhk.com/tc/scontent/z/sentence,sound:z:sentence:2,4-2.mp3,mp3,.mp3,2.951837,44100,2,79114,0b85ae76d77f902112a15e5c8b037683f5140851149a8dd5e4b5c78cbc5ef38c,1,yue-Hant,sentence,,,,The site supplies no machine-readable lexical/Jyutping/tone text for this item; fields remain empty rather than inferred.
SA-00555,輔音,輔音,z,z,,,,,,,,,,,audio/consonants/z/z_sentence_003.mp3,https://app.speakalongcuhk.com/assets/voices/z/4-3.mp3,https://app.speakalongcuhk.com/assets/voices/z/4-3.mp3,https://app.speakalongcuhk.com/tc/scontent/z/sentence,sound:z:sentence:3,4-3.mp3,mp3,.mp3,3.466312,44100,2,75118,a16e7dfd06f7876f6b176433c4ce8e8f99823795bdb231719e8d23317fe075f3,1,yue-Hant,sentence,,,,The site supplies no machine-readable lexical/Jyutping/tone text for this item; fields remain empty rather than inferred.
SA-00556,輔音,輔音,z,z,,,,,,,,,,,audio/consonants/z/z_sentence_004.mp3,https://app.speakalongcuhk.com/assets/voices/z/4-4.mp3,https://app.speakalongcuhk.com/assets/voices/z/4-4.mp3,https://app.speakalongcuhk.com/tc/scontent/z/sentence,sound:z:sentence:4,4-4.mp3,mp3,.mp3,3.179625,44100,2,70524,a12303f61f806f637756d62d6283f06d256ebb2425e4500cd41e6e6644a23e06,1,yue-Hant,sentence,,,,The site supplies no machine-readable lexical/Jyutping/tone text for this item; fields remain empty rather than inferred.
SA-00557,輔音,輔音,z,z,,,,,,,,,,,audio/consonants/z/z_sentence_005.mp3,https://app.speakalongcuhk.com/assets/voices/z/4-5.mp3,https://app.speakalongcuhk.com/assets/voices/z/4-5.mp3,https://app.speakalongcuhk.com/tc/scontent/z/sentence,sound:z:sentence:5,4-5.mp3,mp3,.mp3,4.013625,44100,2,84919,1999c5d52d30cf9ec00e8c19081b59fc41be662344c297354e7dee3fd14a24b9,1,yue-Hant,sentence,,,,The site supplies no machine-readable lexical/Jyutping/tone text for this item; fields remain empty rather than inferred.
SA-00558,輔音,輔音,z,z,,,,,,,,,,,audio/consonants/z/z_sentence_006.mp3,https://app.speakalongcuhk.com/assets/voices/z/4-6.mp3,https://app.speakalongcuhk.com/assets/voices/z/4-6.mp3,https://app.speakalongcuhk.com/tc/scontent/z/sentence,sound:z:sentence:6,4-6.mp3,mp3,.mp3,3.700875,44100,2,79908,10d09ca5f4079f217a1ec997f2fae7eb5f42e07181f7567e3c9bd7e9c1f57797,1,yue-Hant,sentence,,,,The site supplies no machine-readable lexical/Jyutping/tone text for this item; fields remain empty rather than inferred.
SA-00559,輔音,輔音,z,z,,,,,,,,,,,audio/consonants/z/z_sentence_007.mp3,https://app.speakalongcuhk.com/assets/voices/z/4-7.mp3,https://app.speakalongcuhk.com/assets/voices/z/4-7.mp3,https://app.speakalongcuhk.com/tc/scontent/z/sentence,sound:z:sentence:7,4-7.mp3,mp3,.mp3,3.805125,44100,2,82627,95e6827a20843d2abab4d612bfaf4bbce8ab731a72354eaae0531940d1afaebd,1,yue-Hant,sentence,,,,The site supplies no machine-readable lexical/Jyutping/tone text for this item; fields remain empty rather than inferred.
SA-00560,輔音,輔音,z,z,,,,,,,,,,,audio/consonants/z/z_sentence_008.mp3,https://app.speakalongcuhk.com/assets/voices/z/4-8.mp3,https://app.speakalongcuhk.com/assets/voices/z/4-8.mp3,https://app.speakalongcuhk.com/tc/scontent/z/sentence,sound:z:sentence:8,4-8.mp3,mp3,.mp3,4.06575,44100,2,88357,62bb4c07e81840e9385937b22caae2e32ddc12e56b3c565400760094963904d5,1,yue-Hant,sentence,,,,The site supplies no machine-readable lexical/Jyutping/tone text for this item; fields remain empty rather than inferred.
SA-00561,輔音,輔音,z,z,,,,,,,,,,,audio/consonants/z/z_sentence_009.mp3,https://app.speakalongcuhk.com/assets/voices/z/4-9.mp3,https://app.speakalongcuhk.com/assets/voices/z/4-9.mp3,https://app.speakalongcuhk.com/tc/scontent/z/sentence,sound:z:sentence:9,4-9.mp3,mp3,.mp3,3.909375,44100,2,84810,bd7ae81e9bffec9e87056af897733a2b18cdfc34e2e9b1e49577affd706aa2f1,1,yue-Hant,sentence,,,,The site supplies no machine-readable lexical/Jyutping/tone text for this item; fields remain empty rather than inferred.
SA-00562,輔音,輔音,z,z,,,,,,,,,,,audio/consonants/z/z_sentence_010.mp3,https://app.speakalongcuhk.com/assets/voices/z/4-10.mp3,https://app.speakalongcuhk.com/assets/voices/z/4-10.mp3,https://app.speakalongcuhk.com/tc/scontent/z/sentence,sound:z:sentence:10,4-10.mp3,mp3,.mp3,4.925813,44100,2,102640,f0dc7ff6b4ccd2afa245faac82d3a17521d1f1d6f0f9cb5215e2065f51cd8f74,1,yue-Hant,sentence,,,,The site supplies no machine-readable lexical/Jyutping/tone text for this item; fields remain empty rather than inferred.
SA-00563,輔音,輔音,z,z,,,,,,,,,,,audio/consonants/z/z_story_001.mp3,https://app.speakalongcuhk.com/assets/voices/z/5-1.mp3,https://app.speakalongcuhk.com/assets/voices/z/5-1.mp3,https://app.speakalongcuhk.com/tc/scontent/z/story,sound:z:story:1,5-1.mp3,mp3,.mp3,5.94225,44100,2,106381,aedb0df0a720043549607a3e639c73a89706c9d0ea1e29f4ec8343a89ecc1d1d,1,yue-Hant,story,,,,The site supplies no machine-readable lexical/Jyutping/tone text for this item; fields remain empty rather than inferred.
SA-00564,輔音,輔音,z,z,,,,,,,,,,,audio/consonants/z/z_story_002.mp3,https://app.speakalongcuhk.com/assets/voices/z/5-2.mp3,https://app.speakalongcuhk.com/assets/voices/z/5-2.mp3,https://app.speakalongcuhk.com/tc/scontent/z/story,sound:z:story:2,5-2.mp3,mp3,.mp3,4.821562,44100,2,88965,0000fc7c56b5b8f6127ffb5e16c4d2de527fb2d536933255ea66f2191567acb1,1,yue-Hant,story,,,,The site supplies no machine-readable lexical/Jyutping/tone text for this item; fields remain empty rather than inferred.
SA-00565,輔音,輔音,z,z,,,,,,,,,,,audio/consonants/z/z_story_003.mp3,https://app.speakalongcuhk.com/assets/voices/z/5-3.mp3,https://app.speakalongcuhk.com/assets/voices/z/5-3.mp3,https://app.speakalongcuhk.com/tc/scontent/z/story,sound:z:story:3,5-3.mp3,mp3,.mp3,4.039688,44100,2,76977,8d8b096eb0c06eb280b30de61d2738426e5bc485df157729bea07c27aaa90cff,1,yue-Hant,story,,,,The site supplies no machine-readable lexical/Jyutping/tone text for this item; fields remain empty rather than inferred.
SA-00566,輔音,輔音,z,z,,,,,,,,,,,audio/consonants/z/z_story_004.mp3,https://app.speakalongcuhk.com/assets/voices/z/5-4.mp3,https://app.speakalongcuhk.com/assets/voices/z/5-4.mp3,https://app.speakalongcuhk.com/tc/scontent/z/story,sound:z:story:4,5-4.mp3,mp3,.mp3,5.603438,44100,2,103048,80b8ea16eaa4b8059cc71286c88e126fc556548a1b2383b760c4efe0aa7783dd,1,yue-Hant,story,,,,The site supplies no machine-readable lexical/Jyutping/tone text for this item; fields remain empty rather than inferred.
SA-00567,輔音,輔音,z,z,,,,,,,,,,,audio/consonants/z/z_story_005.mp3,https://app.speakalongcuhk.com/assets/voices/z/5-5.mp3,https://app.speakalongcuhk.com/assets/voices/z/5-5.mp3,https://app.speakalongcuhk.com/tc/scontent/z/story,sound:z:story:5,5-5.mp3,mp3,.mp3,8.90775,44100,2,159892,cfccdb8b5ea5d29bf5b38b9565949144cda7bed158e0df03efa432f3b7b53e94,1,yue-Hant,story,,,,The site supplies no machine-readable lexical/Jyutping/tone text for this item; fields remain empty rather than inferred.
SA-00568,輔音,輔音,z,z,,,,,,,,,,,audio/consonants/z/z_story_006.mp3,https://app.speakalongcuhk.com/assets/voices/z/5-6.mp3,https://app.speakalongcuhk.com/assets/voices/z/5-6.mp3,https://app.speakalongcuhk.com/tc/scontent/z/story,sound:z:story:6,5-6.mp3,mp3,.mp3,5.030062,44100,2,95962,9fc2052d4c85963d82683a72daaa68275da7c647722f30a1fc97aa07d5ba4ee3,1,yue-Hant,story,,,,The site supplies no machine-readable lexical/Jyutping/tone text for this item; fields remain empty rather than inferred.
SA-00569,輔音,輔音,c,c,,,,,,叉,,,,,audio/consonants/c/c_001.mp3,https://app.speakalongcuhk.com/assets/voices/c/1-1.mp3,https://app.speakalongcuhk.com/assets/voices/c/1-1.mp3,https://app.speakalongcuhk.com/tc/scontent/c/single,sound:c:single:1,1-1.mp3,mp3,.mp3,1.954688,44100,2,41689,bdc9e75064b7e7e135a063ba099dd095b944662dd3f32e758330a7941dc31ea7,1,yue-Hant,single,,,,Lexical label is human-curated from source artwork/category; it is not textual metadata supplied by the site.
SA-00570,輔音,輔音,c,c,,,,,,車,,,,,audio/consonants/c/c_002.mp3,https://app.speakalongcuhk.com/assets/voices/c/1-2.mp3,https://app.speakalongcuhk.com/assets/voices/c/1-2.mp3,https://app.speakalongcuhk.com/tc/scontent/c/single,sound:c:single:2,1-2.mp3,mp3,.mp3,1.798312,44100,2,39436,c7136b072c80e2eb8a7bec3a3a252f97f844c455e0912b9788396ce4377b2153,1,yue-Hant,single,,,,Lexical label is human-curated from source artwork/category; it is not textual metadata supplied by the site.
SA-00571,輔音,輔音,c,c,,,,,,坐,,,,,audio/consonants/c/c_003.mp3,https://app.speakalongcuhk.com/assets/voices/c/1-3.mp3,https://app.speakalongcuhk.com/assets/voices/c/1-3.mp3,https://app.speakalongcuhk.com/tc/scontent/c/single,sound:c:single:3,1-3.mp3,mp3,.mp3,1.8765,44100,2,40937,4c06d4cfa514c97b0444fca61108ee7fe7b9f14c662086e70940813cf39ac5c3,1,yue-Hant,single,,,,Lexical label is human-curated from source artwork/category; it is not textual metadata supplied by the site.
SA-00572,輔音,輔音,c,c,,,,,,臭,,,,,audio/consonants/c/c_004.mp3,https://app.speakalongcuhk.com/assets/voices/c/1-4.mp3,https://app.speakalongcuhk.com/assets/voices/c/1-4.mp3,https://app.speakalongcuhk.com/tc/scontent/c/single,sound:c:single:4,1-4.mp3,mp3,.mp3,2.085,44100,2,44521,69586d3af1ed2f73f95ba6832ee20137a0d334af41abea78b558129f271523cf,1,yue-Hant,single,,,,Lexical label is human-curated from source artwork/category; it is not textual metadata supplied by the site.
SA-00573,輔音,輔音,c,c,,,,,,草,,,,,audio/consonants/c/c_005.mp3,https://app.speakalongcuhk.com/assets/voices/c/1-5.mp3,https://app.speakalongcuhk.com/assets/voices/c/1-5.mp3,https://app.speakalongcuhk.com/tc/scontent/c/single,sound:c:single:5,1-5.mp3,mp3,.mp3,1.954688,44100,2,42680,4efdcb3b379f58c79305f8b38f7b75bc3341d30d4da557a6e8f64235d140a16c,1,yue-Hant,single,,,,Lexical label is human-curated from source artwork/category; it is not textual metadata supplied by the site.
SA-00574,輔音,輔音,c,c,,,,,,菜,,,,,audio/consonants/c/c_006.mp3,https://app.speakalongcuhk.com/assets/voices/c/1-6.mp3,https://app.speakalongcuhk.com/assets/voices/c/1-6.mp3,https://app.speakalongcuhk.com/tc/scontent/c/single,sound:c:single:6,1-6.mp3,mp3,.mp3,2.39775,44100,2,50024,2ea3a9e80cf139d7bd0cf5eb5be0afb1ac559219aff4d12571881572de3ffb79,1,yue-Hant,single,,,,Lexical label is human-curated from source artwork/category; it is not textual metadata supplied by the site.
SA-00575,輔音,輔音,c,c,,,,,,猜,,,,,audio/consonants/c/c_007.mp3,https://app.speakalongcuhk.com/assets/voices/c/1-7.mp3,https://app.speakalongcuhk.com/assets/voices/c/1-7.mp3,https://app.speakalongcuhk.com/tc/scontent/c/single,sound:c:single:7,1-7.mp3,mp3,.mp3,2.475938,44100,2,51524,f2565525bfab4aba6caa873eed00339cf6e0952a7eb2658bb26c57911a86495e,1,yue-Hant,single,,,,Lexical label is human-curated from source artwork/category; it is not textual metadata supplied by the site.
SA-00576,輔音,輔音,c,c,,,,,,床,,,,,audio/consonants/c/c_008.mp3,https://app.speakalongcuhk.com/assets/voices/c/1-8.mp3,https://app.speakalongcuhk.com/assets/voices/c/1-8.mp3,https://app.speakalongcuhk.com/tc/scontent/c/single,sound:c:single:8,1-8.mp3,mp3,.mp3,2.241375,44100,2,48020,101e393e5679a1699f7b8cbb00fa22cfa520a3a48b905b43a9a7f20b545e870b,1,yue-Hant,single,,,,Lexical label is human-curated from source artwork/category; it is not textual metadata supplied by the site.
SA-00577,輔音,輔音,c,c,,,,,,蟲,,,,,audio/consonants/c/c_009.mp3,https://app.speakalongcuhk.com/assets/voices/c/1-9.mp3,https://app.speakalongcuhk.com/assets/voices/c/1-9.mp3,https://app.speakalongcuhk.com/tc/scontent/c/single,sound:c:single:9,1-9.mp3,mp3,.mp3,2.032875,44100,2,44933,1585ec0b073cdb2957618ae3a63d6e96ba2828487b270099b6c271b9dd3c82cc,1,yue-Hant,single,,,,Lexical label is human-curated from source artwork/category; it is not textual metadata supplied by the site.
SA-00578,輔音,輔音,c,c,,,,,,鏟,,,,,audio/consonants/c/c_010.mp3,https://app.speakalongcuhk.com/assets/voices/c/1-10.mp3,https://app.speakalongcuhk.com/assets/voices/c/1-10.mp3,https://app.speakalongcuhk.com/tc/scontent/c/single,sound:c:single:10,1-10.mp3,mp3,.mp3,2.241375,44100,2,48512,a17d16625aa95cb5e3680fdd0639b0e992581934c0f6cec5a681853783a66c49,1,yue-Hant,single,,,,Lexical label is human-curated from source artwork/category; it is not textual metadata supplied by the site.
SA-00579,輔音,輔音,c,c,,,,,,,,,,,audio/consonants/c/c_011.mp3,https://app.speakalongcuhk.com/assets/voices/c/1-11.mp3,https://app.speakalongcuhk.com/assets/voices/c/1-11.mp3,https://app.speakalongcuhk.com/tc/scontent/c/single,sound:c:single:11,1-11.mp3,mp3,.mp3,1.407375,44100,2,38164,89156c5498b8e151a4fe26aef333394606cc5f22a36ee2510d35b9a57f6a8992,1,yue-Hant,single,,,,The site supplies no machine-readable lexical/Jyutping/tone text for this item; fields remain empty rather than inferred.
SA-00580,輔音,輔音,c,c,,,,,,,,,,,audio/consonants/c/c_012.mp3,https://app.speakalongcuhk.com/assets/voices/c/1-12.mp3,https://app.speakalongcuhk.com/assets/voices/c/1-12.mp3,https://app.speakalongcuhk.com/tc/scontent/c/single,sound:c:single:12,1-12.mp3,mp3,.mp3,1.485562,44100,2,39664,f442dbed17f26dfd148f442f091fb9f0cd8308bca8c94c11ca3f395e52eaf344,1,yue-Hant,single,,,,The site supplies no machine-readable lexical/Jyutping/tone text for this item; fields remain empty rather than inferred.
SA-00581,輔音,輔音,c,c,,,,,,,,,,,audio/consonants/c/c_013.mp3,https://app.speakalongcuhk.com/assets/voices/c/1-13.mp3,https://app.speakalongcuhk.com/assets/voices/c/1-13.mp3,https://app.speakalongcuhk.com/tc/scontent/c/single,sound:c:single:13,1-13.mp3,mp3,.mp3,2.111063,44100,2,49920,2fbcaf0de5a727df54378cbeb3b77f393da48fbf18a9f98bce07df23ed503431,1,yue-Hant,single,,,,The site supplies no machine-readable lexical/Jyutping/tone text for this item; fields remain empty rather than inferred.
SA-00582,輔音,輔音,c,c,,,,,,,,,,,audio/consonants/c/c_014.mp3,https://app.speakalongcuhk.com/assets/voices/c/1-14.mp3,https://app.speakalongcuhk.com/assets/voices/c/1-14.mp3,https://app.speakalongcuhk.com/tc/scontent/c/single,sound:c:single:14,1-14.mp3,mp3,.mp3,2.111063,44100,2,50169,f77adb2078065755f1ee9e500c27f53f867ca360412a51f6c2d20c52a3e17aa2,1,yue-Hant,single,,,,The site supplies no machine-readable lexical/Jyutping/tone text for this item; fields remain empty rather than inferred.
SA-00583,輔音,輔音,c,c,,,,,,,,,,,audio/consonants/c/c_015.mp3,https://app.speakalongcuhk.com/assets/voices/c/1-15.mp3,https://app.speakalongcuhk.com/assets/voices/c/1-15.mp3,https://app.speakalongcuhk.com/tc/scontent/c/single,sound:c:single:15,1-15.mp3,mp3,.mp3,1.56375,44100,2,41662,3cd503f261f1944caf34f6da84e3ffd213f80693c5641ea2e171e109b2c5f9ff,1,yue-Hant,single,,,,The site supplies no machine-readable lexical/Jyutping/tone text for this item; fields remain empty rather than inferred.
SA-00584,輔音,輔音,c,c,,,,,,,,,,,audio/consonants/c/c_word_001.mp3,https://app.speakalongcuhk.com/assets/voices/c/2-1.mp3,https://app.speakalongcuhk.com/assets/voices/c/2-1.mp3,https://app.speakalongcuhk.com/tc/scontent/c/word,sound:c:word:1,2-1.mp3,mp3,.mp3,2.475938,44100,2,52521,7b4758bd68b5b8cb55d9201e49cb510122a86aa56b60423710fd1334eb098fa6,1,yue-Hant,word,,,,The site supplies no machine-readable lexical/Jyutping/tone text for this item; fields remain empty rather than inferred.
SA-00585,輔音,輔音,c,c,,,,,,,,,,,audio/consonants/c/c_word_002.mp3,https://app.speakalongcuhk.com/assets/voices/c/2-2.mp3,https://app.speakalongcuhk.com/assets/voices/c/2-2.mp3,https://app.speakalongcuhk.com/tc/scontent/c/word,sound:c:word:2,2-2.mp3,mp3,.mp3,2.60625,44100,2,54849,73001841a5539fc156677542f8e567ea4aa3295d5c8af1b5d1adb7782ba2825a,1,yue-Hant,word,,,,The site supplies no machine-readable lexical/Jyutping/tone text for this item; fields remain empty rather than inferred.
SA-00586,輔音,輔音,c,c,,,,,,,,,,,audio/consonants/c/c_word_003.mp3,https://app.speakalongcuhk.com/assets/voices/c/2-3.mp3,https://app.speakalongcuhk.com/assets/voices/c/2-3.mp3,https://app.speakalongcuhk.com/tc/scontent/c/word,sound:c:word:3,2-3.mp3,mp3,.mp3,2.684438,44100,2,56355,0ba5b57803943d191bc927740e4b1bf581fdd4f20fc468ce0a03067bb2446065,1,yue-Hant,word,,,,The site supplies no machine-readable lexical/Jyutping/tone text for this item; fields remain empty rather than inferred.
SA-00587,輔音,輔音,c,c,,,,,,,,,,,audio/consonants/c/c_word_004.mp3,https://app.speakalongcuhk.com/assets/voices/c/2-4.mp3,https://app.speakalongcuhk.com/assets/voices/c/2-4.mp3,https://app.speakalongcuhk.com/tc/scontent/c/word,sound:c:word:4,2-4.mp3,mp3,.mp3,2.423812,44100,2,52683,bdeb1b1d7dd9ee9676b4811c7b50012683ebc4175abc9ca9dffa950971f184c3,1,yue-Hant,word,,,,The site supplies no machine-readable lexical/Jyutping/tone text for this item; fields remain empty rather than inferred.
SA-00588,輔音,輔音,c,c,,,,,,,,,,,audio/consonants/c/c_word_005.mp3,https://app.speakalongcuhk.com/assets/voices/c/2-5.mp3,https://app.speakalongcuhk.com/assets/voices/c/2-5.mp3,https://app.speakalongcuhk.com/tc/scontent/c/word,sound:c:word:5,2-5.mp3,mp3,.mp3,2.7105,44100,2,57520,18e97bc7d5e27b8ac4bc2d2c481da2410869172ddda1b71aa46b7afc54fb8bd2,1,yue-Hant,word,,,,The site supplies no machine-readable lexical/Jyutping/tone text for this item; fields remain empty rather than inferred.
SA-00589,輔音,輔音,c,c,,,,,,,,,,,audio/consonants/c/c_word_006.mp3,https://app.speakalongcuhk.com/assets/voices/c/2-6.mp3,https://app.speakalongcuhk.com/assets/voices/c/2-6.mp3,https://app.speakalongcuhk.com/tc/scontent/c/word,sound:c:word:6,2-6.mp3,mp3,.mp3,2.475938,44100,2,54016,0329132d792290556846bf19dc59298c6732554a7411a2e15ac02e283817c07d,1,yue-Hant,word,,,,The site supplies no machine-readable lexical/Jyutping/tone text for this item; fields remain empty rather than inferred.
SA-00590,輔音,輔音,c,c,,,,,,,,,,,audio/consonants/c/c_word_007.mp3,https://app.speakalongcuhk.com/assets/voices/c/2-7.mp3,https://app.speakalongcuhk.com/assets/voices/c/2-7.mp3,https://app.speakalongcuhk.com/tc/scontent/c/word,sound:c:word:7,2-7.mp3,mp3,.mp3,2.345625,44100,2,52180,b458bf0ed512dfb8c8cfa1a02a693f773a0c1c97133a93041d82b0b6ab86fc56,1,yue-Hant,word,,,,The site supplies no machine-readable lexical/Jyutping/tone text for this item; fields remain empty rather than inferred.
SA-00591,輔音,輔音,c,c,,,,,,,,,,,audio/consonants/c/c_word_008.mp3,https://app.speakalongcuhk.com/assets/voices/c/2-8.mp3,https://app.speakalongcuhk.com/assets/voices/c/2-8.mp3,https://app.speakalongcuhk.com/tc/scontent/c/word,sound:c:word:8,2-8.mp3,mp3,.mp3,2.423812,44100,2,53680,a0d3648dee296dd62309084bfed1be20fe406085769d5f5488b1d0a5eb27a1e1,1,yue-Hant,word,,,,The site supplies no machine-readable lexical/Jyutping/tone text for this item; fields remain empty rather than inferred.
SA-00592,輔音,輔音,c,c,,,,,,,,,,,audio/consonants/c/c_word_009.mp3,https://app.speakalongcuhk.com/assets/voices/c/2-9.mp3,https://app.speakalongcuhk.com/assets/voices/c/2-9.mp3,https://app.speakalongcuhk.com/tc/scontent/c/word,sound:c:word:9,2-9.mp3,mp3,.mp3,2.840812,44100,2,60601,f10950424a2835b7e22f85517e35fdc6a5764358e9008c716ec7e92d3c05fc38,1,yue-Hant,word,,,,The site supplies no machine-readable lexical/Jyutping/tone text for this item; fields remain empty rather than inferred.
SA-00593,輔音,輔音,c,c,,,,,,,,,,,audio/consonants/c/c_word_010.mp3,https://app.speakalongcuhk.com/assets/voices/c/2-10.mp3,https://app.speakalongcuhk.com/assets/voices/c/2-10.mp3,https://app.speakalongcuhk.com/tc/scontent/c/word,sound:c:word:10,2-10.mp3,mp3,.mp3,2.241375,44100,2,51258,169ea4ef8f79b34f03fb5728558dfa1d9dc6c113b8442dc94099280a54ba6c2c,1,yue-Hant,word,,,,The site supplies no machine-readable lexical/Jyutping/tone text for this item; fields remain empty rather than inferred.
SA-00594,輔音,輔音,c,c,,,,,,,,,,,audio/consonants/c/c_sentence_001.mp3,https://app.speakalongcuhk.com/assets/voices/c/4-1.mp3,https://app.speakalongcuhk.com/assets/voices/c/4-1.mp3,https://app.speakalongcuhk.com/tc/scontent/c/sentence,sound:c:sentence:1,4-1.mp3,mp3,.mp3,2.997187,44100,2,66091,0909d9d363c89b190b440bb06f85e1fb68e4ff2f7772ee5258a7677bd1d7c16a,1,yue-Hant,sentence,,,,The site supplies no machine-readable lexical/Jyutping/tone text for this item; fields remain empty rather than inferred.
SA-00595,輔音,輔音,c,c,,,,,,,,,,,audio/consonants/c/c_sentence_002.mp3,https://app.speakalongcuhk.com/assets/voices/c/4-2.mp3,https://app.speakalongcuhk.com/assets/voices/c/4-2.mp3,https://app.speakalongcuhk.com/tc/scontent/c/sentence,sound:c:sentence:2,4-2.mp3,mp3,.mp3,3.518438,44100,2,74680,86621137fb373fed56fe0707f0b32e417a4474ea919d45aeca2c7553cbfbbcbe,1,yue-Hant,sentence,,,,The site supplies no machine-readable lexical/Jyutping/tone text for this item; fields remain empty rather than inferred.
SA-00596,輔音,輔音,c,c,,,,,,,,,,,audio/consonants/c/c_sentence_003.mp3,https://app.speakalongcuhk.com/assets/voices/c/4-3.mp3,https://app.speakalongcuhk.com/assets/voices/c/4-3.mp3,https://app.speakalongcuhk.com/tc/scontent/c/sentence,sound:c:sentence:3,4-3.mp3,mp3,.mp3,2.377143,44100,2,62416,9db4fa6b2d62d9e41b8a2c923a3a7c37849f953129de63b413e0a7f8983ea2da,1,yue-Hant,sentence,,,,The site supplies no machine-readable lexical/Jyutping/tone text for this item; fields remain empty rather than inferred.
SA-00597,輔音,輔音,c,c,,,,,,,,,,,audio/consonants/c/c_sentence_004.mp3,https://app.speakalongcuhk.com/assets/voices/c/4-4.mp3,https://app.speakalongcuhk.com/assets/voices/c/4-4.mp3,https://app.speakalongcuhk.com/tc/scontent/c/sentence,sound:c:sentence:4,4-4.mp3,mp3,.mp3,3.518438,44100,2,75177,6ddc1f656d558e719f7201864f21913eb145ed68f37e56ef653208a97e0b5e88,1,yue-Hant,sentence,,,,The site supplies no machine-readable lexical/Jyutping/tone text for this item; fields remain empty rather than inferred.
SA-00598,輔音,輔音,c,c,,,,,,,,,,,audio/consonants/c/c_sentence_005.mp3,https://app.speakalongcuhk.com/assets/voices/c/4-5.mp3,https://app.speakalongcuhk.com/assets/voices/c/4-5.mp3,https://app.speakalongcuhk.com/tc/scontent/c/sentence,sound:c:sentence:5,4-5.mp3,mp3,.mp3,3.518438,44100,2,75427,25daffe594337a78307dd816872c832f8cc6c72e7c4d24266fe2d2c3717d5e68,1,yue-Hant,sentence,,,,The site supplies no machine-readable lexical/Jyutping/tone text for this item; fields remain empty rather than inferred.
SA-00599,輔音,輔音,c,c,,,,,,,,,,,audio/consonants/c/c_sentence_006.mp3,https://app.speakalongcuhk.com/assets/voices/c/4-6.mp3,https://app.speakalongcuhk.com/assets/voices/c/4-6.mp3,https://app.speakalongcuhk.com/tc/scontent/c/sentence,sound:c:sentence:6,4-6.mp3,mp3,.mp3,3.909375,44100,2,81931,8c732c695b12b317160678a280790414ae100422ad692ca1d21fb59990504ecf,1,yue-Hant,sentence,,,,The site supplies no machine-readable lexical/Jyutping/tone text for this item; fields remain empty rather than inferred.
SA-00600,輔音,輔音,c,c,,,,,,,,,,,audio/consonants/c/c_sentence_007.mp3,https://app.speakalongcuhk.com/assets/voices/c/4-7.mp3,https://app.speakalongcuhk.com/assets/voices/c/4-7.mp3,https://app.speakalongcuhk.com/tc/scontent/c/sentence,sound:c:sentence:7,4-7.mp3,mp3,.mp3,4.508812,44100,2,91773,67722486b8ecd2497b123b2df3166c823286376cbe739d087b9a4651bdaa1e2a,1,yue-Hant,sentence,,,,The site supplies no machine-readable lexical/Jyutping/tone text for this item; fields remain empty rather than inferred.
SA-00601,輔音,輔音,c,c,,,,,,,,,,,audio/consonants/c/c_sentence_008.mp3,https://app.speakalongcuhk.com/assets/voices/c/4-8.mp3,https://app.speakalongcuhk.com/assets/voices/c/4-8.mp3,https://app.speakalongcuhk.com/tc/scontent/c/sentence,sound:c:sentence:8,4-8.mp3,mp3,.mp3,4.717313,44100,2,95358,aeb000c8cb3d6128fe458adaa5ae8d2255e348cba0af716880ca053d90a8b2b2,1,yue-Hant,sentence,,,,The site supplies no machine-readable lexical/Jyutping/tone text for this item; fields remain empty rather than inferred.
SA-00602,輔音,輔音,c,c,,,,,,,,,,,audio/consonants/c/c_sentence_009.mp3,https://app.speakalongcuhk.com/assets/voices/c/4-9.mp3,https://app.speakalongcuhk.com/assets/voices/c/4-9.mp3,https://app.speakalongcuhk.com/tc/scontent/c/sentence,sound:c:sentence:9,4-9.mp3,mp3,.mp3,7.375688,44100,2,138141,a6904904c51eceed090b749da7ef434e0bb601f9e393e2d6ce62d0b96b8bb942,1,yue-Hant,sentence,,,,The site supplies no machine-readable lexical/Jyutping/tone text for this item; fields remain empty rather than inferred.
SA-00603,輔音,輔音,c,c,,,,,,,,,,,audio/consonants/c/c_sentence_010.mp3,https://app.speakalongcuhk.com/assets/voices/c/4-10.mp3,https://app.speakalongcuhk.com/assets/voices/c/4-10.mp3,https://app.speakalongcuhk.com/tc/scontent/c/sentence,sound:c:sentence:10,4-10.mp3,mp3,.mp3,7.19325,44100,2,135470,d13940bc0f67482193df34056ae0dfbe40496562fd7a18e20e1dfd5558fd57ae,1,yue-Hant,sentence,,,,The site supplies no machine-readable lexical/Jyutping/tone text for this item; fields remain empty rather than inferred.
SA-00604,輔音,輔音,c,c,,,,,,,,,,,audio/consonants/c/c_story_001.mp3,https://app.speakalongcuhk.com/assets/voices/c/5-1.mp3,https://app.speakalongcuhk.com/assets/voices/c/5-1.mp3,https://app.speakalongcuhk.com/tc/scontent/c/story,sound:c:story:1,5-1.mp3,mp3,.mp3,8.261812,44100,2,152816,83b81259d9ce245fd751655220fefb8790e33ed989a9318ce3e26096d2c05ae5,1,yue-Hant,story,,,,The site supplies no machine-readable lexical/Jyutping/tone text for this item; fields remain empty rather than inferred.
SA-00605,輔音,輔音,c,c,,,,,,,,,,,audio/consonants/c/c_story_002.mp3,https://app.speakalongcuhk.com/assets/voices/c/5-2.mp3,https://app.speakalongcuhk.com/assets/voices/c/5-2.mp3,https://app.speakalongcuhk.com/tc/scontent/c/story,sound:c:story:2,5-2.mp3,mp3,.mp3,9.617062,44100,2,174749,d7720b992c340eebda69b782df5e606a127a2227e22ca8a7f76adc02c8b445c4,1,yue-Hant,story,,,,The site supplies no machine-readable lexical/Jyutping/tone text for this item; fields remain empty rather than inferred.
SA-00606,輔音,輔音,c,c,,,,,,,,,,,audio/consonants/c/c_story_003.mp3,https://app.speakalongcuhk.com/assets/voices/c/5-3.mp3,https://app.speakalongcuhk.com/assets/voices/c/5-3.mp3,https://app.speakalongcuhk.com/tc/scontent/c/story,sound:c:story:3,5-3.mp3,mp3,.mp3,8.34,44100,2,154566,0005a70615d3be43786f22a18c0558703ed9ce9dd62388d9243a91a229d53c0e,1,yue-Hant,story,,,,The site supplies no machine-readable lexical/Jyutping/tone text for this item; fields remain empty rather than inferred.
SA-00607,輔音,輔音,c,c,,,,,,,,,,,audio/consonants/c/c_story_004.mp3,https://app.speakalongcuhk.com/assets/voices/c/5-4.mp3,https://app.speakalongcuhk.com/assets/voices/c/5-4.mp3,https://app.speakalongcuhk.com/tc/scontent/c/story,sound:c:story:4,5-4.mp3,mp3,.mp3,9.06975,44100,2,166491,2ae2ad9de108a046d40c3251770a1ed4de1934b1615d119886ee2307aed114cb,1,yue-Hant,story,,,,The site supplies no machine-readable lexical/Jyutping/tone text for this item; fields remain empty rather than inferred.
SA-00608,輔音,輔音,c,c,,,,,,,,,,,audio/consonants/c/c_story_005.mp3,https://app.speakalongcuhk.com/assets/voices/c/5-5.mp3,https://app.speakalongcuhk.com/assets/voices/c/5-5.mp3,https://app.speakalongcuhk.com/tc/scontent/c/story,sound:c:story:5,5-5.mp3,mp3,.mp3,4.430625,44100,2,92511,47e6b88132a1354da741a56fea5919c5202aa2a64d4a2fe0ccc714fda51edffb,1,yue-Hant,story,,,,The site supplies no machine-readable lexical/Jyutping/tone text for this item; fields remain empty rather than inferred.
SA-00609,輔音,輔音,c,c,,,,,,,,,,,audio/consonants/c/c_story_006.mp3,https://app.speakalongcuhk.com/assets/voices/c/5-6.mp3,https://app.speakalongcuhk.com/assets/voices/c/5-6.mp3,https://app.speakalongcuhk.com/tc/scontent/c/story,sound:c:story:6,5-6.mp3,mp3,.mp3,5.056125,44100,2,102771,35196bd67b6c48494ab65b1146737778a5d28eeb7bb6ac587c9622b28fea09c2,1,yue-Hant,story,,,,The site supplies no machine-readable lexical/Jyutping/tone text for this item; fields remain empty rather than inferred.
SA-00610,輔音,輔音,s,s,,,,,,,S,,,,audio/consonants/s/s_001.mp3,https://app.speakalongcuhk.com/assets/voices/s/1-1.mp3,https://app.speakalongcuhk.com/assets/voices/s/1-1.mp3,https://app.speakalongcuhk.com/tc/scontent/s/single,sound:s:single:1,1-1.mp3,mp3,.mp3,3.153563,44100,2,55263,c8522f32f65cd1adf8ad6e265d90e38ebd6c42738aa3240ae9e2192f292fcc91,1,yue-Hant,single,,,,Lexical label is human-curated from source artwork/category; it is not textual metadata supplied by the site. Source artwork depicts a Latin letter.
SA-00611,輔音,輔音,s,s,,,,,,沙,,,,,audio/consonants/s/s_002.mp3,https://app.speakalongcuhk.com/assets/voices/s/1-2.mp3,https://app.speakalongcuhk.com/assets/voices/s/1-2.mp3,https://app.speakalongcuhk.com/tc/scontent/s/single,sound:s:single:2,1-2.mp3,mp3,.mp3,1.511625,44100,2,29514,70fb260c13d51bb7b87327f25bc3517e70b225669a5c50240218856e466c2107,1,yue-Hant,single,,,,Lexical label is human-curated from source artwork/category; it is not textual metadata supplied by the site.
SA-00612,輔音,輔音,s,s,,,,,,蛇,,,,,audio/consonants/s/s_003.mp3,https://app.speakalongcuhk.com/assets/voices/s/1-3.mp3,https://app.speakalongcuhk.com/assets/voices/s/1-3.mp3,https://app.speakalongcuhk.com/tc/scontent/s/single,sound:s:single:3,1-3.mp3,mp3,.mp3,1.381312,44100,2,27951,f9dc5c922a075d31449f301ff53d24337bb8f797e1a6de42af012876c7bd92b5,1,yue-Hant,single,,,,Lexical label is human-curated from source artwork/category; it is not textual metadata supplied by the site.
SA-00613,輔音,輔音,s,s,,,,,,,C,,,,audio/consonants/s/s_004.mp3,https://app.speakalongcuhk.com/assets/voices/s/1-4.mp3,https://app.speakalongcuhk.com/assets/voices/s/1-4.mp3,https://app.speakalongcuhk.com/tc/scontent/s/single,sound:s:single:4,1-4.mp3,mp3,.mp3,1.511625,44100,2,30558,d3a524ff7545d5abe00fc529135f7d4390d43623b0e4615abe44c1121f589632,1,yue-Hant,single,,,,Lexical label is human-curated from source artwork/category; it is not textual metadata supplied by the site. Source artwork depicts a Latin letter.
SA-00614,輔音,輔音,s,s,,,,,,梳,,,,,audio/consonants/s/s_005.mp3,https://app.speakalongcuhk.com/assets/voices/s/1-5.mp3,https://app.speakalongcuhk.com/assets/voices/s/1-5.mp3,https://app.speakalongcuhk.com/tc/scontent/s/single,sound:s:single:5,1-5.mp3,mp3,.mp3,1.56375,44100,2,32443,4d0e295a60ff951ea51b52539e6fc64ec38507138b2cfe8ceba84c8117eea8c2,1,yue-Hant,single,,,,Lexical label is human-curated from source artwork/category; it is not textual metadata supplied by the site.
SA-00615,輔音,輔音,s,s,,,,,,書,,,,,audio/consonants/s/s_006.mp3,https://app.speakalongcuhk.com/assets/voices/s/1-6.mp3,https://app.speakalongcuhk.com/assets/voices/s/1-6.mp3,https://app.speakalongcuhk.com/tc/scontent/s/single,sound:s:single:6,1-6.mp3,mp3,.mp3,2.319562,44100,2,44529,85f5949e5924536d0c55da87697c55ac07a803addb7b8875437d36fef3f53518,1,yue-Hant,single,,,,Lexical label is human-curated from source artwork/category; it is not textual metadata supplied by the site.
SA-00616,輔音,輔音,s,s,,,,,,水,,,,,audio/consonants/s/s_007.mp3,https://app.speakalongcuhk.com/assets/voices/s/1-7.mp3,https://app.speakalongcuhk.com/assets/voices/s/1-7.mp3,https://app.speakalongcuhk.com/tc/scontent/s/single,sound:s:single:7,1-7.mp3,mp3,.mp3,1.928625,44100,2,38796,59191c4efa5e01fdb5c2ddbf004152024dbd771adcd8a20e3f1baf52224bf49b,1,yue-Hant,single,,,,Lexical label is human-curated from source artwork/category; it is not textual metadata supplied by the site.
SA-00617,輔音,輔音,s,s,,,,,,手,,,,,audio/consonants/s/s_008.mp3,https://app.speakalongcuhk.com/assets/voices/s/1-8.mp3,https://app.speakalongcuhk.com/assets/voices/s/1-8.mp3,https://app.speakalongcuhk.com/tc/scontent/s/single,sound:s:single:8,1-8.mp3,mp3,.mp3,1.798312,44100,2,37233,6f11e0ef0655dd59b3fa543e6733bb7e45a190c4d1bd1e1f49b7bc72346a6a89,1,yue-Hant,single,,,,Lexical label is human-curated from source artwork/category; it is not textual metadata supplied by the site.
SA-00618,輔音,輔音,s,s,,,,,,四,,,,,audio/consonants/s/s_009.mp3,https://app.speakalongcuhk.com/assets/voices/s/1-9.mp3,https://app.speakalongcuhk.com/assets/voices/s/1-9.mp3,https://app.speakalongcuhk.com/tc/scontent/s/single,sound:s:single:9,1-9.mp3,mp3,.mp3,1.8765,44100,2,39006,9282e7ce1baa1b5714e3143822a01e0150e38895b89e39c021534aeb4a10397b,1,yue-Hant,single,,,,Lexical label is human-curated from source artwork/category; it is not textual metadata supplied by the site.
SA-00619,輔音,輔音,s,s,,,,,,上,,,,,audio/consonants/s/s_010.mp3,https://app.speakalongcuhk.com/assets/voices/s/1-10.mp3,https://app.speakalongcuhk.com/assets/voices/s/1-10.mp3,https://app.speakalongcuhk.com/tc/scontent/s/single,sound:s:single:10,1-10.mp3,mp3,.mp3,2.111063,44100,2,44331,1a01a8a911665ed545c010187c37d1b5483f6698beb9e2912ab2fcd162ffc2a1,1,yue-Hant,single,,,,Lexical label is human-curated from source artwork/category; it is not textual metadata supplied by the site.
SA-00620,輔音,輔音,s,s,,,,,,,,,,,audio/consonants/s/s_word_001.mp3,https://app.speakalongcuhk.com/assets/voices/s/2-1.mp3,https://app.speakalongcuhk.com/assets/voices/s/2-1.mp3,https://app.speakalongcuhk.com/tc/scontent/s/word,sound:s:word:1,2-1.mp3,mp3,.mp3,1.902562,44100,2,45711,a968e736715791ab4b10e88858c241785f6699d22fdd78bfc6e5805dd1ce3f98,1,yue-Hant,word,,,,The site supplies no machine-readable lexical/Jyutping/tone text for this item; fields remain empty rather than inferred.
SA-00621,輔音,輔音,s,s,,,,,,,,,,,audio/consonants/s/s_word_002.mp3,https://app.speakalongcuhk.com/assets/voices/s/2-2.mp3,https://app.speakalongcuhk.com/assets/voices/s/2-2.mp3,https://app.speakalongcuhk.com/tc/scontent/s/word,sound:s:word:2,2-2.mp3,mp3,.mp3,1.798312,44100,2,44829,6375f89f3f789b2661c4594f4420745b3b62f3c85fe5f1e92076bebacb2f783e,1,yue-Hant,word,,,,The site supplies no machine-readable lexical/Jyutping/tone text for this item; fields remain empty rather than inferred.
SA-00622,輔音,輔音,s,s,,,,,,,,,,,audio/consonants/s/s_word_003.mp3,https://app.speakalongcuhk.com/assets/voices/s/2-3.mp3,https://app.speakalongcuhk.com/assets/voices/s/2-3.mp3,https://app.speakalongcuhk.com/tc/scontent/s/word,sound:s:word:3,2-3.mp3,mp3,.mp3,1.746188,44100,2,44781,d208e4e2ed9f43b5f6e577f4e9a8d95868041352c63a937eda8aa7add67e646d,1,yue-Hant,word,,,,The site supplies no machine-readable lexical/Jyutping/tone text for this item; fields remain empty rather than inferred.
SA-00623,輔音,輔音,s,s,,,,,,,,,,,audio/consonants/s/s_word_004.mp3,https://app.speakalongcuhk.com/assets/voices/s/2-4.mp3,https://app.speakalongcuhk.com/assets/voices/s/2-4.mp3,https://app.speakalongcuhk.com/tc/scontent/s/word,sound:s:word:4,2-4.mp3,mp3,.mp3,2.554125,44100,2,45114,ac1dae5b7c3a1e25d4e74fd743a858aef63600f6114be2a6c8b1428cb144ea67,1,yue-Hant,word,,,,The site supplies no machine-readable lexical/Jyutping/tone text for this item; fields remain empty rather than inferred.
SA-00624,輔音,輔音,s,s,,,,,,,,,,,audio/consonants/s/s_word_005.mp3,https://app.speakalongcuhk.com/assets/voices/s/2-5.mp3,https://app.speakalongcuhk.com/assets/voices/s/2-5.mp3,https://app.speakalongcuhk.com/tc/scontent/s/word,sound:s:word:5,2-5.mp3,mp3,.mp3,2.319562,44100,2,56313,0aa6ebe04c69a0ec606c997c823d77b21a2413d26c19779b9df069ecdad0b307,1,yue-Hant,word,,,,The site supplies no machine-readable lexical/Jyutping/tone text for this item; fields remain empty rather than inferred.
SA-00625,輔音,輔音,s,s,,,,,,,,,,,audio/consonants/s/s_word_006.mp3,https://app.speakalongcuhk.com/assets/voices/s/2-6.mp3,https://app.speakalongcuhk.com/assets/voices/s/2-6.mp3,https://app.speakalongcuhk.com/tc/scontent/s/word,sound:s:word:6,2-6.mp3,mp3,.mp3,2.032875,44100,2,52512,d66e61951e84caaa93e47cb5d21ec9674e6b763772e7b5d5230fa093c6cc0fee,1,yue-Hant,word,,,,The site supplies no machine-readable lexical/Jyutping/tone text for this item; fields remain empty rather than inferred.
SA-00626,輔音,輔音,s,s,,,,,,,,,,,audio/consonants/s/s_word_007.mp3,https://app.speakalongcuhk.com/assets/voices/s/2-7.mp3,https://app.speakalongcuhk.com/assets/voices/s/2-7.mp3,https://app.speakalongcuhk.com/tc/scontent/s/word,sound:s:word:7,2-7.mp3,mp3,.mp3,2.345625,44100,2,55944,65d02caf5a80151891a4729c3278f874b839014dfd66ee9e3ecbcbee9e2fcdc9,1,yue-Hant,word,,,,The site supplies no machine-readable lexical/Jyutping/tone text for this item; fields remain empty rather than inferred.
SA-00627,輔音,輔音,s,s,,,,,,,,,,,audio/consonants/s/s_word_008.mp3,https://app.speakalongcuhk.com/assets/voices/s/2-8.mp3,https://app.speakalongcuhk.com/assets/voices/s/2-8.mp3,https://app.speakalongcuhk.com/tc/scontent/s/word,sound:s:word:8,2-8.mp3,mp3,.mp3,2.39775,44100,2,59136,3134fe9d204453639a61e860d4b93cda6bbfc7fa36311ed76e269e6082130cd6,1,yue-Hant,word,,,,The site supplies no machine-readable lexical/Jyutping/tone text for this item; fields remain empty rather than inferred.
SA-00628,輔音,輔音,s,s,,,,,,,,,,,audio/consonants/s/s_word_009.mp3,https://app.speakalongcuhk.com/assets/voices/s/2-9.mp3,https://app.speakalongcuhk.com/assets/voices/s/2-9.mp3,https://app.speakalongcuhk.com/tc/scontent/s/word,sound:s:word:9,2-9.mp3,mp3,.mp3,2.241375,44100,2,57420,a903598e83c35da1f8b9ef27be357b1b63e69f3ae0492e71bbad513030f504e7,1,yue-Hant,word,,,,The site supplies no machine-readable lexical/Jyutping/tone text for this item; fields remain empty rather than inferred.
SA-00629,輔音,輔音,s,s,,,,,,,,,,,audio/consonants/s/s_word_010.mp3,https://app.speakalongcuhk.com/assets/voices/s/2-10.mp3,https://app.speakalongcuhk.com/assets/voices/s/2-10.mp3,https://app.speakalongcuhk.com/tc/scontent/s/word,sound:s:word:10,2-10.mp3,mp3,.mp3,2.267438,44100,2,41049,2f1f8bab6dc9572073c6b03e2561175ce79a653c51e6598410de857ea634542c,1,yue-Hant,word,,,,The site supplies no machine-readable lexical/Jyutping/tone text for this item; fields remain empty rather than inferred.
SA-00630,輔音,輔音,s,s,,,,,,,,,,,audio/consonants/s/s_sentence_001.mp3,https://app.speakalongcuhk.com/assets/voices/s/4-1.mp3,https://app.speakalongcuhk.com/assets/voices/s/4-1.mp3,https://app.speakalongcuhk.com/tc/scontent/s/sentence,sound:s:sentence:1,4-1.mp3,mp3,.mp3,1.410612,44100,2,41646,963f31660921e13924db14414fb13afe2fd9fa3d98f21a1778a60faee85dd885,1,yue-Hant,sentence,,,,The site supplies no machine-readable lexical/Jyutping/tone text for this item; fields remain empty rather than inferred.
SA-00631,輔音,輔音,s,s,,,,,,,,,,,audio/consonants/s/s_sentence_002.mp3,https://app.speakalongcuhk.com/assets/voices/s/4-2.mp3,https://app.speakalongcuhk.com/assets/voices/s/4-2.mp3,https://app.speakalongcuhk.com/tc/scontent/s/sentence,sound:s:sentence:2,4-2.mp3,mp3,.mp3,3.179625,44100,2,78720,0476d71bb54f61c1948443761cfb62e49708dac21e1a38497b82016a3cd5af66,1,yue-Hant,sentence,,,,The site supplies no machine-readable lexical/Jyutping/tone text for this item; fields remain empty rather than inferred.
SA-00632,輔音,輔音,s,s,,,,,,,,,,,audio/consonants/s/s_sentence_003.mp3,https://app.speakalongcuhk.com/assets/voices/s/4-3.mp3,https://app.speakalongcuhk.com/assets/voices/s/4-3.mp3,https://app.speakalongcuhk.com/tc/scontent/s/sentence,sound:s:sentence:3,4-3.mp3,mp3,.mp3,3.283875,44100,2,63109,38efde79dab83c294fac19120568ba1e076e36365d8279da1e6d6670f932fde6,1,yue-Hant,sentence,,,,The site supplies no machine-readable lexical/Jyutping/tone text for this item; fields remain empty rather than inferred.
SA-00633,輔音,輔音,s,s,,,,,,,,,,,audio/consonants/s/s_sentence_004.mp3,https://app.speakalongcuhk.com/assets/voices/s/4-4.mp3,https://app.speakalongcuhk.com/assets/voices/s/4-4.mp3,https://app.speakalongcuhk.com/tc/scontent/s/sentence,sound:s:sentence:4,4-4.mp3,mp3,.mp3,3.492375,44100,2,67489,9d305985ad5c83288673178e70d8b2b8fd16da189cb945eb27f160837e8ed29b,1,yue-Hant,sentence,,,,The site supplies no machine-readable lexical/Jyutping/tone text for this item; fields remain empty rather than inferred.
SA-00634,輔音,輔音,s,s,,,,,,,,,,,audio/consonants/s/s_sentence_005.mp3,https://app.speakalongcuhk.com/assets/voices/s/4-5.mp3,https://app.speakalongcuhk.com/assets/voices/s/4-5.mp3,https://app.speakalongcuhk.com/tc/scontent/s/sentence,sound:s:sentence:5,4-5.mp3,mp3,.mp3,3.753,44100,2,70093,816a7b8ecd4f6595668c2fe7ea95da9dbbfcc4b8e4498a91d549022aa91971d8,1,yue-Hant,sentence,,,,The site supplies no machine-readable lexical/Jyutping/tone text for this item; fields remain empty rather than inferred.
SA-00635,輔音,輔音,s,s,,,,,,,,,,,audio/consonants/s/s_sentence_006.mp3,https://app.speakalongcuhk.com/assets/voices/s/4-6.mp3,https://app.speakalongcuhk.com/assets/voices/s/4-6.mp3,https://app.speakalongcuhk.com/tc/scontent/s/sentence,sound:s:sentence:6,4-6.mp3,mp3,.mp3,3.075375,44100,2,62390,7401cfe22b83c629a953cf806729709865aa81e56faa0e6d298d664a687bb0e7,1,yue-Hant,sentence,,,,The site supplies no machine-readable lexical/Jyutping/tone text for this item; fields remain empty rather than inferred.
SA-00636,輔音,輔音,s,s,,,,,,,,,,,audio/consonants/s/s_sentence_007.mp3,https://app.speakalongcuhk.com/assets/voices/s/4-7.mp3,https://app.speakalongcuhk.com/assets/voices/s/4-7.mp3,https://app.speakalongcuhk.com/tc/scontent/s/sentence,sound:s:sentence:7,4-7.mp3,mp3,.mp3,3.683265,44100,2,101772,d016242e3eebc64ddc32264d2f5d4660ac3a6d0f9c34b094f602397dd5f36770,1,yue-Hant,sentence,,,,The site supplies no machine-readable lexical/Jyutping/tone text for this item; fields remain empty rather than inferred.
SA-00637,輔音,輔音,s,s,,,,,,,,,,,audio/consonants/s/s_sentence_008.mp3,https://app.speakalongcuhk.com/assets/voices/s/4-8.mp3,https://app.speakalongcuhk.com/assets/voices/s/4-8.mp3,https://app.speakalongcuhk.com/tc/scontent/s/sentence,sound:s:sentence:8,4-8.mp3,mp3,.mp3,3.44025,44100,2,84462,36b089bef6065d8d44cb9cefbc22e53805dffae1cb18de0299d548d11af4268d,1,yue-Hant,sentence,,,,The site supplies no machine-readable lexical/Jyutping/tone text for this item; fields remain empty rather than inferred.
SA-00638,輔音,輔音,s,s,,,,,,,,,,,audio/consonants/s/s_sentence_009.mp3,https://app.speakalongcuhk.com/assets/voices/s/4-9.mp3,https://app.speakalongcuhk.com/assets/voices/s/4-9.mp3,https://app.speakalongcuhk.com/tc/scontent/s/sentence,sound:s:sentence:9,4-9.mp3,mp3,.mp3,4.430625,44100,2,83023,5c92949afdddb55bf3141fac27f483daf46b9c578862d868c2411ff689cbf7e8,1,yue-Hant,sentence,,,,The site supplies no machine-readable lexical/Jyutping/tone text for this item; fields remain empty rather than inferred.
SA-00639,輔音,輔音,s,s,,,,,,,,,,,audio/consonants/s/s_sentence_010.mp3,https://app.speakalongcuhk.com/assets/voices/s/4-10.mp3,https://app.speakalongcuhk.com/assets/voices/s/4-10.mp3,https://app.speakalongcuhk.com/tc/scontent/s/sentence,sound:s:sentence:10,4-10.mp3,mp3,.mp3,5.160375,44100,2,93655,78eeab68ceac9f0d2829632902dae1a6f8f92c5cbc9b1f57dc4915b85fdde4ca,1,yue-Hant,sentence,,,,The site supplies no machine-readable lexical/Jyutping/tone text for this item; fields remain empty rather than inferred.
SA-00640,輔音,輔音,s,s,,,,,,,,,,,audio/consonants/s/s_story_001.mp3,https://app.speakalongcuhk.com/assets/voices/s/5-1.mp3,https://app.speakalongcuhk.com/assets/voices/s/5-1.mp3,https://app.speakalongcuhk.com/tc/scontent/s/story,sound:s:story:1,5-1.mp3,mp3,.mp3,7.053061,44100,2,185362,8f99ab370d10385fdf50018583f626f5390d6a261050a0144a7a7c28dca2f8fc,1,yue-Hant,story,,,,The site supplies no machine-readable lexical/Jyutping/tone text for this item; fields remain empty rather than inferred.
SA-00641,輔音,輔音,s,s,,,,,,,,,,,audio/consonants/s/s_story_002.mp3,https://app.speakalongcuhk.com/assets/voices/s/5-2.mp3,https://app.speakalongcuhk.com/assets/voices/s/5-2.mp3,https://app.speakalongcuhk.com/tc/scontent/s/story,sound:s:story:2,5-2.mp3,mp3,.mp3,7.209796,44100,2,191030,799d7f80b548851550e91ee64187d1cb284603deca8887b5886ead1c2c7837d4,1,yue-Hant,story,,,,The site supplies no machine-readable lexical/Jyutping/tone text for this item; fields remain empty rather than inferred.
SA-00642,輔音,輔音,s,s,,,,,,,,,,,audio/consonants/s/s_story_003.mp3,https://app.speakalongcuhk.com/assets/voices/s/5-3.mp3,https://app.speakalongcuhk.com/assets/voices/s/5-3.mp3,https://app.speakalongcuhk.com/tc/scontent/s/story,sound:s:story:3,5-3.mp3,mp3,.mp3,2.873469,44100,2,76293,5ac8e6cab197a51fa58bc493f562534f29a6fbbdba77f1875402effb80ceb8da,1,yue-Hant,story,,,,The site supplies no machine-readable lexical/Jyutping/tone text for this item; fields remain empty rather than inferred.
SA-00643,輔音,輔音,s,s,,,,,,,,,,,audio/consonants/s/s_story_004.mp3,https://app.speakalongcuhk.com/assets/voices/s/5-4.mp3,https://app.speakalongcuhk.com/assets/voices/s/5-4.mp3,https://app.speakalongcuhk.com/tc/scontent/s/story,sound:s:story:4,5-4.mp3,mp3,.mp3,3.291429,44100,2,82863,b5c47c59e7ff6fcd433c99a7308af4ff36bf4514f02da744d4b95445710921b6,1,yue-Hant,story,,,,The site supplies no machine-readable lexical/Jyutping/tone text for this item; fields remain empty rather than inferred.
SA-00644,尾韻,尾韻,-p,,-p,,,,,碟,,,,,audio/finals/-p/final_p_001.mp3,https://app.speakalongcuhk.com/assets/voices/-p/1-1.mp3,https://app.speakalongcuhk.com/assets/voices/-p/1-1.mp3,https://app.speakalongcuhk.com/tc/scontent/-p/single,sound:-p:single:1,1-1.mp3,mp3,.mp3,1.044898,44100,2,12933,6f13602892743d467a4a09b9e165d2ea2bf5816a91a0121a0cb593d85fb9e798,1,yue-Hant,single,,,,Lexical label is human-curated from source artwork/category; it is not textual metadata supplied by the site.
SA-00645,尾韻,尾韻,-p,,-p,,,,,葉,,,,,audio/finals/-p/final_p_002.mp3,https://app.speakalongcuhk.com/assets/voices/-p/1-2.mp3,https://app.speakalongcuhk.com/assets/voices/-p/1-2.mp3,https://app.speakalongcuhk.com/tc/scontent/-p/single,sound:-p:single:2,1-2.mp3,mp3,.mp3,1.07102,44100,2,13194,9de6b407ffe568d7efb47dd293034da4e10910a4fd938db27a4992c522f48ad6,1,yue-Hant,single,,,,Lexical label is human-curated from source artwork/category; it is not textual metadata supplied by the site.
SA-00646,尾韻,尾韻,-p,,-p,,,,,業,,,,,audio/finals/-p/final_p_003.mp3,https://app.speakalongcuhk.com/assets/voices/-p/1-3.mp3,https://app.speakalongcuhk.com/assets/voices/-p/1-3.mp3,https://app.speakalongcuhk.com/tc/scontent/-p/single,sound:-p:single:3,1-3.mp3,mp3,.mp3,1.044898,44100,2,14918,d4672f2f06ff12068dd73a1fafc6c8b55f0fabe94be07be9f6199dda0f891f1c,1,yue-Hant,single,,,,Lexical label is human-curated from source artwork/category; it is not textual metadata supplied by the site.
SA-00647,尾韻,尾韻,-p,,-p,,,,,鴨,,,,,audio/finals/-p/final_p_004.mp3,https://app.speakalongcuhk.com/assets/voices/-p/1-4.mp3,https://app.speakalongcuhk.com/assets/voices/-p/1-4.mp3,https://app.speakalongcuhk.com/tc/scontent/-p/single,sound:-p:single:4,1-4.mp3,mp3,.mp3,1.07102,44100,2,15962,ef13c0ccdfd58b0b9e94f19158ddedec43447a56a3e210fa86580dd97557b0c6,1,yue-Hant,single,,,,Lexical label is human-curated from source artwork/category; it is not textual metadata supplied by the site.
SA-00648,尾韻,尾韻,-p,,-p,,,,,喼,,,,,audio/finals/-p/final_p_005.mp3,https://app.speakalongcuhk.com/assets/voices/-p/1-5.mp3,https://app.speakalongcuhk.com/assets/voices/-p/1-5.mp3,https://app.speakalongcuhk.com/tc/scontent/-p/single,sound:-p:single:5,1-5.mp3,mp3,.mp3,1.07102,44100,2,12515,d42f4e22360587b78d165739a1bae28c0b07a878772917330584b057a8274257,1,yue-Hant,single,,,,Lexical label is human-curated from source artwork/category; it is not textual metadata supplied by the site.
SA-00649,尾韻,尾韻,-p,,-p,,,,,盒,,,,,audio/finals/-p/final_p_006.mp3,https://app.speakalongcuhk.com/assets/voices/-p/1-6.mp3,https://app.speakalongcuhk.com/assets/voices/-p/1-6.mp3,https://app.speakalongcuhk.com/tc/scontent/-p/single,sound:-p:single:6,1-6.mp3,mp3,.mp3,1.07102,44100,2,15545,293b1dc5ddc24ef6aa0f453ff6f2264e1f14ab3234081e195efdfdf50e6b305e,1,yue-Hant,single,,,,Lexical label is human-curated from source artwork/category; it is not textual metadata supplied by the site.
SA-00650,尾韻,尾韻,-p,,-p,,,,,塔,,,,,audio/finals/-p/final_p_007.mp3,https://app.speakalongcuhk.com/assets/voices/-p/1-7.mp3,https://app.speakalongcuhk.com/assets/voices/-p/1-7.mp3,https://app.speakalongcuhk.com/tc/scontent/-p/single,sound:-p:single:7,1-7.mp3,mp3,.mp3,1.07102,44100,2,17005,85c8439bfe19a5bfd360c48c724dc60710bb275dd1d9b117bc208221c5a62421,1,yue-Hant,single,,,,Lexical label is human-curated from source artwork/category; it is not textual metadata supplied by the site.
SA-00651,尾韻,尾韻,-p,,-p,,,,,十,,,,,audio/finals/-p/final_p_008.mp3,https://app.speakalongcuhk.com/assets/voices/-p/1-8.mp3,https://app.speakalongcuhk.com/assets/voices/-p/1-8.mp3,https://app.speakalongcuhk.com/tc/scontent/-p/single,sound:-p:single:8,1-8.mp3,mp3,.mp3,1.07102,44100,2,23116,51198ea10f53cdcbd55430589885e8f6775389aea2ed371144544f46928ec0b4,1,yue-Hant,single,,,,Lexical label is human-curated from source artwork/category; it is not textual metadata supplied by the site.
SA-00652,尾韻,尾韻,-p,,-p,,,,,鴿,,,,,audio/finals/-p/final_p_009.mp3,https://app.speakalongcuhk.com/assets/voices/-p/1-9.mp3,https://app.speakalongcuhk.com/assets/voices/-p/1-9.mp3,https://app.speakalongcuhk.com/tc/scontent/-p/single,sound:-p:single:9,1-9.mp3,mp3,.mp3,1.07102,44100,2,13769,8f62fcf8d945b15eca66b9fdc90c090125942ecf3860eda27f9fb51f4a87ebaf,1,yue-Hant,single,,,,Lexical label is human-curated from source artwork/category; it is not textual metadata supplied by the site.
SA-00653,尾韻,尾韻,-p,,-p,,,,,汁,,,,,audio/finals/-p/final_p_010.mp3,https://app.speakalongcuhk.com/assets/voices/-p/1-10.mp3,https://app.speakalongcuhk.com/assets/voices/-p/1-10.mp3,https://app.speakalongcuhk.com/tc/scontent/-p/single,sound:-p:single:10,1-10.mp3,mp3,.mp3,1.07102,44100,2,20818,c4149612f35562cdebbe201b2e511149b023bc5d8e6cfc01d32f58643a4a3f69,1,yue-Hant,single,,,,Lexical label is human-curated from source artwork/category; it is not textual metadata supplied by the site.
SA-00654,尾韻,尾韻,-p,,-p,,,,,,,,,,audio/finals/-p/final_p_word_001.mp3,https://app.speakalongcuhk.com/assets/voices/-p/2-1.mp3,https://app.speakalongcuhk.com/assets/voices/-p/2-1.mp3,https://app.speakalongcuhk.com/tc/scontent/-p/word,sound:-p:word:1,2-1.mp3,mp3,.mp3,1.149388,44100,2,30687,09e54b860f8e0a08f5c15c611e0a263538ac3ae6ea3d7aa08532069de2d289b2,1,yue-Hant,word,,,,The site supplies no machine-readable lexical/Jyutping/tone text for this item; fields remain empty rather than inferred.
SA-00655,尾韻,尾韻,-p,,-p,,,,,,,,,,audio/finals/-p/final_p_word_002.mp3,https://app.speakalongcuhk.com/assets/voices/-p/2-2.mp3,https://app.speakalongcuhk.com/assets/voices/-p/2-2.mp3,https://app.speakalongcuhk.com/tc/scontent/-p/word,sound:-p:word:2,2-2.mp3,mp3,.mp3,1.07102,44100,2,20766,1eb95fdd683b92194bf6f4883da44b13a6cf1630c463f93f40255fe3480f8995,1,yue-Hant,word,,,,The site supplies no machine-readable lexical/Jyutping/tone text for this item; fields remain empty rather than inferred.
SA-00656,尾韻,尾韻,-p,,-p,,,,,,,,,,audio/finals/-p/final_p_word_003.mp3,https://app.speakalongcuhk.com/assets/voices/-p/2-3.mp3,https://app.speakalongcuhk.com/assets/voices/-p/2-3.mp3,https://app.speakalongcuhk.com/tc/scontent/-p/word,sound:-p:word:3,2-3.mp3,mp3,.mp3,1.227755,44100,2,35857,4419f9757305780935cb4f08f7d69ee8ec58430002d370d832638ce3fff3a1a8,1,yue-Hant,word,,,,The site supplies no machine-readable lexical/Jyutping/tone text for this item; fields remain empty rather than inferred.
SA-00657,尾韻,尾韻,-p,,-p,,,,,,,,,,audio/finals/-p/final_p_word_004.mp3,https://app.speakalongcuhk.com/assets/voices/-p/2-4.mp3,https://app.speakalongcuhk.com/assets/voices/-p/2-4.mp3,https://app.speakalongcuhk.com/tc/scontent/-p/word,sound:-p:word:4,2-4.mp3,mp3,.mp3,1.018776,44100,2,24526,1875e8817d471dfe54ac39f9df876c2ecf7f62ad7eb86aab7ac18fe7545428d5,1,yue-Hant,word,,,,The site supplies no machine-readable lexical/Jyutping/tone text for this item; fields remain empty rather than inferred.
SA-00658,尾韻,尾韻,-p,,-p,,,,,,,,,,audio/finals/-p/final_p_word_005.mp3,https://app.speakalongcuhk.com/assets/voices/-p/2-5.mp3,https://app.speakalongcuhk.com/assets/voices/-p/2-5.mp3,https://app.speakalongcuhk.com/tc/scontent/-p/word,sound:-p:word:5,2-5.mp3,mp3,.mp3,1.07102,44100,2,25779,4c68df2566bf02202a7bae22416591345575813330e19e5d22a5b0b2c223a7d4,1,yue-Hant,word,,,,The site supplies no machine-readable lexical/Jyutping/tone text for this item; fields remain empty rather than inferred.
SA-00659,尾韻,尾韻,-p,,-p,,,,,,,,,,audio/finals/-p/final_p_word_006.mp3,https://app.speakalongcuhk.com/assets/voices/-p/2-6.mp3,https://app.speakalongcuhk.com/assets/voices/-p/2-6.mp3,https://app.speakalongcuhk.com/tc/scontent/-p/word,sound:-p:word:6,2-6.mp3,mp3,.mp3,1.07102,44100,2,22802,e981a37573c37f4f9b910962e12cd02c6fe4128aad9c0e6dfc3f13f7e84e340b,1,yue-Hant,word,,,,The site supplies no machine-readable lexical/Jyutping/tone text for this item; fields remain empty rather than inferred.
SA-00660,尾韻,尾韻,-p,,-p,,,,,,,,,,audio/finals/-p/final_p_word_007.mp3,https://app.speakalongcuhk.com/assets/voices/-p/2-7.mp3,https://app.speakalongcuhk.com/assets/voices/-p/2-7.mp3,https://app.speakalongcuhk.com/tc/scontent/-p/word,sound:-p:word:7,2-7.mp3,mp3,.mp3,1.044898,44100,2,28078,b4fe6d52123e9adddd320764bd11dd047a8bfb631923ebc1d084ac86fed7ba7a,1,yue-Hant,word,,,,The site supplies no machine-readable lexical/Jyutping/tone text for this item; fields remain empty rather than inferred.
SA-00661,尾韻,尾韻,-p,,-p,,,,,,,,,,audio/finals/-p/final_p_word_008.mp3,https://app.speakalongcuhk.com/assets/voices/-p/2-8.mp3,https://app.speakalongcuhk.com/assets/voices/-p/2-8.mp3,https://app.speakalongcuhk.com/tc/scontent/-p/word,sound:-p:word:8,2-8.mp3,mp3,.mp3,1.149388,44100,2,30582,c208680aec1096de1d41e28bc43b138a0d38496e37cdc16895f7d4e387464b7c,1,yue-Hant,word,,,,The site supplies no machine-readable lexical/Jyutping/tone text for this item; fields remain empty rather than inferred.
SA-00662,尾韻,尾韻,-p,,-p,,,,,,,,,,audio/finals/-p/final_p_word_009.mp3,https://app.speakalongcuhk.com/assets/voices/-p/2-9.mp3,https://app.speakalongcuhk.com/assets/voices/-p/2-9.mp3,https://app.speakalongcuhk.com/tc/scontent/-p/word,sound:-p:word:9,2-9.mp3,mp3,.mp3,1.097143,44100,2,26772,809646ac2b32717e6e2f1863bd7d6a40fc27f2b5476a64a5a6c2f0395de3b726,1,yue-Hant,word,,,,The site supplies no machine-readable lexical/Jyutping/tone text for this item; fields remain empty rather than inferred.
SA-00663,尾韻,尾韻,-p,,-p,,,,,,,,,,audio/finals/-p/final_p_word_010.mp3,https://app.speakalongcuhk.com/assets/voices/-p/2-10.mp3,https://app.speakalongcuhk.com/assets/voices/-p/2-10.mp3,https://app.speakalongcuhk.com/tc/scontent/-p/word,sound:-p:word:10,2-10.mp3,mp3,.mp3,1.07102,44100,2,20454,675a6f5daeadd3baaa522607e81e3534754341783c55852b06d2c1c72084019a,1,yue-Hant,word,,,,The site supplies no machine-readable lexical/Jyutping/tone text for this item; fields remain empty rather than inferred.
SA-00664,尾韻,尾韻,-p,,-p,,,,,,,,,,audio/finals/-p/final_p_sentence_001.mp3,https://app.speakalongcuhk.com/assets/voices/-p/4-1.mp3,https://app.speakalongcuhk.com/assets/voices/-p/4-1.mp3,https://app.speakalongcuhk.com/tc/scontent/-p/sentence,sound:-p:sentence:1,4-1.mp3,mp3,.mp3,2.324898,44100,2,60226,8fe603301d3dabdf686a490d38b1486db2c6f2d20d1c238edef298603079ef80,1,yue-Hant,sentence,,,,The site supplies no machine-readable lexical/Jyutping/tone text for this item; fields remain empty rather than inferred.
SA-00665,尾韻,尾韻,-p,,-p,,,,,,,,,,audio/finals/-p/final_p_sentence_002.mp3,https://app.speakalongcuhk.com/assets/voices/-p/4-2.mp3,https://app.speakalongcuhk.com/assets/voices/-p/4-2.mp3,https://app.speakalongcuhk.com/tc/scontent/-p/sentence,sound:-p:sentence:2,4-2.mp3,mp3,.mp3,2.429388,44100,2,61787,00c530ee1aa7e23a588cf2cc95f0653e29f88e3c67ccf4259e8ec7b310faacc2,1,yue-Hant,sentence,,,,The site supplies no machine-readable lexical/Jyutping/tone text for this item; fields remain empty rather than inferred.
SA-00666,尾韻,尾韻,-p,,-p,,,,,,,,,,audio/finals/-p/final_p_sentence_003.mp3,https://app.speakalongcuhk.com/assets/voices/-p/4-3.mp3,https://app.speakalongcuhk.com/assets/voices/-p/4-3.mp3,https://app.speakalongcuhk.com/tc/scontent/-p/sentence,sound:-p:sentence:3,4-3.mp3,mp3,.mp3,1.880816,44100,2,52135,02b7bf48838aa3de0b113b6c57c4066ed7a44df1a2b681e15c399582bf0dee22,1,yue-Hant,sentence,,,,The site supplies no machine-readable lexical/Jyutping/tone text for this item; fields remain empty rather than inferred.
SA-00667,尾韻,尾韻,-p,,-p,,,,,,,,,,audio/finals/-p/final_p_sentence_004.mp3,https://app.speakalongcuhk.com/assets/voices/-p/4-4.mp3,https://app.speakalongcuhk.com/assets/voices/-p/4-4.mp3,https://app.speakalongcuhk.com/tc/scontent/-p/sentence,sound:-p:sentence:4,4-4.mp3,mp3,.mp3,1.802449,44100,2,44250,1c9b4e4aad70cb352bb6be7874e4c94c254a234075a57cd92e70a45a7b8497a1,1,yue-Hant,sentence,,,,The site supplies no machine-readable lexical/Jyutping/tone text for this item; fields remain empty rather than inferred.
SA-00668,尾韻,尾韻,-p,,-p,,,,,,,,,,audio/finals/-p/final_p_sentence_005.mp3,https://app.speakalongcuhk.com/assets/voices/-p/4-5.mp3,https://app.speakalongcuhk.com/assets/voices/-p/4-5.mp3,https://app.speakalongcuhk.com/tc/scontent/-p/sentence,sound:-p:sentence:5,4-5.mp3,mp3,.mp3,2.324898,44100,2,58136,f98a9fe8c07f06c045a3d929af6f64fa27fc266b0fe8f02c4dede5c35401ba34,1,yue-Hant,sentence,,,,The site supplies no machine-readable lexical/Jyutping/tone text for this item; fields remain empty rather than inferred.
SA-00669,尾韻,尾韻,-p,,-p,,,,,,,,,,audio/finals/-p/final_p_sentence_006.mp3,https://app.speakalongcuhk.com/assets/voices/-p/4-6.mp3,https://app.speakalongcuhk.com/assets/voices/-p/4-6.mp3,https://app.speakalongcuhk.com/tc/scontent/-p/sentence,sound:-p:sentence:6,4-6.mp3,mp3,.mp3,3.787755,44100,2,97748,b83f6743d59f053a214dae9c97b6120e0c8f28eb44e9c54826f635571133b3e2,1,yue-Hant,sentence,,,,The site supplies no machine-readable lexical/Jyutping/tone text for this item; fields remain empty rather than inferred.
SA-00670,尾韻,尾韻,-p,,-p,,,,,,,,,,audio/finals/-p/final_p_sentence_007.mp3,https://app.speakalongcuhk.com/assets/voices/-p/4-7.mp3,https://app.speakalongcuhk.com/assets/voices/-p/4-7.mp3,https://app.speakalongcuhk.com/tc/scontent/-p/sentence,sound:-p:sentence:7,4-7.mp3,mp3,.mp3,2.45551,44100,2,64403,82e7dcb14475442ee4452dc855dceccbf60d0e724887d4bee56b8840757cbec0,1,yue-Hant,sentence,,,,The site supplies no machine-readable lexical/Jyutping/tone text for this item; fields remain empty rather than inferred.
SA-00671,尾韻,尾韻,-p,,-p,,,,,,,,,,audio/finals/-p/final_p_sentence_008.mp3,https://app.speakalongcuhk.com/assets/voices/-p/4-8.mp3,https://app.speakalongcuhk.com/assets/voices/-p/4-8.mp3,https://app.speakalongcuhk.com/tc/scontent/-p/sentence,sound:-p:sentence:8,4-8.mp3,mp3,.mp3,3.813878,44100,2,91321,4935392c11a466e05ba900a5f92ab8b7b918bb69380435551cb7e18d1a789fa1,1,yue-Hant,sentence,,,,The site supplies no machine-readable lexical/Jyutping/tone text for this item; fields remain empty rather than inferred.
SA-00672,尾韻,尾韻,-p,,-p,,,,,,,,,,audio/finals/-p/final_p_sentence_009.mp3,https://app.speakalongcuhk.com/assets/voices/-p/4-9.mp3,https://app.speakalongcuhk.com/assets/voices/-p/4-9.mp3,https://app.speakalongcuhk.com/tc/scontent/-p/sentence,sound:-p:sentence:9,4-9.mp3,mp3,.mp3,3.683265,44100,2,96966,547a149ef7e666c32bcee2594940d5771d4e0589c6454772ea83d6975e655bce,1,yue-Hant,sentence,,,,The site supplies no machine-readable lexical/Jyutping/tone text for this item; fields remain empty rather than inferred.
SA-00673,尾韻,尾韻,-p,,-p,,,,,,,,,,audio/finals/-p/final_p_sentence_010.mp3,https://app.speakalongcuhk.com/assets/voices/-p/4-10.mp3,https://app.speakalongcuhk.com/assets/voices/-p/4-10.mp3,https://app.speakalongcuhk.com/tc/scontent/-p/sentence,sound:-p:sentence:10,4-10.mp3,mp3,.mp3,2.821224,44100,2,73792,1820d72af5dd1588f39e5a9be4e43a1e793dfab25ee6a093064787c876d32c08,1,yue-Hant,sentence,,,,The site supplies no machine-readable lexical/Jyutping/tone text for this item; fields remain empty rather than inferred.
SA-00674,尾韻,尾韻,-p,,-p,,,,,,,,,,audio/finals/-p/final_p_story_001.mp3,https://app.speakalongcuhk.com/assets/voices/-p/5-1.mp3,https://app.speakalongcuhk.com/assets/voices/-p/5-1.mp3,https://app.speakalongcuhk.com/tc/scontent/-p/story,sound:-p:story:1,5-1.mp3,mp3,.mp3,1.828571,44100,2,46549,235611caede76da5f23d84bcb5a52f9b441b6d1e9da01264eac5905bdb648fde,1,yue-Hant,story,,,,The site supplies no machine-readable lexical/Jyutping/tone text for this item; fields remain empty rather than inferred.
SA-00675,尾韻,尾韻,-p,,-p,,,,,,,,,,audio/finals/-p/final_p_story_002.mp3,https://app.speakalongcuhk.com/assets/voices/-p/5-2.mp3,https://app.speakalongcuhk.com/assets/voices/-p/5-2.mp3,https://app.speakalongcuhk.com/tc/scontent/-p/story,sound:-p:story:2,5-2.mp3,mp3,.mp3,3.84,44100,2,99753,affcb4d6db3f3829c15ef457daca432d3cc466f5e8ade21c649adcf49d5d560a,1,yue-Hant,story,,,,The site supplies no machine-readable lexical/Jyutping/tone text for this item; fields remain empty rather than inferred.
SA-00676,尾韻,尾韻,-p,,-p,,,,,,,,,,audio/finals/-p/final_p_story_003.mp3,https://app.speakalongcuhk.com/assets/voices/-p/5-3.mp3,https://app.speakalongcuhk.com/assets/voices/-p/5-3.mp3,https://app.speakalongcuhk.com/tc/scontent/-p/story,sound:-p:story:3,5-3.mp3,mp3,.mp3,3.866122,44100,2,96753,453cecee24a83e149bb1870b62aebe0f3d0ef9538e582d0dfc954d16b0efc679,1,yue-Hant,story,,,,The site supplies no machine-readable lexical/Jyutping/tone text for this item; fields remain empty rather than inferred.
SA-00677,尾韻,尾韻,-p,,-p,,,,,,,,,,audio/finals/-p/final_p_story_004.mp3,https://app.speakalongcuhk.com/assets/voices/-p/5-4.mp3,https://app.speakalongcuhk.com/assets/voices/-p/5-4.mp3,https://app.speakalongcuhk.com/tc/scontent/-p/story,sound:-p:story:4,5-4.mp3,mp3,.mp3,6.896327,44100,2,180102,fba58a9c9aad19d83a7a1bd83ffe99ee9ded0c364257f364ada50f9d71428677,1,yue-Hant,story,,,,The site supplies no machine-readable lexical/Jyutping/tone text for this item; fields remain empty rather than inferred.
SA-00678,尾韻,尾韻,-p,,-p,,,,,,,,,,audio/finals/-p/final_p_story_005.mp3,https://app.speakalongcuhk.com/assets/voices/-p/5-5.mp3,https://app.speakalongcuhk.com/assets/voices/-p/5-5.mp3,https://app.speakalongcuhk.com/tc/scontent/-p/story,sound:-p:story:5,5-5.mp3,mp3,.mp3,3.918367,44100,2,95808,d30ec6584071b2ffc022bbdf38838de8342dcbb9b55db6a5867f9818476fdbec,1,yue-Hant,story,,,,The site supplies no machine-readable lexical/Jyutping/tone text for this item; fields remain empty rather than inferred.
SA-00679,尾韻,尾韻,-t,,-t,,,,,八,,,,,audio/finals/-t/final_t_001.mp3,https://app.speakalongcuhk.com/assets/voices/-t/1-1.mp3,https://app.speakalongcuhk.com/assets/voices/-t/1-1.mp3,https://app.speakalongcuhk.com/tc/scontent/-t/single,sound:-t:single:1,1-1.mp3,mp3,.mp3,1.07102,44100,2,17372,026a859c00343642e1c4d5d22ed9f1345c8eed2feeb0fcff9f58ee44e5a3ac7b,1,yue-Hant,single,,,,Lexical label is human-curated from source artwork/category; it is not textual metadata supplied by the site.
SA-00680,尾韻,尾韻,-t,,-t,,,,,一,,,,,audio/finals/-t/final_t_002.mp3,https://app.speakalongcuhk.com/assets/voices/-t/1-2.mp3,https://app.speakalongcuhk.com/assets/voices/-t/1-2.mp3,https://app.speakalongcuhk.com/tc/scontent/-t/single,sound:-t:single:2,1-2.mp3,mp3,.mp3,1.07102,44100,2,20243,c3075735000ba83d8beb1ee793bb34793c6c953b0200b29a981a402ed4fab409,1,yue-Hant,single,,,,Lexical label is human-curated from source artwork/category; it is not textual metadata supplied by the site.
SA-00681,尾韻,尾韻,-t,,-t,,,,,筆,,,,,audio/finals/-t/final_t_003.mp3,https://app.speakalongcuhk.com/assets/voices/-t/1-3.mp3,https://app.speakalongcuhk.com/assets/voices/-t/1-3.mp3,https://app.speakalongcuhk.com/tc/scontent/-t/single,sound:-t:single:3,1-3.mp3,mp3,.mp3,1.07102,44100,2,19356,ff4b3205f3fc8e45e68acef0db8f8018d00451e89b6868a3dabc8f091323eb1a,1,yue-Hant,single,,,,Lexical label is human-curated from source artwork/category; it is not textual metadata supplied by the site.
SA-00682,尾韻,尾韻,-t,,-t,,,,,咳,,,,,audio/finals/-t/final_t_004.mp3,https://app.speakalongcuhk.com/assets/voices/-t/1-4.mp3,https://app.speakalongcuhk.com/assets/voices/-t/1-4.mp3,https://app.speakalongcuhk.com/tc/scontent/-t/single,sound:-t:single:4,1-4.mp3,mp3,.mp3,1.07102,44100,2,20401,090ffd551171682e5e98b87c205ac154e2e4e210f8fe343fcf61eaceedace96b,1,yue-Hant,single,,,,Lexical label is human-curated from source artwork/category; it is not textual metadata supplied by the site.
SA-00683,尾韻,尾韻,-t,,-t,,,,,襪,,,,,audio/finals/-t/final_t_005.mp3,https://app.speakalongcuhk.com/assets/voices/-t/1-5.mp3,https://app.speakalongcuhk.com/assets/voices/-t/1-5.mp3,https://app.speakalongcuhk.com/tc/scontent/-t/single,sound:-t:single:5,1-5.mp3,mp3,.mp3,1.123265,44100,2,20972,7c6d5fb98d89dea2cec58d290ca34c05cbad2add079966511daaa45d404b59e1,1,yue-Hant,single,,,,Lexical label is human-curated from source artwork/category; it is not textual metadata supplied by the site.
SA-00684,尾韻,尾韻,-t,,-t,,,,,掘,,,,,audio/finals/-t/final_t_006.mp3,https://app.speakalongcuhk.com/assets/voices/-t/1-6.mp3,https://app.speakalongcuhk.com/assets/voices/-t/1-6.mp3,https://app.speakalongcuhk.com/tc/scontent/-t/single,sound:-t:single:6,1-6.mp3,mp3,.mp3,1.044898,44100,2,14812,3085db42b3dda3e934ac7066a7a50f8c712450fe948c7ca5ba8bacda54819eb5,1,yue-Hant,single,,,,Lexical label is human-curated from source artwork/category; it is not textual metadata supplied by the site.
SA-00685,尾韻,尾韻,-t,,-t,,,,,切,,,,,audio/finals/-t/final_t_007.mp3,https://app.speakalongcuhk.com/assets/voices/-t/1-7.mp3,https://app.speakalongcuhk.com/assets/voices/-t/1-7.mp3,https://app.speakalongcuhk.com/tc/scontent/-t/single,sound:-t:single:7,1-7.mp3,mp3,.mp3,1.07102,44100,2,20766,b8a2b17a5e1aae1af25dc735ee84d6285d6e586ba1b752d92a04c373e70bcc5e,1,yue-Hant,single,,,,Lexical label is human-curated from source artwork/category; it is not textual metadata supplied by the site.
SA-00686,尾韻,尾韻,-t,,-t,,,,,熱,,,,,audio/finals/-t/final_t_008.mp3,https://app.speakalongcuhk.com/assets/voices/-t/1-8.mp3,https://app.speakalongcuhk.com/assets/voices/-t/1-8.mp3,https://app.speakalongcuhk.com/tc/scontent/-t/single,sound:-t:single:8,1-8.mp3,mp3,.mp3,1.07102,44100,2,21081,1c606e1b4ae41653f57ad228298547e724456eed6ac949700badaa80184f18bc,1,yue-Hant,single,,,,Lexical label is human-curated from source artwork/category; it is not textual metadata supplied by the site.
SA-00687,尾韻,尾韻,-t,,-t,,,,,跌,,,,,audio/finals/-t/final_t_009.mp3,https://app.speakalongcuhk.com/assets/voices/-t/1-9.mp3,https://app.speakalongcuhk.com/assets/voices/-t/1-9.mp3,https://app.speakalongcuhk.com/tc/scontent/-t/single,sound:-t:single:9,1-9.mp3,mp3,.mp3,1.07102,44100,2,17007,09f820476e7947f10dfe2b2596f4322f8e04cce06a413d754aa924faaadae01a,1,yue-Hant,single,,,,Lexical label is human-curated from source artwork/category; it is not textual metadata supplied by the site.
SA-00688,尾韻,尾韻,-t,,-t,,,,,雪,,,,,audio/finals/-t/final_t_010.mp3,https://app.speakalongcuhk.com/assets/voices/-t/1-10.mp3,https://app.speakalongcuhk.com/assets/voices/-t/1-10.mp3,https://app.speakalongcuhk.com/tc/scontent/-t/single,sound:-t:single:10,1-10.mp3,mp3,.mp3,1.044898,44100,2,27869,29c5bc0631c188da52999d64d17d98d115c3ba939100677a783338719bbe2be4,1,yue-Hant,single,,,,Lexical label is human-curated from source artwork/category; it is not textual metadata supplied by the site.
SA-00689,尾韻,尾韻,-t,,-t,,,,,,,,,,audio/finals/-t/final_t_word_001.mp3,https://app.speakalongcuhk.com/assets/voices/-t/2-1.mp3,https://app.speakalongcuhk.com/assets/voices/-t/2-1.mp3,https://app.speakalongcuhk.com/tc/scontent/-t/word,sound:-t:word:1,2-1.mp3,mp3,.mp3,1.123265,44100,2,29902,cfd9aeaa9b5e7481526629e2142a84b1c8c6b44fc47a431b3ac2a366c39b7161,1,yue-Hant,word,,,,The site supplies no machine-readable lexical/Jyutping/tone text for this item; fields remain empty rather than inferred.
SA-00690,尾韻,尾韻,-t,,-t,,,,,,,,,,audio/finals/-t/final_t_word_002.mp3,https://app.speakalongcuhk.com/assets/voices/-t/2-2.mp3,https://app.speakalongcuhk.com/assets/voices/-t/2-2.mp3,https://app.speakalongcuhk.com/tc/scontent/-t/word,sound:-t:word:2,2-2.mp3,mp3,.mp3,1.332245,44100,2,34551,0be86a45e8be419eaec366cfe96b49a52f9adeb0460679dfcba23e15ac66d293,1,yue-Hant,word,,,,The site supplies no machine-readable lexical/Jyutping/tone text for this item; fields remain empty rather than inferred.
SA-00691,尾韻,尾韻,-t,,-t,,,,,,,,,,audio/finals/-t/final_t_word_003.mp3,https://app.speakalongcuhk.com/assets/voices/-t/2-3.mp3,https://app.speakalongcuhk.com/assets/voices/-t/2-3.mp3,https://app.speakalongcuhk.com/tc/scontent/-t/word,sound:-t:word:3,2-3.mp3,mp3,.mp3,1.201633,44100,2,28913,7f675f4008fc14b2a7cd877ef6fec3c58392241c978015f8d7361fa0b8d72150,1,yue-Hant,word,,,,The site supplies no machine-readable lexical/Jyutping/tone text for this item; fields remain empty rather than inferred.
SA-00692,尾韻,尾韻,-t,,-t,,,,,,,,,,audio/finals/-t/final_t_word_004.mp3,https://app.speakalongcuhk.com/assets/voices/-t/2-4.mp3,https://app.speakalongcuhk.com/assets/voices/-t/2-4.mp3,https://app.speakalongcuhk.com/tc/scontent/-t/word,sound:-t:word:4,2-4.mp3,mp3,.mp3,1.38449,44100,2,35172,0ae98dddfc2bd942f582586f7ed229aad4df439ae7fe6c7b1107d7a07ab0eba1,1,yue-Hant,word,,,,The site supplies no machine-readable lexical/Jyutping/tone text for this item; fields remain empty rather than inferred.
SA-00693,尾韻,尾韻,-t,,-t,,,,,,,,,,audio/finals/-t/final_t_word_005.mp3,https://app.speakalongcuhk.com/assets/voices/-t/2-5.mp3,https://app.speakalongcuhk.com/assets/voices/-t/2-5.mp3,https://app.speakalongcuhk.com/tc/scontent/-t/word,sound:-t:word:5,2-5.mp3,mp3,.mp3,1.306122,44100,2,30583,3fb151f04e8bbd7e87a36e61faf301456f112c3c97df1939098e5a2d95a67b5d,1,yue-Hant,word,,,,The site supplies no machine-readable lexical/Jyutping/tone text for this item; fields remain empty rather than inferred.
SA-00694,尾韻,尾韻,-t,,-t,,,,,,,,,,audio/finals/-t/final_t_word_006.mp3,https://app.speakalongcuhk.com/assets/voices/-t/2-6.mp3,https://app.speakalongcuhk.com/assets/voices/-t/2-6.mp3,https://app.speakalongcuhk.com/tc/scontent/-t/word,sound:-t:word:6,2-6.mp3,mp3,.mp3,1.123265,44100,2,29434,dc1b7c89f0698e4f5918de8e80914664bb4832fa1d56e793f7b67f143562ce24,1,yue-Hant,word,,,,The site supplies no machine-readable lexical/Jyutping/tone text for this item; fields remain empty rather than inferred.
SA-00695,尾韻,尾韻,-t,,-t,,,,,,,,,,audio/finals/-t/final_t_word_007.mp3,https://app.speakalongcuhk.com/assets/voices/-t/2-7.mp3,https://app.speakalongcuhk.com/assets/voices/-t/2-7.mp3,https://app.speakalongcuhk.com/tc/scontent/-t/word,sound:-t:word:7,2-7.mp3,mp3,.mp3,1.097143,44100,2,28600,16b06a17d7a845fdbb990ffbc1c2f033335a525e0c7a32f027c7ab782d24d393,1,yue-Hant,word,,,,The site supplies no machine-readable lexical/Jyutping/tone text for this item; fields remain empty rather than inferred.
SA-00696,尾韻,尾韻,-t,,-t,,,,,,,,,,audio/finals/-t/final_t_word_008.mp3,https://app.speakalongcuhk.com/assets/voices/-t/2-8.mp3,https://app.speakalongcuhk.com/assets/voices/-t/2-8.mp3,https://app.speakalongcuhk.com/tc/scontent/-t/word,sound:-t:word:8,2-8.mp3,mp3,.mp3,1.123265,44100,2,26721,fddef0a492348ddea2591c936a9770f4b3bd5e9b24ec2c22517465ceaa68b475,1,yue-Hant,word,,,,The site supplies no machine-readable lexical/Jyutping/tone text for this item; fields remain empty rather than inferred.
SA-00697,尾韻,尾韻,-t,,-t,,,,,,,,,,audio/finals/-t/final_t_word_009.mp3,https://app.speakalongcuhk.com/assets/voices/-t/2-9.mp3,https://app.speakalongcuhk.com/assets/voices/-t/2-9.mp3,https://app.speakalongcuhk.com/tc/scontent/-t/word,sound:-t:word:9,2-9.mp3,mp3,.mp3,1.07102,44100,2,21132,351977dcba4f84752ae8fc1ac9d49ac71af3d2c09dbb5fcb3d72266526984dd2,1,yue-Hant,word,,,,The site supplies no machine-readable lexical/Jyutping/tone text for this item; fields remain empty rather than inferred.
SA-00698,尾韻,尾韻,-t,,-t,,,,,,,,,,audio/finals/-t/final_t_word_010.mp3,https://app.speakalongcuhk.com/assets/voices/-t/2-10.mp3,https://app.speakalongcuhk.com/assets/voices/-t/2-10.mp3,https://app.speakalongcuhk.com/tc/scontent/-t/word,sound:-t:word:10,2-10.mp3,mp3,.mp3,1.07102,44100,2,23899,4dd8241d81b460d709990c15e11fc639681fc6c2328d17697eb08844a6d8066e,1,yue-Hant,word,,,,The site supplies no machine-readable lexical/Jyutping/tone text for this item; fields remain empty rather than inferred.
SA-00699,尾韻,尾韻,-t,,-t,,,,,,,,,,audio/finals/-t/final_t_sentence_001.mp3,https://app.speakalongcuhk.com/assets/voices/-t/4-1.mp3,https://app.speakalongcuhk.com/assets/voices/-t/4-1.mp3,https://app.speakalongcuhk.com/tc/scontent/-t/sentence,sound:-t:sentence:1,4-1.mp3,mp3,.mp3,1.306122,44100,2,33426,a5aac6aca6352780d4aeefc045ed20ee6c15dad59a53da9e6de324945bea87e0,1,yue-Hant,sentence,,,,The site supplies no machine-readable lexical/Jyutping/tone text for this item; fields remain empty rather than inferred.
SA-00700,尾韻,尾韻,-t,,-t,,,,,,,,,,audio/finals/-t/final_t_sentence_002.mp3,https://app.speakalongcuhk.com/assets/voices/-t/4-2.mp3,https://app.speakalongcuhk.com/assets/voices/-t/4-2.mp3,https://app.speakalongcuhk.com/tc/scontent/-t/sentence,sound:-t:sentence:2,4-2.mp3,mp3,.mp3,1.619592,44100,2,42845,ec4db13a7a903850419aa18e0ff95dc44d58ee7448df223a85268dd748b77484,1,yue-Hant,sentence,,,,The site supplies no machine-readable lexical/Jyutping/tone text for this item; fields remain empty rather than inferred.
SA-00701,尾韻,尾韻,-t,,-t,,,,,,,,,,audio/finals/-t/final_t_sentence_003.mp3,https://app.speakalongcuhk.com/assets/voices/-t/4-3.mp3,https://app.speakalongcuhk.com/assets/voices/-t/4-3.mp3,https://app.speakalongcuhk.com/tc/scontent/-t/sentence,sound:-t:sentence:3,4-3.mp3,mp3,.mp3,1.776327,44100,2,49685,9a538bd34df81215c94bca4e839c3115ab40465c030a4d5521328d5b1ddb83af,1,yue-Hant,sentence,,,,The site supplies no machine-readable lexical/Jyutping/tone text for this item; fields remain empty rather than inferred.
SA-00702,尾韻,尾韻,-t,,-t,,,,,,,,,,audio/finals/-t/final_t_sentence_004.mp3,https://app.speakalongcuhk.com/assets/voices/-t/4-4.mp3,https://app.speakalongcuhk.com/assets/voices/-t/4-4.mp3,https://app.speakalongcuhk.com/tc/scontent/-t/sentence,sound:-t:sentence:4,4-4.mp3,mp3,.mp3,2.168163,44100,2,54900,f6e65e0dc270aaa952b609905bc029243d04a658d983593eb8158356f72c7542,1,yue-Hant,sentence,,,,The site supplies no machine-readable lexical/Jyutping/tone text for this item; fields remain empty rather than inferred.
SA-00703,尾韻,尾韻,-t,,-t,,,,,,,,,,audio/finals/-t/final_t_sentence_005.mp3,https://app.speakalongcuhk.com/assets/voices/-t/4-5.mp3,https://app.speakalongcuhk.com/assets/voices/-t/4-5.mp3,https://app.speakalongcuhk.com/tc/scontent/-t/sentence,sound:-t:sentence:5,4-5.mp3,mp3,.mp3,1.880816,44100,2,47806,c73694bf88bc35cc81ed9e0e460ccad74c527f208dec05f349ea938d16866671,1,yue-Hant,sentence,,,,The site supplies no machine-readable lexical/Jyutping/tone text for this item; fields remain empty rather than inferred.
SA-00704,尾韻,尾韻,-t,,-t,,,,,,,,,,audio/finals/-t/final_t_sentence_006.mp3,https://app.speakalongcuhk.com/assets/voices/-t/4-6.mp3,https://app.speakalongcuhk.com/assets/voices/-t/4-6.mp3,https://app.speakalongcuhk.com/tc/scontent/-t/sentence,sound:-t:sentence:6,4-6.mp3,mp3,.mp3,2.298776,44100,2,60905,e153fb21f3b92fc2ccac7aa3f26eb30eeb6939cec873d41af112a6ad4944ea6c,1,yue-Hant,sentence,,,,The site supplies no machine-readable lexical/Jyutping/tone text for this item; fields remain empty rather than inferred.
SA-00705,尾韻,尾韻,-t,,-t,,,,,,,,,,audio/finals/-t/final_t_sentence_007.mp3,https://app.speakalongcuhk.com/assets/voices/-t/4-7.mp3,https://app.speakalongcuhk.com/assets/voices/-t/4-7.mp3,https://app.speakalongcuhk.com/tc/scontent/-t/sentence,sound:-t:sentence:7,4-7.mp3,mp3,.mp3,2.194286,44100,2,54013,20348c03eff4c1b75e38c944f6b020e126b4c69c8e7257629d403737bb9e935f,1,yue-Hant,sentence,,,,The site supplies no machine-readable lexical/Jyutping/tone text for this item; fields remain empty rather than inferred.
SA-00706,尾韻,尾韻,-t,,-t,,,,,,,,,,audio/finals/-t/final_t_sentence_008.mp3,https://app.speakalongcuhk.com/assets/voices/-t/4-8.mp3,https://app.speakalongcuhk.com/assets/voices/-t/4-8.mp3,https://app.speakalongcuhk.com/tc/scontent/-t/sentence,sound:-t:sentence:8,4-8.mp3,mp3,.mp3,2.45551,44100,2,62206,27b6a0472162d2cebbd13374927ece818c936fb94b7054b609dcb1a6d9794b03,1,yue-Hant,sentence,,,,The site supplies no machine-readable lexical/Jyutping/tone text for this item; fields remain empty rather than inferred.
SA-00707,尾韻,尾韻,-t,,-t,,,,,,,,,,audio/finals/-t/final_t_sentence_009.mp3,https://app.speakalongcuhk.com/assets/voices/-t/4-9.mp3,https://app.speakalongcuhk.com/assets/voices/-t/4-9.mp3,https://app.speakalongcuhk.com/tc/scontent/-t/sentence,sound:-t:sentence:9,4-9.mp3,mp3,.mp3,2.76898,44100,2,72437,163f3abb1d8c333e693297e0828494dfabf0cfab22311d47d70c66a1f69d513b,1,yue-Hant,sentence,,,,The site supplies no machine-readable lexical/Jyutping/tone text for this item; fields remain empty rather than inferred.
SA-00708,尾韻,尾韻,-t,,-t,,,,,,,,,,audio/finals/-t/final_t_sentence_010.mp3,https://app.speakalongcuhk.com/assets/voices/-t/4-10.mp3,https://app.speakalongcuhk.com/assets/voices/-t/4-10.mp3,https://app.speakalongcuhk.com/tc/scontent/-t/sentence,sound:-t:sentence:10,4-10.mp3,mp3,.mp3,3.578776,44100,2,92366,6d456a0596a1a7190606e11b2067c20f70c788157e25f062ff1bbb26e961b181,1,yue-Hant,sentence,,,,The site supplies no machine-readable lexical/Jyutping/tone text for this item; fields remain empty rather than inferred.
SA-00709,尾韻,尾韻,-t,,-t,,,,,,,,,,audio/finals/-t/final_t_story_001.mp3,https://app.speakalongcuhk.com/assets/voices/-t/5-1.mp3,https://app.speakalongcuhk.com/assets/voices/-t/5-1.mp3,https://app.speakalongcuhk.com/tc/scontent/-t/story,sound:-t:story:1,5-1.mp3,mp3,.mp3,3.160816,44100,2,85171,5cbd6569775a29ca1a554d5e8e8240a9e9486ee7c4ed6ee1c36d6e19e7bc7151,1,yue-Hant,story,,,,The site supplies no machine-readable lexical/Jyutping/tone text for this item; fields remain empty rather than inferred.
SA-00710,尾韻,尾韻,-t,,-t,,,,,,,,,,audio/finals/-t/final_t_story_002.mp3,https://app.speakalongcuhk.com/assets/voices/-t/5-2.mp3,https://app.speakalongcuhk.com/assets/voices/-t/5-2.mp3,https://app.speakalongcuhk.com/tc/scontent/-t/story,sound:-t:story:2,5-2.mp3,mp3,.mp3,2.45551,44100,2,64091,e06e0c5f1edc4a9f6824ac7d75d46eb680cda810609d722fb4226ec799043fe6,1,yue-Hant,story,,,,The site supplies no machine-readable lexical/Jyutping/tone text for this item; fields remain empty rather than inferred.
SA-00711,尾韻,尾韻,-t,,-t,,,,,,,,,,audio/finals/-t/final_t_story_003.mp3,https://app.speakalongcuhk.com/assets/voices/-t/5-3.mp3,https://app.speakalongcuhk.com/assets/voices/-t/5-3.mp3,https://app.speakalongcuhk.com/tc/scontent/-t/story,sound:-t:story:3,5-3.mp3,mp3,.mp3,2.481633,44100,2,61792,fb8551e64e08ec32b0d76fe23a118c7d68e18534924a9c9a0ac0c079dc57b473,1,yue-Hant,story,,,,The site supplies no machine-readable lexical/Jyutping/tone text for this item; fields remain empty rather than inferred.
SA-00712,尾韻,尾韻,-t,,-t,,,,,,,,,,audio/finals/-t/final_t_story_004.mp3,https://app.speakalongcuhk.com/assets/voices/-t/5-4.mp3,https://app.speakalongcuhk.com/assets/voices/-t/5-4.mp3,https://app.speakalongcuhk.com/tc/scontent/-t/story,sound:-t:story:4,5-4.mp3,mp3,.mp3,3.108571,44100,2,74108,28ab8693b032c88cdf0516a4cfc0c4ffb37a8a1fc47fff2b240df52e130ecac5,1,yue-Hant,story,,,,The site supplies no machine-readable lexical/Jyutping/tone text for this item; fields remain empty rather than inferred.
SA-00713,尾韻,尾韻,-t,,-t,,,,,,,,,,audio/finals/-t/final_t_story_005.mp3,https://app.speakalongcuhk.com/assets/voices/-t/5-5.mp3,https://app.speakalongcuhk.com/assets/voices/-t/5-5.mp3,https://app.speakalongcuhk.com/tc/scontent/-t/story,sound:-t:story:5,5-5.mp3,mp3,.mp3,3.73551,44100,2,92791,970eba023c7d25ae0d803c26a93bf8a7b804065a409f7fe0882f5168430efbeb,1,yue-Hant,story,,,,The site supplies no machine-readable lexical/Jyutping/tone text for this item; fields remain empty rather than inferred.
SA-00714,尾韻,尾韻,-t,,-t,,,,,,,,,,audio/finals/-t/final_t_story_006.mp3,https://app.speakalongcuhk.com/assets/voices/-t/5-6.mp3,https://app.speakalongcuhk.com/assets/voices/-t/5-6.mp3,https://app.speakalongcuhk.com/tc/scontent/-t/story,sound:-t:story:6,5-6.mp3,mp3,.mp3,2.899592,44100,2,71389,9c50447ad99469c5b99d6ff8a8e49b184da883fee3641ff758326ee74ffc29f7,1,yue-Hant,story,,,,The site supplies no machine-readable lexical/Jyutping/tone text for this item; fields remain empty rather than inferred.
SA-00715,尾韻,尾韻,-k,,-k,,,,,壁,,,,,audio/finals/-k/final_k_001.mp3,https://app.speakalongcuhk.com/assets/voices/-k/1-1.mp3,https://app.speakalongcuhk.com/assets/voices/-k/1-1.mp3,https://app.speakalongcuhk.com/tc/scontent/-k/single,sound:-k:single:1,1-1.mp3,mp3,.mp3,1.07102,44100,2,17424,e3b7b33fbea058d6c1ccee8ae358725d9410d0cb29cadfb22745866c7bccf339,1,yue-Hant,single,,,,Lexical label is human-curated from source artwork/category; it is not textual metadata supplied by the site.
SA-00716,尾韻,尾韻,-k,,-k,,,,,賊,,,,,audio/finals/-k/final_k_002.mp3,https://app.speakalongcuhk.com/assets/voices/-k/1-2.mp3,https://app.speakalongcuhk.com/assets/voices/-k/1-2.mp3,https://app.speakalongcuhk.com/tc/scontent/-k/single,sound:-k:single:2,1-2.mp3,mp3,.mp3,1.07102,44100,2,20035,3978819bf8ae037ba13da3500c92f064feedcaabbacb884bc818cdb7697c0ee2,1,yue-Hant,single,,,,Lexical label is human-curated from source artwork/category; it is not textual metadata supplied by the site.
SA-00717,尾韻,尾韻,-k,,-k,,,,,食,,,,,audio/finals/-k/final_k_003.mp3,https://app.speakalongcuhk.com/assets/voices/-k/1-3.mp3,https://app.speakalongcuhk.com/assets/voices/-k/1-3.mp3,https://app.speakalongcuhk.com/tc/scontent/-k/single,sound:-k:single:3,1-3.mp3,mp3,.mp3,1.07102,44100,2,19512,cd405fcec33067b8cc8c1d000981c0486f5c962ce7d93d2b3adb25f20d79e65c,1,yue-Hant,single,,,,Lexical label is human-curated from source artwork/category; it is not textual metadata supplied by the site.
SA-00718,尾韻,尾韻,-k,,-k,,,,,曲,,,,,audio/finals/-k/final_k_004.mp3,https://app.speakalongcuhk.com/assets/voices/-k/1-4.mp3,https://app.speakalongcuhk.com/assets/voices/-k/1-4.mp3,https://app.speakalongcuhk.com/tc/scontent/-k/single,sound:-k:single:4,1-4.mp3,mp3,.mp3,1.07102,44100,2,17736,2805a465288b8e9c3039b09c26e7ce069fc7248844f4c0e9d6de28739d363d71,1,yue-Hant,single,,,,Lexical label is human-curated from source artwork/category; it is not textual metadata supplied by the site.
SA-00719,尾韻,尾韻,-k,,-k,,,,,鹿,,,,,audio/finals/-k/final_k_005.mp3,https://app.speakalongcuhk.com/assets/voices/-k/1-5.mp3,https://app.speakalongcuhk.com/assets/voices/-k/1-5.mp3,https://app.speakalongcuhk.com/tc/scontent/-k/single,sound:-k:single:5,1-5.mp3,mp3,.mp3,1.044898,44100,2,15754,eb41b3bcce7eeb73a570c31f06cbbe32fb483c564b9652d4581e96b7a6583b1e,1,yue-Hant,single,,,,Lexical label is human-curated from source artwork/category; it is not textual metadata supplied by the site.
SA-00720,尾韻,尾韻,-k,,-k,,,,,木,,,,,audio/finals/-k/final_k_006.mp3,https://app.speakalongcuhk.com/assets/voices/-k/1-6.mp3,https://app.speakalongcuhk.com/assets/voices/-k/1-6.mp3,https://app.speakalongcuhk.com/tc/scontent/-k/single,sound:-k:single:6,1-6.mp3,mp3,.mp3,1.07102,44100,2,14081,cd2ecb195a4207a8fab4366c63b721ab7890e19fc421a57fd75c5820c520047a,1,yue-Hant,single,,,,Lexical label is human-curated from source artwork/category; it is not textual metadata supplied by the site.
SA-00721,尾韻,尾韻,-k,,-k,,,,,竹,,,,,audio/finals/-k/final_k_007.mp3,https://app.speakalongcuhk.com/assets/voices/-k/1-7.mp3,https://app.speakalongcuhk.com/assets/voices/-k/1-7.mp3,https://app.speakalongcuhk.com/tc/scontent/-k/single,sound:-k:single:7,1-7.mp3,mp3,.mp3,1.07102,44100,2,16221,d99e6093fe25b88d43189d9e03f3d14a247161352cb69a75b39de4ebe3edef8d,1,yue-Hant,single,,,,Lexical label is human-curated from source artwork/category; it is not textual metadata supplied by the site.
SA-00722,尾韻,尾韻,-k,,-k,,,,,綠,,,,,audio/finals/-k/final_k_008.mp3,https://app.speakalongcuhk.com/assets/voices/-k/1-8.mp3,https://app.speakalongcuhk.com/assets/voices/-k/1-8.mp3,https://app.speakalongcuhk.com/tc/scontent/-k/single,sound:-k:single:8,1-8.mp3,mp3,.mp3,1.07102,44100,2,14342,1ec63e92a7151abd9dd1a2ef7a3a3f5c5c8405505f6ef164d7aed9fcb4760ad2,1,yue-Hant,single,,,,Lexical label is human-curated from source artwork/category; it is not textual metadata supplied by the site.
SA-00723,尾韻,尾韻,-k,,-k,,,,,錫,,,,,audio/finals/-k/final_k_009.mp3,https://app.speakalongcuhk.com/assets/voices/-k/1-9.mp3,https://app.speakalongcuhk.com/assets/voices/-k/1-9.mp3,https://app.speakalongcuhk.com/tc/scontent/-k/single,sound:-k:single:9,1-9.mp3,mp3,.mp3,1.07102,44100,2,22227,9c1afbdbef6969c10c1e009f20587cc29d55a5b2655e1275fce0687bbea33cdd,1,yue-Hant,single,,,,Lexical label is human-curated from source artwork/category; it is not textual metadata supplied by the site.
SA-00724,尾韻,尾韻,-k,,-k,,,,,腳,,,,,audio/finals/-k/final_k_010.mp3,https://app.speakalongcuhk.com/assets/voices/-k/1-10.mp3,https://app.speakalongcuhk.com/assets/voices/-k/1-10.mp3,https://app.speakalongcuhk.com/tc/scontent/-k/single,sound:-k:single:10,1-10.mp3,mp3,.mp3,1.07102,44100,2,17843,03eb38603319ac1b00a44bdeed6e72c4e5859b1a13fa9791f5268a3b57fbb7ca,1,yue-Hant,single,,,,Lexical label is human-curated from source artwork/category; it is not textual metadata supplied by the site.
SA-00725,尾韻,尾韻,-k,,-k,,,,,,,,,,audio/finals/-k/final_k_word_001.mp3,https://app.speakalongcuhk.com/assets/voices/-k/2-1.mp3,https://app.speakalongcuhk.com/assets/voices/-k/2-1.mp3,https://app.speakalongcuhk.com/tc/scontent/-k/word,sound:-k:word:1,2-1.mp3,mp3,.mp3,1.253878,44100,2,32253,d543a23bc4198abeafbaf79bfa9af1666ff6896795a4aaba1f2081a61ddd6005,1,yue-Hant,word,,,,The site supplies no machine-readable lexical/Jyutping/tone text for this item; fields remain empty rather than inferred.
SA-00726,尾韻,尾韻,-k,,-k,,,,,,,,,,audio/finals/-k/final_k_word_002.mp3,https://app.speakalongcuhk.com/assets/voices/-k/2-2.mp3,https://app.speakalongcuhk.com/assets/voices/-k/2-2.mp3,https://app.speakalongcuhk.com/tc/scontent/-k/word,sound:-k:word:2,2-2.mp3,mp3,.mp3,1.28,44100,2,28702,f215b018bb06e528f6955020acf93d3597df811e6911f98a7d0a7316c807263c,1,yue-Hant,word,,,,The site supplies no machine-readable lexical/Jyutping/tone text for this item; fields remain empty rather than inferred.
SA-00727,尾韻,尾韻,-k,,-k,,,,,,,,,,audio/finals/-k/final_k_word_003.mp3,https://app.speakalongcuhk.com/assets/voices/-k/2-3.mp3,https://app.speakalongcuhk.com/assets/voices/-k/2-3.mp3,https://app.speakalongcuhk.com/tc/scontent/-k/word,sound:-k:word:3,2-3.mp3,mp3,.mp3,1.07102,44100,2,20662,7e9d7640f9d8ea95202e0ae60577209d2af259534a9489f93229dd4fd3658227,1,yue-Hant,word,,,,The site supplies no machine-readable lexical/Jyutping/tone text for this item; fields remain empty rather than inferred.
SA-00728,尾韻,尾韻,-k,,-k,,,,,,,,,,audio/finals/-k/final_k_word_004.mp3,https://app.speakalongcuhk.com/assets/voices/-k/2-4.mp3,https://app.speakalongcuhk.com/assets/voices/-k/2-4.mp3,https://app.speakalongcuhk.com/tc/scontent/-k/word,sound:-k:word:4,2-4.mp3,mp3,.mp3,1.201633,44100,2,27870,aff0681c4285b37fcb12be7e86dfae3add8349e206c0cb3415979868c90e4985,1,yue-Hant,word,,,,The site supplies no machine-readable lexical/Jyutping/tone text for this item; fields remain empty rather than inferred.
SA-00729,尾韻,尾韻,-k,,-k,,,,,,,,,,audio/finals/-k/final_k_word_005.mp3,https://app.speakalongcuhk.com/assets/voices/-k/2-5.mp3,https://app.speakalongcuhk.com/assets/voices/-k/2-5.mp3,https://app.speakalongcuhk.com/tc/scontent/-k/word,sound:-k:word:5,2-5.mp3,mp3,.mp3,1.07102,44100,2,26669,94ccfc8d350f186da527f7cd2f7cf47aaaca0cd7263c275845390fa493f5f669,1,yue-Hant,word,,,,The site supplies no machine-readable lexical/Jyutping/tone text for this item; fields remain empty rather than inferred.
SA-00730,尾韻,尾韻,-k,,-k,,,,,,,,,,audio/finals/-k/final_k_word_006.mp3,https://app.speakalongcuhk.com/assets/voices/-k/2-6.mp3,https://app.speakalongcuhk.com/assets/voices/-k/2-6.mp3,https://app.speakalongcuhk.com/tc/scontent/-k/word,sound:-k:word:6,2-6.mp3,mp3,.mp3,1.17551,44100,2,31941,f0b8bc62c133b6e4214caa4f8d8105e82c34f9fdc177623d9c320e3900ad6802,1,yue-Hant,word,,,,The site supplies no machine-readable lexical/Jyutping/tone text for this item; fields remain empty rather than inferred.
SA-00731,尾韻,尾韻,-k,,-k,,,,,,,,,,audio/finals/-k/final_k_word_007.mp3,https://app.speakalongcuhk.com/assets/voices/-k/2-7.mp3,https://app.speakalongcuhk.com/assets/voices/-k/2-7.mp3,https://app.speakalongcuhk.com/tc/scontent/-k/word,sound:-k:word:7,2-7.mp3,mp3,.mp3,1.07102,44100,2,27294,6ae72b2e9982e4a22f4176b3e382fbcafdcfa02a680f9bc191de139c81a5e3a7,1,yue-Hant,word,,,,The site supplies no machine-readable lexical/Jyutping/tone text for this item; fields remain empty rather than inferred.
SA-00732,尾韻,尾韻,-k,,-k,,,,,,,,,,audio/finals/-k/final_k_word_008.mp3,https://app.speakalongcuhk.com/assets/voices/-k/2-8.mp3,https://app.speakalongcuhk.com/assets/voices/-k/2-8.mp3,https://app.speakalongcuhk.com/tc/scontent/-k/word,sound:-k:word:8,2-8.mp3,mp3,.mp3,1.306122,44100,2,32773,8f7f3cd6e4ce9e0c508ebfc2bd24f03afce1dbc11f6ec9c9fc5356a3a730ab7a,1,yue-Hant,word,,,,The site supplies no machine-readable lexical/Jyutping/tone text for this item; fields remain empty rather than inferred.
SA-00733,尾韻,尾韻,-k,,-k,,,,,,,,,,audio/finals/-k/final_k_word_009.mp3,https://app.speakalongcuhk.com/assets/voices/-k/2-9.mp3,https://app.speakalongcuhk.com/assets/voices/-k/2-9.mp3,https://app.speakalongcuhk.com/tc/scontent/-k/word,sound:-k:word:9,2-9.mp3,mp3,.mp3,1.044898,44100,2,27554,d260f46f467f9e7d8a77c730642b3a9f9d181e9b54ebe3810de6fdca595b8755,1,yue-Hant,word,,,,The site supplies no machine-readable lexical/Jyutping/tone text for this item; fields remain empty rather than inferred.
SA-00734,尾韻,尾韻,-k,,-k,,,,,,,,,,audio/finals/-k/final_k_word_010.mp3,https://app.speakalongcuhk.com/assets/voices/-k/2-10.mp3,https://app.speakalongcuhk.com/assets/voices/-k/2-10.mp3,https://app.speakalongcuhk.com/tc/scontent/-k/word,sound:-k:word:10,2-10.mp3,mp3,.mp3,1.306122,44100,2,33921,e85b34a73d4ec4916c88ae2a974bf7f883e86510a0f44050cea6dcf8f2d7f7ea,1,yue-Hant,word,,,,The site supplies no machine-readable lexical/Jyutping/tone text for this item; fields remain empty rather than inferred.
SA-00735,尾韻,尾韻,-k,,-k,,,,,,,,,,audio/finals/-k/final_k_sentence_001.mp3,https://app.speakalongcuhk.com/assets/voices/-k/4-1.mp3,https://app.speakalongcuhk.com/assets/voices/-k/4-1.mp3,https://app.speakalongcuhk.com/tc/scontent/-k/sentence,sound:-k:sentence:1,4-1.mp3,mp3,.mp3,1.227755,44100,2,32252,c8a4d7c0889c5f0aaa62ba8b21379eca2e5f190fcc4ec111fa895f9b49e51726,1,yue-Hant,sentence,,,,The site supplies no machine-readable lexical/Jyutping/tone text for this item; fields remain empty rather than inferred.
SA-00736,尾韻,尾韻,-k,,-k,,,,,,,,,,audio/finals/-k/final_k_sentence_002.mp3,https://app.speakalongcuhk.com/assets/voices/-k/4-2.mp3,https://app.speakalongcuhk.com/assets/voices/-k/4-2.mp3,https://app.speakalongcuhk.com/tc/scontent/-k/sentence,sound:-k:sentence:2,4-2.mp3,mp3,.mp3,2.115918,44100,2,56363,d58e26434cabfa926a2d7c90561dc532322dbfa5ba48e9a0e1c0a17284b1f8cc,1,yue-Hant,sentence,,,,The site supplies no machine-readable lexical/Jyutping/tone text for this item; fields remain empty rather than inferred.
SA-00737,尾韻,尾韻,-k,,-k,,,,,,,,,,audio/finals/-k/final_k_sentence_003.mp3,https://app.speakalongcuhk.com/assets/voices/-k/4-3.mp3,https://app.speakalongcuhk.com/assets/voices/-k/4-3.mp3,https://app.speakalongcuhk.com/tc/scontent/-k/sentence,sound:-k:sentence:3,4-3.mp3,mp3,.mp3,1.906939,44100,2,55689,8a1f62dd00f304644095f6cc23a60f0cd4bb09deca7136be99ece60beaacb2af,1,yue-Hant,sentence,,,,The site supplies no machine-readable lexical/Jyutping/tone text for this item; fields remain empty rather than inferred.
SA-00738,尾韻,尾韻,-k,,-k,,,,,,,,,,audio/finals/-k/final_k_sentence_004.mp3,https://app.speakalongcuhk.com/assets/voices/-k/4-4.mp3,https://app.speakalongcuhk.com/assets/voices/-k/4-4.mp3,https://app.speakalongcuhk.com/tc/scontent/-k/sentence,sound:-k:sentence:4,4-4.mp3,mp3,.mp3,1.880816,44100,2,49214,2507d611f1a2b4c5bbca8ae16500f433f08c02341ecf3f774b1d640ee298bfd3,1,yue-Hant,sentence,,,,The site supplies no machine-readable lexical/Jyutping/tone text for this item; fields remain empty rather than inferred.
SA-00739,尾韻,尾韻,-k,,-k,,,,,,,,,,audio/finals/-k/final_k_sentence_005.mp3,https://app.speakalongcuhk.com/assets/voices/-k/4-5.mp3,https://app.speakalongcuhk.com/assets/voices/-k/4-5.mp3,https://app.speakalongcuhk.com/tc/scontent/-k/sentence,sound:-k:sentence:5,4-5.mp3,mp3,.mp3,2.481633,44100,2,62313,ebfcdb02ce864049be2fd79c0e14f83a4f4917e6e5b991f2645460bc50ff3be7,1,yue-Hant,sentence,,,,The site supplies no machine-readable lexical/Jyutping/tone text for this item; fields remain empty rather than inferred.
SA-00740,尾韻,尾韻,-k,,-k,,,,,,,,,,audio/finals/-k/final_k_sentence_006.mp3,https://app.speakalongcuhk.com/assets/voices/-k/4-6.mp3,https://app.speakalongcuhk.com/assets/voices/-k/4-6.mp3,https://app.speakalongcuhk.com/tc/scontent/-k/sentence,sound:-k:sentence:6,4-6.mp3,mp3,.mp3,2.56,44100,2,65026,df9aa2301b46aad7f7372ae9407be5f54b6f719dce01b95697ea1d7f02a3c72f,1,yue-Hant,sentence,,,,The site supplies no machine-readable lexical/Jyutping/tone text for this item; fields remain empty rather than inferred.
SA-00741,尾韻,尾韻,-k,,-k,,,,,,,,,,audio/finals/-k/final_k_sentence_007.mp3,https://app.speakalongcuhk.com/assets/voices/-k/4-7.mp3,https://app.speakalongcuhk.com/assets/voices/-k/4-7.mp3,https://app.speakalongcuhk.com/tc/scontent/-k/sentence,sound:-k:sentence:7,4-7.mp3,mp3,.mp3,1.933061,44100,2,50622,694a061a6d7a709c464b1dd0e4107b0bfefd51bb6b3e17acfe635445fbec844b,1,yue-Hant,sentence,,,,The site supplies no machine-readable lexical/Jyutping/tone text for this item; fields remain empty rather than inferred.
SA-00742,尾韻,尾韻,-k,,-k,,,,,,,,,,audio/finals/-k/final_k_sentence_008.mp3,https://app.speakalongcuhk.com/assets/voices/-k/4-8.mp3,https://app.speakalongcuhk.com/assets/voices/-k/4-8.mp3,https://app.speakalongcuhk.com/tc/scontent/-k/sentence,sound:-k:sentence:8,4-8.mp3,mp3,.mp3,2.612245,44100,2,67638,c1fd4222f14b1f0f17184c6ca079ede156eb77bbabb0ae9dc02bd517509abac3,1,yue-Hant,sentence,,,,The site supplies no machine-readable lexical/Jyutping/tone text for this item; fields remain empty rather than inferred.
SA-00743,尾韻,尾韻,-k,,-k,,,,,,,,,,audio/finals/-k/final_k_sentence_009.mp3,https://app.speakalongcuhk.com/assets/voices/-k/4-9.mp3,https://app.speakalongcuhk.com/assets/voices/-k/4-9.mp3,https://app.speakalongcuhk.com/tc/scontent/-k/sentence,sound:-k:sentence:9,4-9.mp3,mp3,.mp3,2.795102,44100,2,73376,fe84056fe6db93273739cdf64369be94200e14cd1618bb8ee11f4edba0251363,1,yue-Hant,sentence,,,,The site supplies no machine-readable lexical/Jyutping/tone text for this item; fields remain empty rather than inferred.
SA-00744,尾韻,尾韻,-k,,-k,,,,,,,,,,audio/finals/-k/final_k_sentence_010.mp3,https://app.speakalongcuhk.com/assets/voices/-k/4-10.mp3,https://app.speakalongcuhk.com/assets/voices/-k/4-10.mp3,https://app.speakalongcuhk.com/tc/scontent/-k/sentence,sound:-k:sentence:10,4-10.mp3,mp3,.mp3,3.291429,44100,2,82873,e921d82fbce23910413b1d1f4d03d575cb825dc6e27e8594aea75db5a493fd90,1,yue-Hant,sentence,,,,The site supplies no machine-readable lexical/Jyutping/tone text for this item; fields remain empty rather than inferred.
SA-00745,尾韻,尾韻,-k,,-k,,,,,,,,,,audio/finals/-k/final_k_story_001.mp3,https://app.speakalongcuhk.com/assets/voices/-k/5-1.mp3,https://app.speakalongcuhk.com/assets/voices/-k/5-1.mp3,https://app.speakalongcuhk.com/tc/scontent/-k/story,sound:-k:story:1,5-1.mp3,mp3,.mp3,2.35102,44100,2,59598,eb72b3754900d2be1d9b7ce405ac8e9083e57d6229b533b6897a13031cd15fa6,1,yue-Hant,story,,,,The site supplies no machine-readable lexical/Jyutping/tone text for this item; fields remain empty rather than inferred.
SA-00746,尾韻,尾韻,-k,,-k,,,,,,,,,,audio/finals/-k/final_k_story_002.mp3,https://app.speakalongcuhk.com/assets/voices/-k/5-2.mp3,https://app.speakalongcuhk.com/assets/voices/-k/5-2.mp3,https://app.speakalongcuhk.com/tc/scontent/-k/story,sound:-k:story:2,5-2.mp3,mp3,.mp3,2.246531,44100,2,56991,9cefdeea33eedc028e951fef9eec9623135559a5038dd9e58778cbd4028c1176,1,yue-Hant,story,,,,The site supplies no machine-readable lexical/Jyutping/tone text for this item; fields remain empty rather than inferred.
SA-00747,尾韻,尾韻,-k,,-k,,,,,,,,,,audio/finals/-k/final_k_story_003.mp3,https://app.speakalongcuhk.com/assets/voices/-k/5-3.mp3,https://app.speakalongcuhk.com/assets/voices/-k/5-3.mp3,https://app.speakalongcuhk.com/tc/scontent/-k/story,sound:-k:story:3,5-3.mp3,mp3,.mp3,1.671837,44100,2,41829,f1c3e17aeaae04918f5755fc7dbddadf970640f3c5c2baecde1f82264b6e7ef1,1,yue-Hant,story,,,,The site supplies no machine-readable lexical/Jyutping/tone text for this item; fields remain empty rather than inferred.
SA-00748,尾韻,尾韻,-k,,-k,,,,,,,,,,audio/finals/-k/final_k_story_004.mp3,https://app.speakalongcuhk.com/assets/voices/-k/5-4.mp3,https://app.speakalongcuhk.com/assets/voices/-k/5-4.mp3,https://app.speakalongcuhk.com/tc/scontent/-k/story,sound:-k:story:4,5-4.mp3,mp3,.mp3,1.854694,44100,2,46499,3cdc3e069fe2f03a65da62f32ebb1253e2e45ccdc6ed72f0cb6df35d525f7fe9,1,yue-Hant,story,,,,The site supplies no machine-readable lexical/Jyutping/tone text for this item; fields remain empty rather than inferred.
SA-00749,尾韻,尾韻,-k,,-k,,,,,,,,,,audio/finals/-k/final_k_story_005.mp3,https://app.speakalongcuhk.com/assets/voices/-k/5-5.mp3,https://app.speakalongcuhk.com/assets/voices/-k/5-5.mp3,https://app.speakalongcuhk.com/tc/scontent/-k/story,sound:-k:story:5,5-5.mp3,mp3,.mp3,5.537959,44100,2,133652,8982bdad452c08be7405ce2b0c41a36a28168f5d48196414bfbe2ef1ca3f6196,1,yue-Hant,story,,,,The site supplies no machine-readable lexical/Jyutping/tone text for this item; fields remain empty rather than inferred.
SA-00750,尾韻,尾韻,-k,,-k,,,,,,,,,,audio/finals/-k/final_k_story_006.mp3,https://app.speakalongcuhk.com/assets/voices/-k/5-6.mp3,https://app.speakalongcuhk.com/assets/voices/-k/5-6.mp3,https://app.speakalongcuhk.com/tc/scontent/-k/story,sound:-k:story:6,5-6.mp3,mp3,.mp3,2.638367,44100,2,66848,69df3fa3952fefbf268aa89acee6a51b4973986d736d9fc0ca1967e3a4126e32,1,yue-Hant,story,,,,The site supplies no machine-readable lexical/Jyutping/tone text for this item; fields remain empty rather than inferred.
SA-00751,尾韻,尾韻,-m,,-m,,,,,點,,,,,audio/finals/-m/final_m_001.mp3,https://app.speakalongcuhk.com/assets/voices/-m/1-1.mp3,https://app.speakalongcuhk.com/assets/voices/-m/1-1.mp3,https://app.speakalongcuhk.com/tc/scontent/-m/single,sound:-m:single:1,1-1.mp3,mp3,.mp3,2.032875,44100,2,43191,4b84fd80c7a1b1ea71fa7be237facc7d179b8ef628e88d2b2ad9f92ad8bfd024,1,yue-Hant,single,,,,Lexical label is human-curated from source artwork/category; it is not textual metadata supplied by the site.
SA-00752,尾韻,尾韻,-m,,-m,,,,,喊,,,,,audio/finals/-m/final_m_002.mp3,https://app.speakalongcuhk.com/assets/voices/-m/1-2.mp3,https://app.speakalongcuhk.com/assets/voices/-m/1-2.mp3,https://app.speakalongcuhk.com/tc/scontent/-m/single,sound:-m:single:2,1-2.mp3,mp3,.mp3,2.345625,44100,2,48444,5ae71c34a5ddf61bd0d787e243b0677dfde8b442ac6512eabfe1c35625711e47,1,yue-Hant,single,,,,Lexical label is human-curated from source artwork/category; it is not textual metadata supplied by the site.
SA-00753,尾韻,尾韻,-m,,-m,,,,,藍,,,,,audio/finals/-m/final_m_003.mp3,https://app.speakalongcuhk.com/assets/voices/-m/1-3.mp3,https://app.speakalongcuhk.com/assets/voices/-m/1-3.mp3,https://app.speakalongcuhk.com/tc/scontent/-m/single,sound:-m:single:3,1-3.mp3,mp3,.mp3,2.006813,44100,2,43271,9ca81457c5aad013c14c26a4471e8ab32d3ae3c8a0c9043001ea401660b5235f,1,yue-Hant,single,,,,Lexical label is human-curated from source artwork/category; it is not textual metadata supplied by the site.
SA-00754,尾韻,尾韻,-m,,-m,,,,,啱,,,,,audio/finals/-m/final_m_004.mp3,https://app.speakalongcuhk.com/assets/voices/-m/1-4.mp3,https://app.speakalongcuhk.com/assets/voices/-m/1-4.mp3,https://app.speakalongcuhk.com/tc/scontent/-m/single,sound:-m:single:4,1-4.mp3,mp3,.mp3,2.319562,44100,2,48525,6efc29f56acab1298448c5fb811e7968501707b7743f19786d16a506c2dfa7d8,1,yue-Hant,single,,,,Lexical label is human-curated from source artwork/category; it is not textual metadata supplied by the site.
SA-00755,尾韻,尾韻,-m,,-m,,,,,心,,,,,audio/finals/-m/final_m_005.mp3,https://app.speakalongcuhk.com/assets/voices/-m/1-5.mp3,https://app.speakalongcuhk.com/assets/voices/-m/1-5.mp3,https://app.speakalongcuhk.com/tc/scontent/-m/single,sound:-m:single:5,1-5.mp3,mp3,.mp3,2.345625,44100,2,49191,3945144ef5ce97e8b5cf521cfbe895ff50590adbb0114afa3f365985cdfa047f,1,yue-Hant,single,,,,Lexical label is human-curated from source artwork/category; it is not textual metadata supplied by the site.
SA-00756,尾韻,尾韻,-m,,-m,,,,,尖,,,,,audio/finals/-m/final_m_006.mp3,https://app.speakalongcuhk.com/assets/voices/-m/1-6.mp3,https://app.speakalongcuhk.com/assets/voices/-m/1-6.mp3,https://app.speakalongcuhk.com/tc/scontent/-m/single,sound:-m:single:6,1-6.mp3,mp3,.mp3,2.319562,44100,2,49022,bb8dd7b79aa20e1815021ac1630f1ca7405ae5335127920402123a552bdc3f83,1,yue-Hant,single,,,,Lexical label is human-curated from source artwork/category; it is not textual metadata supplied by the site.
SA-00757,尾韻,尾韻,-m,,-m,,,,,針,,,,,audio/finals/-m/final_m_007.mp3,https://app.speakalongcuhk.com/assets/voices/-m/1-7.mp3,https://app.speakalongcuhk.com/assets/voices/-m/1-7.mp3,https://app.speakalongcuhk.com/tc/scontent/-m/single,sound:-m:single:7,1-7.mp3,mp3,.mp3,2.475938,44100,2,51774,e737bf32280c5d9e42fe8d49ab574f72cabbc046dfd8cc1e93e623bf2d8f1797,1,yue-Hant,single,,,,Lexical label is human-curated from source artwork/category; it is not textual metadata supplied by the site.
SA-00758,尾韻,尾韻,-m,,-m,,,,,掩,,,,,audio/finals/-m/final_m_008.mp3,https://app.speakalongcuhk.com/assets/voices/-m/1-8.mp3,https://app.speakalongcuhk.com/assets/voices/-m/1-8.mp3,https://app.speakalongcuhk.com/tc/scontent/-m/single,sound:-m:single:8,1-8.mp3,mp3,.mp3,1.615875,44100,2,41839,e288739a91ac264f13ef3a6714132d3ae11bced56cb36b232703434b618fd8fa,1,yue-Hant,single,,,,Lexical label is human-curated from source artwork/category; it is not textual metadata supplied by the site.
SA-00759,尾韻,尾韻,-m,,-m,,,,,舔,,,,,audio/finals/-m/final_m_009.mp3,https://app.speakalongcuhk.com/assets/voices/-m/1-9.mp3,https://app.speakalongcuhk.com/assets/voices/-m/1-9.mp3,https://app.speakalongcuhk.com/tc/scontent/-m/single,sound:-m:single:9,1-9.mp3,mp3,.mp3,1.120688,44100,2,27148,432c60dcbfe5e7e32572f6c221bb46e1ef629f8bfaede152fd90939d04d4d01e,1,yue-Hant,single,,,,Lexical label is human-curated from source artwork/category; it is not textual metadata supplied by the site.
SA-00760,尾韻,尾韻,-m,,-m,,,,,三,,,,,audio/finals/-m/final_m_010.mp3,https://app.speakalongcuhk.com/assets/voices/-m/1-10.mp3,https://app.speakalongcuhk.com/assets/voices/-m/1-10.mp3,https://app.speakalongcuhk.com/tc/scontent/-m/single,sound:-m:single:10,1-10.mp3,mp3,.mp3,2.111063,44100,2,50284,480cbfd21b69b91db7ffc391bda703d93cf7042a22db3eda3eb21aa8f70fb2cb,1,yue-Hant,single,,,,Lexical label is human-curated from source artwork/category; it is not textual metadata supplied by the site.
SA-00761,尾韻,尾韻,-m,,-m,,,,,,,,,,audio/finals/-m/final_m_word_001.mp3,https://app.speakalongcuhk.com/assets/voices/-m/2-1.mp3,https://app.speakalongcuhk.com/assets/voices/-m/2-1.mp3,https://app.speakalongcuhk.com/tc/scontent/-m/word,sound:-m:word:1,2-1.mp3,mp3,.mp3,2.60625,44100,2,54849,f8cdd79412785e4321ca6b8fc6076fb069a7d0fdcd9892368e3c5fc24fac4037,1,yue-Hant,word,,,,The site supplies no machine-readable lexical/Jyutping/tone text for this item; fields remain empty rather than inferred.
SA-00762,尾韻,尾韻,-m,,-m,,,,,,,,,,audio/finals/-m/final_m_word_002.mp3,https://app.speakalongcuhk.com/assets/voices/-m/2-2.mp3,https://app.speakalongcuhk.com/assets/voices/-m/2-2.mp3,https://app.speakalongcuhk.com/tc/scontent/-m/word,sound:-m:word:2,2-2.mp3,mp3,.mp3,2.684438,44100,2,56356,de666df845b0fe2e7af7779bdac2f5926cc5a33dd33874c7237f994f592c34ac,1,yue-Hant,word,,,,The site supplies no machine-readable lexical/Jyutping/tone text for this item; fields remain empty rather than inferred.
SA-00763,尾韻,尾韻,-m,,-m,,,,,,,,,,audio/finals/-m/final_m_word_003.mp3,https://app.speakalongcuhk.com/assets/voices/-m/2-3.mp3,https://app.speakalongcuhk.com/assets/voices/-m/2-3.mp3,https://app.speakalongcuhk.com/tc/scontent/-m/word,sound:-m:word:3,2-3.mp3,mp3,.mp3,2.919,44100,2,60359,f69fb2d29ea3a0f3fd8108bb89aa43f6c7ae4cea57a2982a583f0dfe85cc7df8,1,yue-Hant,word,,,,The site supplies no machine-readable lexical/Jyutping/tone text for this item; fields remain empty rather than inferred.
SA-00764,尾韻,尾韻,-m,,-m,,,,,,,,,,audio/finals/-m/final_m_word_004.mp3,https://app.speakalongcuhk.com/assets/voices/-m/2-4.mp3,https://app.speakalongcuhk.com/assets/voices/-m/2-4.mp3,https://app.speakalongcuhk.com/tc/scontent/-m/word,sound:-m:word:4,2-4.mp3,mp3,.mp3,2.7105,44100,2,57269,0bd2a5b27215bc08a38b9e7b5d9a78fa6f26b6df77b7bf84982b9cbf7e451e6e,1,yue-Hant,word,,,,The site supplies no machine-readable lexical/Jyutping/tone text for this item; fields remain empty rather than inferred.
SA-00765,尾韻,尾韻,-m,,-m,,,,,,,,,,audio/finals/-m/final_m_word_005.mp3,https://app.speakalongcuhk.com/assets/voices/-m/2-5.mp3,https://app.speakalongcuhk.com/assets/voices/-m/2-5.mp3,https://app.speakalongcuhk.com/tc/scontent/-m/word,sound:-m:word:5,2-5.mp3,mp3,.mp3,2.60625,44100,2,55848,60c71230d0cdd9a8d8813babb4aae8d8c09ecc2746f7e97a0d59786cc6cc6971,1,yue-Hant,word,,,,The site supplies no machine-readable lexical/Jyutping/tone text for this item; fields remain empty rather than inferred.
SA-00766,尾韻,尾韻,-m,,-m,,,,,,,,,,audio/finals/-m/final_m_word_006.mp3,https://app.speakalongcuhk.com/assets/voices/-m/2-6.mp3,https://app.speakalongcuhk.com/assets/voices/-m/2-6.mp3,https://app.speakalongcuhk.com/tc/scontent/-m/word,sound:-m:word:6,2-6.mp3,mp3,.mp3,2.345625,44100,2,51929,1ad3f1e6610f87d5299513e460771f21fe3325ee0d5720d7d18b8e4934e047f3,1,yue-Hant,word,,,,The site supplies no machine-readable lexical/Jyutping/tone text for this item; fields remain empty rather than inferred.
SA-00767,尾韻,尾韻,-m,,-m,,,,,,,,,,audio/finals/-m/final_m_word_007.mp3,https://app.speakalongcuhk.com/assets/voices/-m/2-7.mp3,https://app.speakalongcuhk.com/assets/voices/-m/2-7.mp3,https://app.speakalongcuhk.com/tc/scontent/-m/word,sound:-m:word:7,2-7.mp3,mp3,.mp3,3.02325,44100,2,63020,c3d1f5e8442113b63ca6dc3226bec6f8b155ba99d0037f1eab125b1974425bfe,1,yue-Hant,word,,,,The site supplies no machine-readable lexical/Jyutping/tone text for this item; fields remain empty rather than inferred.
SA-00768,尾韻,尾韻,-m,,-m,,,,,,,,,,audio/finals/-m/final_m_word_008.mp3,https://app.speakalongcuhk.com/assets/voices/-m/2-8.mp3,https://app.speakalongcuhk.com/assets/voices/-m/2-8.mp3,https://app.speakalongcuhk.com/tc/scontent/-m/word,sound:-m:word:8,2-8.mp3,mp3,.mp3,2.997187,44100,2,62852,7f6fc6fbd65493a8a8abe7f6ca6dd22eeb76ccfdeba56fb3a65420b982f81819,1,yue-Hant,word,,,,The site supplies no machine-readable lexical/Jyutping/tone text for this item; fields remain empty rather than inferred.
SA-00769,尾韻,尾韻,-m,,-m,,,,,,,,,,audio/finals/-m/final_m_word_009.mp3,https://app.speakalongcuhk.com/assets/voices/-m/2-9.mp3,https://app.speakalongcuhk.com/assets/voices/-m/2-9.mp3,https://app.speakalongcuhk.com/tc/scontent/-m/word,sound:-m:word:9,2-9.mp3,mp3,.mp3,3.153563,44100,2,65603,f6a19791ae0bb8eb8c0ad2fd61ff255f491b1ecf85528fa6347c6b92cf056a63,1,yue-Hant,word,,,,The site supplies no machine-readable lexical/Jyutping/tone text for this item; fields remain empty rather than inferred.
SA-00770,尾韻,尾韻,-m,,-m,,,,,,,,,,audio/finals/-m/final_m_word_010.mp3,https://app.speakalongcuhk.com/assets/voices/-m/2-10.mp3,https://app.speakalongcuhk.com/assets/voices/-m/2-10.mp3,https://app.speakalongcuhk.com/tc/scontent/-m/word,sound:-m:word:10,2-10.mp3,mp3,.mp3,2.60625,44100,2,57095,6db99040df6a8973356a9aa674c4c6fbadc5d983470606b0adbe5c78e83c7773,1,yue-Hant,word,,,,The site supplies no machine-readable lexical/Jyutping/tone text for this item; fields remain empty rather than inferred.
SA-00771,尾韻,尾韻,-m,,-m,,,,,,,,,,audio/finals/-m/final_m_sentence_001.mp3,https://app.speakalongcuhk.com/assets/voices/-m/4-1.mp3,https://app.speakalongcuhk.com/assets/voices/-m/4-1.mp3,https://app.speakalongcuhk.com/tc/scontent/-m/sentence,sound:-m:sentence:1,4-1.mp3,mp3,.mp3,2.866875,44100,2,56660,ed5cd3c9a4d2496eb5ff6aad4fc213579288b8c1691c9bb6c29de6b6622c22b3,1,yue-Hant,sentence,,,,The site supplies no machine-readable lexical/Jyutping/tone text for this item; fields remain empty rather than inferred.
SA-00772,尾韻,尾韻,-m,,-m,,,,,,,,,,audio/finals/-m/final_m_sentence_002.mp3,https://app.speakalongcuhk.com/assets/voices/-m/4-2.mp3,https://app.speakalongcuhk.com/assets/voices/-m/4-2.mp3,https://app.speakalongcuhk.com/tc/scontent/-m/sentence,sound:-m:sentence:2,4-2.mp3,mp3,.mp3,3.44025,44100,2,65827,f0cc1226fc4e752b829376eb584e5fff4a1deb7fb2381fefee4f5eddac03fc9e,1,yue-Hant,sentence,,,,The site supplies no machine-readable lexical/Jyutping/tone text for this item; fields remain empty rather than inferred.
SA-00773,尾韻,尾韻,-m,,-m,,,,,,,,,,audio/finals/-m/final_m_sentence_003.mp3,https://app.speakalongcuhk.com/assets/voices/-m/4-3.mp3,https://app.speakalongcuhk.com/assets/voices/-m/4-3.mp3,https://app.speakalongcuhk.com/tc/scontent/-m/sentence,sound:-m:sentence:3,4-3.mp3,mp3,.mp3,2.925714,44100,2,75353,ffb3c06a1445d982bb4aa18ae9e3d9bf0594859da474e789fe8100a29db5f737,1,yue-Hant,sentence,,,,The site supplies no machine-readable lexical/Jyutping/tone text for this item; fields remain empty rather than inferred.
SA-00774,尾韻,尾韻,-m,,-m,,,,,,,,,,audio/finals/-m/final_m_sentence_004.mp3,https://app.speakalongcuhk.com/assets/voices/-m/4-4.mp3,https://app.speakalongcuhk.com/assets/voices/-m/4-4.mp3,https://app.speakalongcuhk.com/tc/scontent/-m/sentence,sound:-m:sentence:4,4-4.mp3,mp3,.mp3,4.665188,44100,2,93526,e4e07d4e4595e1e1d35e00c5e0d716fe97142acb51bf244e9e33cc8d67f03b29,1,yue-Hant,sentence,,,,The site supplies no machine-readable lexical/Jyutping/tone text for this item; fields remain empty rather than inferred.
SA-00775,尾韻,尾韻,-m,,-m,,,,,,,,,,audio/finals/-m/final_m_sentence_005.mp3,https://app.speakalongcuhk.com/assets/voices/-m/4-5.mp3,https://app.speakalongcuhk.com/assets/voices/-m/4-5.mp3,https://app.speakalongcuhk.com/tc/scontent/-m/sentence,sound:-m:sentence:5,4-5.mp3,mp3,.mp3,5.421,44100,2,105868,520849fd941b5a64f2accd9576373a324847bc82a5bb1e14feae3b4e3e7eac07,1,yue-Hant,sentence,,,,The site supplies no machine-readable lexical/Jyutping/tone text for this item; fields remain empty rather than inferred.
SA-00776,尾韻,尾韻,-m,,-m,,,,,,,,,,audio/finals/-m/final_m_sentence_006.mp3,https://app.speakalongcuhk.com/assets/voices/-m/4-6.mp3,https://app.speakalongcuhk.com/assets/voices/-m/4-6.mp3,https://app.speakalongcuhk.com/tc/scontent/-m/sentence,sound:-m:sentence:6,4-6.mp3,mp3,.mp3,3.578776,44100,2,92472,d6cbe0e45ef343ea988a608872490ba1876e8057a6345d50a882c10825d0b5f5,1,yue-Hant,sentence,,,,The site supplies no machine-readable lexical/Jyutping/tone text for this item; fields remain empty rather than inferred.
SA-00777,尾韻,尾韻,-m,,-m,,,,,,,,,,audio/finals/-m/final_m_sentence_007.mp3,https://app.speakalongcuhk.com/assets/voices/-m/4-7.mp3,https://app.speakalongcuhk.com/assets/voices/-m/4-7.mp3,https://app.speakalongcuhk.com/tc/scontent/-m/sentence,sound:-m:sentence:7,4-7.mp3,mp3,.mp3,4.27425,44100,2,80215,4e358557263c46953e0c5c85598ce263cc65a10607f43e5526f6c88acec24634,1,yue-Hant,sentence,,,,The site supplies no machine-readable lexical/Jyutping/tone text for this item; fields remain empty rather than inferred.
SA-00778,尾韻,尾韻,-m,,-m,,,,,,,,,,audio/finals/-m/final_m_sentence_008.mp3,https://app.speakalongcuhk.com/assets/voices/-m/4-8.mp3,https://app.speakalongcuhk.com/assets/voices/-m/4-8.mp3,https://app.speakalongcuhk.com/tc/scontent/-m/sentence,sound:-m:sentence:8,4-8.mp3,mp3,.mp3,4.352437,44100,2,75209,315be69642ec4ab59de40f2ce26196ad38084ccdf211bf5fe869f7dbd4cd4cfc,1,yue-Hant,sentence,,,,The site supplies no machine-readable lexical/Jyutping/tone text for this item; fields remain empty rather than inferred.
SA-00779,尾韻,尾韻,-m,,-m,,,,,,,,,,audio/finals/-m/final_m_sentence_009.mp3,https://app.speakalongcuhk.com/assets/voices/-m/4-9.mp3,https://app.speakalongcuhk.com/assets/voices/-m/4-9.mp3,https://app.speakalongcuhk.com/tc/scontent/-m/sentence,sound:-m:sentence:9,4-9.mp3,mp3,.mp3,7.740563,44100,2,143977,f38153c55e4b32d8a5234bd05f0a7f6badf4bcb6560f658501d7232173569f71,1,yue-Hant,sentence,,,,The site supplies no machine-readable lexical/Jyutping/tone text for this item; fields remain empty rather than inferred.
SA-00780,尾韻,尾韻,-m,,-m,,,,,,,,,,audio/finals/-m/final_m_sentence_010.mp3,https://app.speakalongcuhk.com/assets/voices/-m/4-10.mp3,https://app.speakalongcuhk.com/assets/voices/-m/4-10.mp3,https://app.speakalongcuhk.com/tc/scontent/-m/sentence,sound:-m:sentence:10,4-10.mp3,mp3,.mp3,4.153469,44100,2,106457,f3d355bd71497ad3a54e9ac45fb1c58e6c77ed9e827e58536e8b2d59c5ca54cd,1,yue-Hant,sentence,,,,The site supplies no machine-readable lexical/Jyutping/tone text for this item; fields remain empty rather than inferred.
SA-00781,尾韻,尾韻,-m,,-m,,,,,,,,,,audio/finals/-m/final_m_story_001.mp3,https://app.speakalongcuhk.com/assets/voices/-m/5-1.mp3,https://app.speakalongcuhk.com/assets/voices/-m/5-1.mp3,https://app.speakalongcuhk.com/tc/scontent/-m/story,sound:-m:story:1,5-1.mp3,mp3,.mp3,8.496375,44100,2,156568,79818fab8964dc8affa39b252b399fcecb5f5e16e51ee536a52a378efee801f4,1,yue-Hant,story,,,,The site supplies no machine-readable lexical/Jyutping/tone text for this item; fields remain empty rather than inferred.
SA-00782,尾韻,尾韻,-m,,-m,,,,,,,,,,audio/finals/-m/final_m_story_002.mp3,https://app.speakalongcuhk.com/assets/voices/-m/5-2.mp3,https://app.speakalongcuhk.com/assets/voices/-m/5-2.mp3,https://app.speakalongcuhk.com/tc/scontent/-m/story,sound:-m:story:2,5-2.mp3,mp3,.mp3,5.10825,44100,2,102606,2d551bef1d6dc74d2fb9ef55b62943f14b80967d70b99c02a4597c9820066f04,1,yue-Hant,story,,,,The site supplies no machine-readable lexical/Jyutping/tone text for this item; fields remain empty rather than inferred.
SA-00783,尾韻,尾韻,-m,,-m,,,,,,,,,,audio/finals/-m/final_m_story_003.mp3,https://app.speakalongcuhk.com/assets/voices/-m/5-3.mp3,https://app.speakalongcuhk.com/assets/voices/-m/5-3.mp3,https://app.speakalongcuhk.com/tc/scontent/-m/story,sound:-m:story:3,5-3.mp3,mp3,.mp3,10.268625,44100,2,185421,a1dcbaa652edc08c3fae016ea8cd5e22d95ac7df353b4ea6700d5375fa00ec0d,1,yue-Hant,story,,,,The site supplies no machine-readable lexical/Jyutping/tone text for this item; fields remain empty rather than inferred.
SA-00784,尾韻,尾韻,-m,,-m,,,,,,,,,,audio/finals/-m/final_m_story_004.mp3,https://app.speakalongcuhk.com/assets/voices/-m/5-4.mp3,https://app.speakalongcuhk.com/assets/voices/-m/5-4.mp3,https://app.speakalongcuhk.com/tc/scontent/-m/story,sound:-m:story:4,5-4.mp3,mp3,.mp3,6.176812,44100,2,120201,aeaec340794cb22fb4ac52d84db07f5f1495938518c42ab3aa1ba53c66eb1bed,1,yue-Hant,story,,,,The site supplies no machine-readable lexical/Jyutping/tone text for this item; fields remain empty rather than inferred.
SA-00785,尾韻,尾韻,-m,,-m,,,,,,,,,,audio/finals/-m/final_m_story_005.mp3,https://app.speakalongcuhk.com/assets/voices/-m/5-5.mp3,https://app.speakalongcuhk.com/assets/voices/-m/5-5.mp3,https://app.speakalongcuhk.com/tc/scontent/-m/story,sound:-m:story:5,5-5.mp3,mp3,.mp3,8.053313,44100,2,150475,1ce3e34daa68a04d36f71095d55871362d6ad82ec4a783a6888ab7799ead608e,1,yue-Hant,story,,,,The site supplies no machine-readable lexical/Jyutping/tone text for this item; fields remain empty rather than inferred.
SA-00786,尾韻,尾韻,-m,,-m,,,,,,,,,,audio/finals/-m/final_m_story_006.mp3,https://app.speakalongcuhk.com/assets/voices/-m/5-6.mp3,https://app.speakalongcuhk.com/assets/voices/-m/5-6.mp3,https://app.speakalongcuhk.com/tc/scontent/-m/story,sound:-m:story:6,5-6.mp3,mp3,.mp3,4.821562,44100,2,99016,27dfbc1886cc63a3c1428ce6285cc8899f70a5fc67d3f9a51a9ac5fd11fe885c,1,yue-Hant,story,,,,The site supplies no machine-readable lexical/Jyutping/tone text for this item; fields remain empty rather than inferred.
SA-00787,尾韻,尾韻,-n,,-n,,,,,門,,,,,audio/finals/-n/final_n_001.mp3,https://app.speakalongcuhk.com/assets/voices/-n/1-1.mp3,https://app.speakalongcuhk.com/assets/voices/-n/1-1.mp3,https://app.speakalongcuhk.com/tc/scontent/-n/single,sound:-n:single:1,1-1.mp3,mp3,.mp3,1.07102,44100,2,19878,928922dc1d1a88a9016a6f2c7e873bee1f3fc223dcdafc3561826dbbcb77ff28,1,yue-Hant,single,,,,Lexical label is human-curated from source artwork/category; it is not textual metadata supplied by the site.
SA-00788,尾韻,尾韻,-n,,-n,,,,,碗,,,,,audio/finals/-n/final_n_002.mp3,https://app.speakalongcuhk.com/assets/voices/-n/1-2.mp3,https://app.speakalongcuhk.com/assets/voices/-n/1-2.mp3,https://app.speakalongcuhk.com/tc/scontent/-n/single,sound:-n:single:2,1-2.mp3,mp3,.mp3,1.07102,44100,2,17474,4c76dafbc35c5d41dc22f38748ba0786980a7955dc59dbf3b236038b772b10ae,1,yue-Hant,single,,,,Lexical label is human-curated from source artwork/category; it is not textual metadata supplied by the site.
SA-00789,尾韻,尾韻,-n,,-n,,,,,天,,,,,audio/finals/-n/final_n_003.mp3,https://app.speakalongcuhk.com/assets/voices/-n/1-3.mp3,https://app.speakalongcuhk.com/assets/voices/-n/1-3.mp3,https://app.speakalongcuhk.com/tc/scontent/-n/single,sound:-n:single:3,1-3.mp3,mp3,.mp3,1.07102,44100,2,19043,12fa2b588cf31f5485f3d05131a970ce7c01726afc3a110164d94ef9ecaaea1c,1,yue-Hant,single,,,,Lexical label is human-curated from source artwork/category; it is not textual metadata supplied by the site.
SA-00790,尾韻,尾韻,-n,,-n,,,,,蛋,,,,,audio/finals/-n/final_n_004.mp3,https://app.speakalongcuhk.com/assets/voices/-n/1-4.mp3,https://app.speakalongcuhk.com/assets/voices/-n/1-4.mp3,https://app.speakalongcuhk.com/tc/scontent/-n/single,sound:-n:single:4,1-4.mp3,mp3,.mp3,1.07102,44100,2,22542,b8aac544fb86fd5d974c4c4691f6954f8a49a2ae8aabca44a85b158d7d12c912,1,yue-Hant,single,,,,Lexical label is human-curated from source artwork/category; it is not textual metadata supplied by the site.
SA-00791,尾韻,尾韻,-n,,-n,,,,,飯,,,,,audio/finals/-n/final_n_005.mp3,https://app.speakalongcuhk.com/assets/voices/-n/1-5.mp3,https://app.speakalongcuhk.com/assets/voices/-n/1-5.mp3,https://app.speakalongcuhk.com/tc/scontent/-n/single,sound:-n:single:5,1-5.mp3,mp3,.mp3,1.07102,44100,2,25256,48791c68b809f4d65d0d72f0b1e5a50fb7283167ec6b7ad5fe671b79987a208c,1,yue-Hant,single,,,,Lexical label is human-curated from source artwork/category; it is not textual metadata supplied by the site.
SA-00792,尾韻,尾韻,-n,,-n,,,,,信,,,,,audio/finals/-n/final_n_006.mp3,https://app.speakalongcuhk.com/assets/voices/-n/1-6.mp3,https://app.speakalongcuhk.com/assets/voices/-n/1-6.mp3,https://app.speakalongcuhk.com/tc/scontent/-n/single,sound:-n:single:6,1-6.mp3,mp3,.mp3,1.044898,44100,2,28285,97741eff86c87e6e7790b53a7ab26d4845563c0b66a8485d19eff6a848387194,1,yue-Hant,single,,,,Lexical label is human-curated from source artwork/category; it is not textual metadata supplied by the site.
SA-00793,尾韻,尾韻,-n,,-n,,,,,盆,,,,,audio/finals/-n/final_n_007.mp3,https://app.speakalongcuhk.com/assets/voices/-n/1-7.mp3,https://app.speakalongcuhk.com/assets/voices/-n/1-7.mp3,https://app.speakalongcuhk.com/tc/scontent/-n/single,sound:-n:single:7,1-7.mp3,mp3,.mp3,1.07102,44100,2,19929,4141ed2d3a067156e1ec014ab2512844dafb0830b1d186609a5ab80da8b161a3,1,yue-Hant,single,,,,Lexical label is human-curated from source artwork/category; it is not textual metadata supplied by the site.
SA-00794,尾韻,尾韻,-n,,-n,,,,,鏟,,,,,audio/finals/-n/final_n_008.mp3,https://app.speakalongcuhk.com/assets/voices/-n/1-8.mp3,https://app.speakalongcuhk.com/assets/voices/-n/1-8.mp3,https://app.speakalongcuhk.com/tc/scontent/-n/single,sound:-n:single:8,1-8.mp3,mp3,.mp3,1.044898,44100,2,29642,0a35294794addd54beb682ca4ab7aa5ad3f2c0be4560a26c30debb2ef2322234,1,yue-Hant,single,,,,Lexical label is human-curated from source artwork/category; it is not textual metadata supplied by the site.
SA-00795,尾韻,尾韻,-n,,-n,,,,,眼,,,,,audio/finals/-n/final_n_009.mp3,https://app.speakalongcuhk.com/assets/voices/-n/1-9.mp3,https://app.speakalongcuhk.com/assets/voices/-n/1-9.mp3,https://app.speakalongcuhk.com/tc/scontent/-n/single,sound:-n:single:9,1-9.mp3,mp3,.mp3,1.07102,44100,2,25152,cee2b6fdac3e452a41e33a1c9d0763ed42abfe735fe6b60aa4223983cda1dc00,1,yue-Hant,single,,,,Lexical label is human-curated from source artwork/category; it is not textual metadata supplied by the site.
SA-00796,尾韻,尾韻,-n,,-n,,,,,板,,,,,audio/finals/-n/final_n_010.mp3,https://app.speakalongcuhk.com/assets/voices/-n/1-10.mp3,https://app.speakalongcuhk.com/assets/voices/-n/1-10.mp3,https://app.speakalongcuhk.com/tc/scontent/-n/single,sound:-n:single:10,1-10.mp3,mp3,.mp3,1.07102,44100,2,22959,d0e75aaf44fa0ff12fd3a06aad90426f99a5313f33a3b775b1631851e0fd4b68,1,yue-Hant,single,,,,Lexical label is human-curated from source artwork/category; it is not textual metadata supplied by the site.
SA-00797,尾韻,尾韻,-n,,-n,,,,,,,,,,audio/finals/-n/final_n_word_001.mp3,https://app.speakalongcuhk.com/assets/voices/-n/2-1.mp3,https://app.speakalongcuhk.com/assets/voices/-n/2-1.mp3,https://app.speakalongcuhk.com/tc/scontent/-n/word,sound:-n:word:1,2-1.mp3,mp3,.mp3,1.227755,44100,2,30997,38f608633e7d50f2963225df245580dc188a9da277d38b96ae3f07121e0388ae,1,yue-Hant,word,,,,The site supplies no machine-readable lexical/Jyutping/tone text for this item; fields remain empty rather than inferred.
SA-00798,尾韻,尾韻,-n,,-n,,,,,,,,,,audio/finals/-n/final_n_word_002.mp3,https://app.speakalongcuhk.com/assets/voices/-n/2-2.mp3,https://app.speakalongcuhk.com/assets/voices/-n/2-2.mp3,https://app.speakalongcuhk.com/tc/scontent/-n/word,sound:-n:word:2,2-2.mp3,mp3,.mp3,1.201633,44100,2,29955,b0f5015afa6ca3952477e97351832f7f18634080049ae3823b1a8debe4dabd44,1,yue-Hant,word,,,,The site supplies no machine-readable lexical/Jyutping/tone text for this item; fields remain empty rather than inferred.
SA-00799,尾韻,尾韻,-n,,-n,,,,,,,,,,audio/finals/-n/final_n_word_003.mp3,https://app.speakalongcuhk.com/assets/voices/-n/2-3.mp3,https://app.speakalongcuhk.com/assets/voices/-n/2-3.mp3,https://app.speakalongcuhk.com/tc/scontent/-n/word,sound:-n:word:3,2-3.mp3,mp3,.mp3,1.201633,44100,2,29484,ba03df29d466809ca1df1602339fc1af393bcc8982aafd0a26a94dd46b63c294,1,yue-Hant,word,,,,The site supplies no machine-readable lexical/Jyutping/tone text for this item; fields remain empty rather than inferred.
SA-00800,尾韻,尾韻,-n,,-n,,,,,,,,,,audio/finals/-n/final_n_word_004.mp3,https://app.speakalongcuhk.com/assets/voices/-n/2-4.mp3,https://app.speakalongcuhk.com/assets/voices/-n/2-4.mp3,https://app.speakalongcuhk.com/tc/scontent/-n/word,sound:-n:word:4,2-4.mp3,mp3,.mp3,1.306122,44100,2,33504,a7e8939afbf6415969aae043fb541f37d24e1b2444e6f1e9b7b45a8e7243566b,1,yue-Hant,word,,,,The site supplies no machine-readable lexical/Jyutping/tone text for this item; fields remain empty rather than inferred.
SA-00801,尾韻,尾韻,-n,,-n,,,,,,,,,,audio/finals/-n/final_n_word_005.mp3,https://app.speakalongcuhk.com/assets/voices/-n/2-5.mp3,https://app.speakalongcuhk.com/assets/voices/-n/2-5.mp3,https://app.speakalongcuhk.com/tc/scontent/-n/word,sound:-n:word:5,2-5.mp3,mp3,.mp3,1.097143,44100,2,26195,4a9b30cd017814f410dad8e1cb16daa42d23903e412fadd47e74fcc8396a5dfd,1,yue-Hant,word,,,,The site supplies no machine-readable lexical/Jyutping/tone text for this item; fields remain empty rather than inferred.
SA-00802,尾韻,尾韻,-n,,-n,,,,,,,,,,audio/finals/-n/final_n_word_006.mp3,https://app.speakalongcuhk.com/assets/voices/-n/2-6.mp3,https://app.speakalongcuhk.com/assets/voices/-n/2-6.mp3,https://app.speakalongcuhk.com/tc/scontent/-n/word,sound:-n:word:6,2-6.mp3,mp3,.mp3,1.227755,44100,2,31207,ada8d935e3e808801af79c031ca2adf8df7e15a8841387edc22ce6b89968a391,1,yue-Hant,word,,,,The site supplies no machine-readable lexical/Jyutping/tone text for this item; fields remain empty rather than inferred.
SA-00803,尾韻,尾韻,-n,,-n,,,,,,,,,,audio/finals/-n/final_n_word_007.mp3,https://app.speakalongcuhk.com/assets/voices/-n/2-7.mp3,https://app.speakalongcuhk.com/assets/voices/-n/2-7.mp3,https://app.speakalongcuhk.com/tc/scontent/-n/word,sound:-n:word:7,2-7.mp3,mp3,.mp3,1.149388,44100,2,29641,571bcac5561a5328d3e563ef68f0c2ed78681e65b39ce85a82b8e75282284a02,1,yue-Hant,word,,,,The site supplies no machine-readable lexical/Jyutping/tone text for this item; fields remain empty rather than inferred.
SA-00804,尾韻,尾韻,-n,,-n,,,,,,,,,,audio/finals/-n/final_n_word_008.mp3,https://app.speakalongcuhk.com/assets/voices/-n/2-8.mp3,https://app.speakalongcuhk.com/assets/voices/-n/2-8.mp3,https://app.speakalongcuhk.com/tc/scontent/-n/word,sound:-n:word:8,2-8.mp3,mp3,.mp3,1.149388,44100,2,29641,c316b6efec76a46a60f34d507f3133b5416723f7ca686053c7cffe0afbc4d83b,1,yue-Hant,word,,,,The site supplies no machine-readable lexical/Jyutping/tone text for this item; fields remain empty rather than inferred.
SA-00805,尾韻,尾韻,-n,,-n,,,,,,,,,,audio/finals/-n/final_n_word_009.mp3,https://app.speakalongcuhk.com/assets/voices/-n/2-9.mp3,https://app.speakalongcuhk.com/assets/voices/-n/2-9.mp3,https://app.speakalongcuhk.com/tc/scontent/-n/word,sound:-n:word:9,2-9.mp3,mp3,.mp3,1.28,44100,2,34181,5d1cc5c9df0ca0b55d3acdd0c9991a18349f221cad7aaaf688265157c0c5be64,1,yue-Hant,word,,,,The site supplies no machine-readable lexical/Jyutping/tone text for this item; fields remain empty rather than inferred.
SA-00806,尾韻,尾韻,-n,,-n,,,,,,,,,,audio/finals/-n/final_n_word_010.mp3,https://app.speakalongcuhk.com/assets/voices/-n/2-10.mp3,https://app.speakalongcuhk.com/assets/voices/-n/2-10.mp3,https://app.speakalongcuhk.com/tc/scontent/-n/word,sound:-n:word:10,2-10.mp3,mp3,.mp3,1.48898,44100,2,40182,07933a8210a0b4d148e0479b57635b195618fed3aa92d488a98ea7da0ea37b5f,1,yue-Hant,word,,,,The site supplies no machine-readable lexical/Jyutping/tone text for this item; fields remain empty rather than inferred.
SA-00807,尾韻,尾韻,-n,,-n,,,,,,,,,,audio/finals/-n/final_n_sentence_001.mp3,https://app.speakalongcuhk.com/assets/voices/-n/4-1.mp3,https://app.speakalongcuhk.com/assets/voices/-n/4-1.mp3,https://app.speakalongcuhk.com/tc/scontent/-n/sentence,sound:-n:sentence:1,4-1.mp3,mp3,.mp3,3.160816,44100,2,82659,7d770afc6588264b5d49a54374fe1b4383a68cca2dcbb4897cf7989c57a43a57,1,yue-Hant,sentence,,,,The site supplies no machine-readable lexical/Jyutping/tone text for this item; fields remain empty rather than inferred.
SA-00808,尾韻,尾韻,-n,,-n,,,,,,,,,,audio/finals/-n/final_n_sentence_002.mp3,https://app.speakalongcuhk.com/assets/voices/-n/4-2.mp3,https://app.speakalongcuhk.com/assets/voices/-n/4-2.mp3,https://app.speakalongcuhk.com/tc/scontent/-n/sentence,sound:-n:sentence:2,4-2.mp3,mp3,.mp3,2.429388,44100,2,58755,0a0bc3f46365f155e74ffa28492ff95cdb8ed4ea8185c977086b5e93c85761a4,1,yue-Hant,sentence,,,,The site supplies no machine-readable lexical/Jyutping/tone text for this item; fields remain empty rather than inferred.
SA-00809,尾韻,尾韻,-n,,-n,,,,,,,,,,audio/finals/-n/final_n_sentence_003.mp3,https://app.speakalongcuhk.com/assets/voices/-n/4-3.mp3,https://app.speakalongcuhk.com/assets/voices/-n/4-3.mp3,https://app.speakalongcuhk.com/tc/scontent/-n/sentence,sound:-n:sentence:3,4-3.mp3,mp3,.mp3,2.638367,44100,2,71084,f35e1470931d5e8b1dd049d57eb0efcc008632c48bd404ded71f1cdcf231b7d2,1,yue-Hant,sentence,,,,The site supplies no machine-readable lexical/Jyutping/tone text for this item; fields remain empty rather than inferred.
SA-00810,尾韻,尾韻,-n,,-n,,,,,,,,,,audio/finals/-n/final_n_sentence_004.mp3,https://app.speakalongcuhk.com/assets/voices/-n/4-4.mp3,https://app.speakalongcuhk.com/assets/voices/-n/4-4.mp3,https://app.speakalongcuhk.com/tc/scontent/-n/sentence,sound:-n:sentence:4,4-4.mp3,mp3,.mp3,2.899592,44100,2,71443,b2dcfe95104ff599d703ade0dc38d9cd0e723072f03871579ed4b94c8931217a,1,yue-Hant,sentence,,,,The site supplies no machine-readable lexical/Jyutping/tone text for this item; fields remain empty rather than inferred.
SA-00811,尾韻,尾韻,-n,,-n,,,,,,,,,,audio/finals/-n/final_n_sentence_005.mp3,https://app.speakalongcuhk.com/assets/voices/-n/4-5.mp3,https://app.speakalongcuhk.com/assets/voices/-n/4-5.mp3,https://app.speakalongcuhk.com/tc/scontent/-n/sentence,sound:-n:sentence:5,4-5.mp3,mp3,.mp3,3.134694,44100,2,78070,e256e4a2e0fbb14e24ce2371d4623714bc744437a89ecef73551ecbf4bbc493d,1,yue-Hant,sentence,,,,The site supplies no machine-readable lexical/Jyutping/tone text for this item; fields remain empty rather than inferred.
SA-00812,尾韻,尾韻,-n,,-n,,,,,,,,,,audio/finals/-n/final_n_sentence_006.mp3,https://app.speakalongcuhk.com/assets/voices/-n/4-6.mp3,https://app.speakalongcuhk.com/assets/voices/-n/4-6.mp3,https://app.speakalongcuhk.com/tc/scontent/-n/sentence,sound:-n:sentence:6,4-6.mp3,mp3,.mp3,2.690612,44100,2,67735,751f3e3ce62962fbd1092967939d941ba552e635e7aee021fd2101c9b6948893,1,yue-Hant,sentence,,,,The site supplies no machine-readable lexical/Jyutping/tone text for this item; fields remain empty rather than inferred.
SA-00813,尾韻,尾韻,-n,,-n,,,,,,,,,,audio/finals/-n/final_n_sentence_007.mp3,https://app.speakalongcuhk.com/assets/voices/-n/4-7.mp3,https://app.speakalongcuhk.com/assets/voices/-n/4-7.mp3,https://app.speakalongcuhk.com/tc/scontent/-n/sentence,sound:-n:sentence:7,4-7.mp3,mp3,.mp3,3.265306,44100,2,86840,6d0ff4a340baff4ae3ea06c26bd5fabde5612bd7cd85369f9d0399b5b1e9127b,1,yue-Hant,sentence,,,,The site supplies no machine-readable lexical/Jyutping/tone text for this item; fields remain empty rather than inferred.
SA-00814,尾韻,尾韻,-n,,-n,,,,,,,,,,audio/finals/-n/final_n_sentence_008.mp3,https://app.speakalongcuhk.com/assets/voices/-n/4-8.mp3,https://app.speakalongcuhk.com/assets/voices/-n/4-8.mp3,https://app.speakalongcuhk.com/tc/scontent/-n/sentence,sound:-n:sentence:8,4-8.mp3,mp3,.mp3,4.728163,44100,2,117937,44d4b7e718fb16943ed71d9d4c7630c8d237146bc7fa84faed7d85781a40e3fc,1,yue-Hant,sentence,,,,The site supplies no machine-readable lexical/Jyutping/tone text for this item; fields remain empty rather than inferred.
SA-00815,尾韻,尾韻,-n,,-n,,,,,,,,,,audio/finals/-n/final_n_sentence_009.mp3,https://app.speakalongcuhk.com/assets/voices/-n/4-9.mp3,https://app.speakalongcuhk.com/assets/voices/-n/4-9.mp3,https://app.speakalongcuhk.com/tc/scontent/-n/sentence,sound:-n:sentence:9,4-9.mp3,mp3,.mp3,3.343673,44100,2,86107,02dab70fc9c954d15321ea37c6771097755681368615fc1b76a1d2afa80b68da,1,yue-Hant,sentence,,,,The site supplies no machine-readable lexical/Jyutping/tone text for this item; fields remain empty rather than inferred.
SA-00816,尾韻,尾韻,-n,,-n,,,,,,,,,,audio/finals/-n/final_n_sentence_010.mp3,https://app.speakalongcuhk.com/assets/voices/-n/4-10.mp3,https://app.speakalongcuhk.com/assets/voices/-n/4-10.mp3,https://app.speakalongcuhk.com/tc/scontent/-n/sentence,sound:-n:sentence:10,4-10.mp3,mp3,.mp3,2.690612,44100,2,70084,26b95569b4966091da9eaf192d451a793dedc7552c94a16451eaa5fdfe86bbbf,1,yue-Hant,sentence,,,,The site supplies no machine-readable lexical/Jyutping/tone text for this item; fields remain empty rather than inferred.
SA-00817,尾韻,尾韻,-n,,-n,,,,,,,,,,audio/finals/-n/final_n_story_001.mp3,https://app.speakalongcuhk.com/assets/voices/-n/5-1.mp3,https://app.speakalongcuhk.com/assets/voices/-n/5-1.mp3,https://app.speakalongcuhk.com/tc/scontent/-n/story,sound:-n:story:1,5-1.mp3,mp3,.mp3,3.683265,44100,2,93572,3a661d812f8b6a10420d9d0f95135960d1548aceb3e1b3dffa0e5d16e6f855bf,1,yue-Hant,story,,,,The site supplies no machine-readable lexical/Jyutping/tone text for this item; fields remain empty rather than inferred.
SA-00818,尾韻,尾韻,-n,,-n,,,,,,,,,,audio/finals/-n/final_n_story_002.mp3,https://app.speakalongcuhk.com/assets/voices/-n/5-2.mp3,https://app.speakalongcuhk.com/assets/voices/-n/5-2.mp3,https://app.speakalongcuhk.com/tc/scontent/-n/story,sound:-n:story:2,5-2.mp3,mp3,.mp3,4.466939,44100,2,118566,c9bcb76b0f3822e544eafae57ac9eb1ec608556035935ba481a468d47f075ddb,1,yue-Hant,story,,,,The site supplies no machine-readable lexical/Jyutping/tone text for this item; fields remain empty rather than inferred.
SA-00819,尾韻,尾韻,-n,,-n,,,,,,,,,,audio/finals/-n/final_n_story_003.mp3,https://app.speakalongcuhk.com/assets/voices/-n/5-3.mp3,https://app.speakalongcuhk.com/assets/voices/-n/5-3.mp3,https://app.speakalongcuhk.com/tc/scontent/-n/story,sound:-n:story:3,5-3.mp3,mp3,.mp3,4.545306,44100,2,113039,51e791a4dce1bf164934cdb3f1b4a15c63c17740e1f903eab146a18eecfde89f,1,yue-Hant,story,,,,The site supplies no machine-readable lexical/Jyutping/tone text for this item; fields remain empty rather than inferred.
SA-00820,尾韻,尾韻,-n,,-n,,,,,,,,,,audio/finals/-n/final_n_story_004.mp3,https://app.speakalongcuhk.com/assets/voices/-n/5-4.mp3,https://app.speakalongcuhk.com/assets/voices/-n/5-4.mp3,https://app.speakalongcuhk.com/tc/scontent/-n/story,sound:-n:story:4,5-4.mp3,mp3,.mp3,5.250612,44100,2,130149,f7f7342322e430c159b26b4279e5445ceb4ae4abf28dcb94fffacc83111a89a9,1,yue-Hant,story,,,,The site supplies no machine-readable lexical/Jyutping/tone text for this item; fields remain empty rather than inferred.
SA-00821,尾韻,尾韻,-n,,-n,,,,,,,,,,audio/finals/-n/final_n_story_005.mp3,https://app.speakalongcuhk.com/assets/voices/-n/5-5.mp3,https://app.speakalongcuhk.com/assets/voices/-n/5-5.mp3,https://app.speakalongcuhk.com/tc/scontent/-n/story,sound:-n:story:5,5-5.mp3,mp3,.mp3,4.205714,44100,2,100041,aff4cebe13ff86aca6e5982684cdf3faa6280d949a695f3bf81a389179b40502,1,yue-Hant,story,,,,The site supplies no machine-readable lexical/Jyutping/tone text for this item; fields remain empty rather than inferred.
SA-00822,尾韻,尾韻,-ng,,-ng,,,,,燈,,,,,audio/finals/-ng/final_ng_001.mp3,https://app.speakalongcuhk.com/assets/voices/-ng/1-1.mp3,https://app.speakalongcuhk.com/assets/voices/-ng/1-1.mp3,https://app.speakalongcuhk.com/tc/scontent/-ng/single,sound:-ng:single:1,1-1.mp3,mp3,.mp3,1.07102,44100,2,18626,98b17cb2bc961dc4687a4aefb62dff96fec9f53f00ec0e636ad072936afa117f,1,yue-Hant,single,,,,Lexical label is human-curated from source artwork/category; it is not textual metadata supplied by the site.
SA-00823,尾韻,尾韻,-ng,,-ng,,,,,床,,,,,audio/finals/-ng/final_ng_002.mp3,https://app.speakalongcuhk.com/assets/voices/-ng/1-2.mp3,https://app.speakalongcuhk.com/assets/voices/-ng/1-2.mp3,https://app.speakalongcuhk.com/tc/scontent/-ng/single,sound:-ng:single:2,1-2.mp3,mp3,.mp3,1.07102,44100,2,20766,da898ba6caeb8f2c7c3b936be2d2bfa397724f567af09b5ad8b866336afb2b6f,1,yue-Hant,single,,,,Lexical label is human-curated from source artwork/category; it is not textual metadata supplied by the site.
SA-00824,尾韻,尾韻,-ng,,-ng,,,,,鏡,,,,,audio/finals/-ng/final_ng_003.mp3,https://app.speakalongcuhk.com/assets/voices/-ng/1-3.mp3,https://app.speakalongcuhk.com/assets/voices/-ng/1-3.mp3,https://app.speakalongcuhk.com/tc/scontent/-ng/single,sound:-ng:single:3,1-3.mp3,mp3,.mp3,1.07102,44100,2,23169,83ea1eeeea96655f642003b63fc087b4144753a5e9c89d4683c26f3f016e98e9,1,yue-Hant,single,,,,Lexical label is human-curated from source artwork/category; it is not textual metadata supplied by the site.
SA-00825,尾韻,尾韻,-ng,,-ng,,,,,窗,,,,,audio/finals/-ng/final_ng_004.mp3,https://app.speakalongcuhk.com/assets/voices/-ng/1-4.mp3,https://app.speakalongcuhk.com/assets/voices/-ng/1-4.mp3,https://app.speakalongcuhk.com/tc/scontent/-ng/single,sound:-ng:single:4,1-4.mp3,mp3,.mp3,1.097143,44100,2,28180,f064489bed356f4f430e140bf053476e189d4115d05234850cbd9f4750967393,1,yue-Hant,single,,,,Lexical label is human-curated from source artwork/category; it is not textual metadata supplied by the site.
SA-00826,尾韻,尾韻,-ng,,-ng,,,,,釘,,,,,audio/finals/-ng/final_ng_005.mp3,https://app.speakalongcuhk.com/assets/voices/-ng/1-5.mp3,https://app.speakalongcuhk.com/assets/voices/-ng/1-5.mp3,https://app.speakalongcuhk.com/tc/scontent/-ng/single,sound:-ng:single:5,1-5.mp3,mp3,.mp3,1.097143,44100,2,25674,69a4dc08dc8929c72b83966e57b2ae2b7e9d00fd8e118c69fde771126979b5f6,1,yue-Hant,single,,,,Lexical label is human-curated from source artwork/category; it is not textual metadata supplied by the site.
SA-00827,尾韻,尾韻,-ng,,-ng,,,,,橙,,,,,audio/finals/-ng/final_ng_006.mp3,https://app.speakalongcuhk.com/assets/voices/-ng/1-6.mp3,https://app.speakalongcuhk.com/assets/voices/-ng/1-6.mp3,https://app.speakalongcuhk.com/tc/scontent/-ng/single,sound:-ng:single:6,1-6.mp3,mp3,.mp3,1.201633,44100,2,28597,7d94aacbbca6473d85bad5770e97deb931fb5d17d6b71047c66dc36083bf13ee,1,yue-Hant,single,,,,Lexical label is human-curated from source artwork/category; it is not textual metadata supplied by the site.
SA-00828,尾韻,尾韻,-ng,,-ng,,,,,星,,,,,audio/finals/-ng/final_ng_007.mp3,https://app.speakalongcuhk.com/assets/voices/-ng/1-7.mp3,https://app.speakalongcuhk.com/assets/voices/-ng/1-7.mp3,https://app.speakalongcuhk.com/tc/scontent/-ng/single,sound:-ng:single:7,1-7.mp3,mp3,.mp3,1.097143,44100,2,29433,d80988487cb14c319f2a1ad8a173f5d969351d9112c64d9649fe4f3c358f9df4,1,yue-Hant,single,,,,Lexical label is human-curated from source artwork/category; it is not textual metadata supplied by the site.
SA-00829,尾韻,尾韻,-ng,,-ng,,,,,餅,,,,,audio/finals/-ng/final_ng_008.mp3,https://app.speakalongcuhk.com/assets/voices/-ng/1-8.mp3,https://app.speakalongcuhk.com/assets/voices/-ng/1-8.mp3,https://app.speakalongcuhk.com/tc/scontent/-ng/single,sound:-ng:single:8,1-8.mp3,mp3,.mp3,1.07102,44100,2,23899,c5f59c5ca5a8742143dee0ecdafb8da0d7c87529fa640ba24d30bc9d684d77d9,1,yue-Hant,single,,,,Lexical label is human-curated from source artwork/category; it is not textual metadata supplied by the site.
SA-00830,尾韻,尾韻,-ng,,-ng,,,,,羊,,,,,audio/finals/-ng/final_ng_009.mp3,https://app.speakalongcuhk.com/assets/voices/-ng/1-9.mp3,https://app.speakalongcuhk.com/assets/voices/-ng/1-9.mp3,https://app.speakalongcuhk.com/tc/scontent/-ng/single,sound:-ng:single:9,1-9.mp3,mp3,.mp3,1.07102,44100,2,24003,0f04d13d3dd7bed570c30cf2375822268740173bb5ccf1bc7d368e2fcfb25a32,1,yue-Hant,single,,,,Lexical label is human-curated from source artwork/category; it is not textual metadata supplied by the site.
SA-00831,尾韻,尾韻,-ng,,-ng,,,,,冰,,,,,audio/finals/-ng/final_ng_010.mp3,https://app.speakalongcuhk.com/assets/voices/-ng/1-10.mp3,https://app.speakalongcuhk.com/assets/voices/-ng/1-10.mp3,https://app.speakalongcuhk.com/tc/scontent/-ng/single,sound:-ng:single:10,1-10.mp3,mp3,.mp3,1.018776,44100,2,24213,95a7e8e910e5769260bc35cecd5d9f56011e63717da8e5575320bcda46b31dee,1,yue-Hant,single,,,,Lexical label is human-curated from source artwork/category; it is not textual metadata supplied by the site.
SA-00832,尾韻,尾韻,-ng,,-ng,,,,,,,,,,audio/finals/-ng/final_ng_word_001.mp3,https://app.speakalongcuhk.com/assets/voices/-ng/2-1.mp3,https://app.speakalongcuhk.com/assets/voices/-ng/2-1.mp3,https://app.speakalongcuhk.com/tc/scontent/-ng/word,sound:-ng:word:1,2-1.mp3,mp3,.mp3,1.436735,44100,2,36530,7c99dce9a51946a075d04dfd36088d1e6b7d842adfb3b30f0cbbca16f0ccb987,1,yue-Hant,word,,,,The site supplies no machine-readable lexical/Jyutping/tone text for this item; fields remain empty rather than inferred.
SA-00833,尾韻,尾韻,-ng,,-ng,,,,,,,,,,audio/finals/-ng/final_ng_word_002.mp3,https://app.speakalongcuhk.com/assets/voices/-ng/2-2.mp3,https://app.speakalongcuhk.com/assets/voices/-ng/2-2.mp3,https://app.speakalongcuhk.com/tc/scontent/-ng/word,sound:-ng:word:2,2-2.mp3,mp3,.mp3,1.149388,44100,2,29957,2cd1e21da19ff77071cfd01aa70b16ee52519106cc8865bbfdce30d0dbe210d1,1,yue-Hant,word,,,,The site supplies no machine-readable lexical/Jyutping/tone text for this item; fields remain empty rather than inferred.
SA-00834,尾韻,尾韻,-ng,,-ng,,,,,,,,,,audio/finals/-ng/final_ng_word_003.mp3,https://app.speakalongcuhk.com/assets/voices/-ng/2-3.mp3,https://app.speakalongcuhk.com/assets/voices/-ng/2-3.mp3,https://app.speakalongcuhk.com/tc/scontent/-ng/word,sound:-ng:word:3,2-3.mp3,mp3,.mp3,1.541224,44100,2,38093,caeef60991d03420708891b186afaf2dd333b46a324fa67587da7415ae91d67b,1,yue-Hant,word,,,,The site supplies no machine-readable lexical/Jyutping/tone text for this item; fields remain empty rather than inferred.
SA-00835,尾韻,尾韻,-ng,,-ng,,,,,,,,,,audio/finals/-ng/final_ng_word_004.mp3,https://app.speakalongcuhk.com/assets/voices/-ng/2-4.mp3,https://app.speakalongcuhk.com/assets/voices/-ng/2-4.mp3,https://app.speakalongcuhk.com/tc/scontent/-ng/word,sound:-ng:word:4,2-4.mp3,mp3,.mp3,1.358367,44100,2,32457,125504c5f3562c57602ed6d674ab27e53b680ed68c9c416c6ae003eb7a77b942,1,yue-Hant,word,,,,The site supplies no machine-readable lexical/Jyutping/tone text for this item; fields remain empty rather than inferred.
SA-00836,尾韻,尾韻,-ng,,-ng,,,,,,,,,,audio/finals/-ng/final_ng_word_005.mp3,https://app.speakalongcuhk.com/assets/voices/-ng/2-5.mp3,https://app.speakalongcuhk.com/assets/voices/-ng/2-5.mp3,https://app.speakalongcuhk.com/tc/scontent/-ng/word,sound:-ng:word:5,2-5.mp3,mp3,.mp3,1.306122,44100,2,31100,2b26fcb2b8c626be0c026038cbade628645e77442903101868ab0f52dad7b457,1,yue-Hant,word,,,,The site supplies no machine-readable lexical/Jyutping/tone text for this item; fields remain empty rather than inferred.
SA-00837,尾韻,尾韻,-ng,,-ng,,,,,,,,,,audio/finals/-ng/final_ng_word_006.mp3,https://app.speakalongcuhk.com/assets/voices/-ng/2-6.mp3,https://app.speakalongcuhk.com/assets/voices/-ng/2-6.mp3,https://app.speakalongcuhk.com/tc/scontent/-ng/word,sound:-ng:word:6,2-6.mp3,mp3,.mp3,1.410612,44100,2,33397,6d85c37611a34ab4032eea6421836670d19107f1dbe6f643afc919b856d1b433,1,yue-Hant,word,,,,The site supplies no machine-readable lexical/Jyutping/tone text for this item; fields remain empty rather than inferred.
SA-00838,尾韻,尾韻,-ng,,-ng,,,,,,,,,,audio/finals/-ng/final_ng_word_007.mp3,https://app.speakalongcuhk.com/assets/voices/-ng/2-7.mp3,https://app.speakalongcuhk.com/assets/voices/-ng/2-7.mp3,https://app.speakalongcuhk.com/tc/scontent/-ng/word,sound:-ng:word:7,2-7.mp3,mp3,.mp3,1.358367,44100,2,32143,6943160daac64fc75cc12c6a071965b0b46c685c662db59bf89a27c776e13d2b,1,yue-Hant,word,,,,The site supplies no machine-readable lexical/Jyutping/tone text for this item; fields remain empty rather than inferred.
SA-00839,尾韻,尾韻,-ng,,-ng,,,,,,,,,,audio/finals/-ng/final_ng_word_008.mp3,https://app.speakalongcuhk.com/assets/voices/-ng/2-8.mp3,https://app.speakalongcuhk.com/assets/voices/-ng/2-8.mp3,https://app.speakalongcuhk.com/tc/scontent/-ng/word,sound:-ng:word:8,2-8.mp3,mp3,.mp3,1.515102,44100,2,41125,304311c74a9d2f0c48c2f0fa7f91cc662bb30df7e01f43ad3ca6f1010099eed0,1,yue-Hant,word,,,,The site supplies no machine-readable lexical/Jyutping/tone text for this item; fields remain empty rather than inferred.
SA-00840,尾韻,尾韻,-ng,,-ng,,,,,,,,,,audio/finals/-ng/final_ng_word_009.mp3,https://app.speakalongcuhk.com/assets/voices/-ng/2-9.mp3,https://app.speakalongcuhk.com/assets/voices/-ng/2-9.mp3,https://app.speakalongcuhk.com/tc/scontent/-ng/word,sound:-ng:word:9,2-9.mp3,mp3,.mp3,1.462857,44100,2,36581,155c236a8b2f2e575c3c261af5d868c044edd7e51abce24955a2e0028b770fb7,1,yue-Hant,word,,,,The site supplies no machine-readable lexical/Jyutping/tone text for this item; fields remain empty rather than inferred.
SA-00841,尾韻,尾韻,-ng,,-ng,,,,,,,,,,audio/finals/-ng/final_ng_word_010.mp3,https://app.speakalongcuhk.com/assets/voices/-ng/2-10.mp3,https://app.speakalongcuhk.com/assets/voices/-ng/2-10.mp3,https://app.speakalongcuhk.com/tc/scontent/-ng/word,sound:-ng:word:10,2-10.mp3,mp3,.mp3,1.253878,44100,2,32356,f972816458a89d30520049e838ea424501988e8267a4de15194f7c78dc192da7,1,yue-Hant,word,,,,The site supplies no machine-readable lexical/Jyutping/tone text for this item; fields remain empty rather than inferred.
SA-00842,尾韻,尾韻,-ng,,-ng,,,,,,,,,,audio/finals/-ng/final_ng_sentence_001.mp3,https://app.speakalongcuhk.com/assets/voices/-ng/4-1.mp3,https://app.speakalongcuhk.com/assets/voices/-ng/4-1.mp3,https://app.speakalongcuhk.com/tc/scontent/-ng/sentence,sound:-ng:sentence:1,4-1.mp3,mp3,.mp3,3.369796,44100,2,80984,64e01a55c931420784ba4d2a93377392543acc7ca1bf573d2c070baa68187d79,1,yue-Hant,sentence,,,,The site supplies no machine-readable lexical/Jyutping/tone text for this item; fields remain empty rather than inferred.
SA-00843,尾韻,尾韻,-ng,,-ng,,,,,,,,,,audio/finals/-ng/final_ng_sentence_002.mp3,https://app.speakalongcuhk.com/assets/voices/-ng/4-2.mp3,https://app.speakalongcuhk.com/assets/voices/-ng/4-2.mp3,https://app.speakalongcuhk.com/tc/scontent/-ng/sentence,sound:-ng:sentence:2,4-2.mp3,mp3,.mp3,2.66449,44100,2,67843,ca3d4d24e43c18b2156675e6019742726531645de5b1c7ad28e4014fcb987714,1,yue-Hant,sentence,,,,The site supplies no machine-readable lexical/Jyutping/tone text for this item; fields remain empty rather than inferred.
SA-00844,尾韻,尾韻,-ng,,-ng,,,,,,,,,,audio/finals/-ng/final_ng_sentence_003.mp3,https://app.speakalongcuhk.com/assets/voices/-ng/4-3.mp3,https://app.speakalongcuhk.com/assets/voices/-ng/4-3.mp3,https://app.speakalongcuhk.com/tc/scontent/-ng/sentence,sound:-ng:sentence:3,4-3.mp3,mp3,.mp3,2.899592,44100,2,73999,0cdec38b4c15fdd79334ac80b5922720238ab7dbadc73196e6180e1064e1f753,1,yue-Hant,sentence,,,,The site supplies no machine-readable lexical/Jyutping/tone text for this item; fields remain empty rather than inferred.
SA-00845,尾韻,尾韻,-ng,,-ng,,,,,,,,,,audio/finals/-ng/final_ng_sentence_004.mp3,https://app.speakalongcuhk.com/assets/voices/-ng/4-4.mp3,https://app.speakalongcuhk.com/assets/voices/-ng/4-4.mp3,https://app.speakalongcuhk.com/tc/scontent/-ng/sentence,sound:-ng:sentence:4,4-4.mp3,mp3,.mp3,2.795102,44100,2,73999,dcaf8a99198a667e70b1e9f38eedeaa237312905254e5fce8dd806406e538d35,1,yue-Hant,sentence,,,,The site supplies no machine-readable lexical/Jyutping/tone text for this item; fields remain empty rather than inferred.
SA-00846,尾韻,尾韻,-ng,,-ng,,,,,,,,,,audio/finals/-ng/final_ng_sentence_005.mp3,https://app.speakalongcuhk.com/assets/voices/-ng/4-5.mp3,https://app.speakalongcuhk.com/assets/voices/-ng/4-5.mp3,https://app.speakalongcuhk.com/tc/scontent/-ng/sentence,sound:-ng:sentence:5,4-5.mp3,mp3,.mp3,3.004082,44100,2,82405,fe1de821ddb5a9d0e484b2c825d1a5193f78465736c998fcc7f8934f4685556e,1,yue-Hant,sentence,,,,The site supplies no machine-readable lexical/Jyutping/tone text for this item; fields remain empty rather than inferred.
SA-00847,尾韻,尾韻,-ng,,-ng,,,,,,,,,,audio/finals/-ng/final_ng_sentence_006.mp3,https://app.speakalongcuhk.com/assets/voices/-ng/4-6.mp3,https://app.speakalongcuhk.com/assets/voices/-ng/4-6.mp3,https://app.speakalongcuhk.com/tc/scontent/-ng/sentence,sound:-ng:sentence:6,4-6.mp3,mp3,.mp3,3.866122,44100,2,96022,09341501521be14f077136e77c213e7342b88b2cffbe8e9d74a0c74179e78f9b,1,yue-Hant,sentence,,,,The site supplies no machine-readable lexical/Jyutping/tone text for this item; fields remain empty rather than inferred.
SA-00848,尾韻,尾韻,-ng,,-ng,,,,,,,,,,audio/finals/-ng/final_ng_sentence_007.mp3,https://app.speakalongcuhk.com/assets/voices/-ng/4-7.mp3,https://app.speakalongcuhk.com/assets/voices/-ng/4-7.mp3,https://app.speakalongcuhk.com/tc/scontent/-ng/sentence,sound:-ng:sentence:7,4-7.mp3,mp3,.mp3,2.951837,44100,2,71181,4dea159d56966553aee666f7ae429243db68dca115c71bb9da2807578346bb19,1,yue-Hant,sentence,,,,The site supplies no machine-readable lexical/Jyutping/tone text for this item; fields remain empty rather than inferred.
SA-00849,尾韻,尾韻,-ng,,-ng,,,,,,,,,,audio/finals/-ng/final_ng_sentence_008.mp3,https://app.speakalongcuhk.com/assets/voices/-ng/4-8.mp3,https://app.speakalongcuhk.com/assets/voices/-ng/4-8.mp3,https://app.speakalongcuhk.com/tc/scontent/-ng/sentence,sound:-ng:sentence:8,4-8.mp3,mp3,.mp3,3.213061,44100,2,77856,62ee70da204e2522419ceb2df636a8cdf875f048ae8c93711659c5cd8b6dae17,1,yue-Hant,sentence,,,,The site supplies no machine-readable lexical/Jyutping/tone text for this item; fields remain empty rather than inferred.
SA-00850,尾韻,尾韻,-ng,,-ng,,,,,,,,,,audio/finals/-ng/final_ng_sentence_009.mp3,https://app.speakalongcuhk.com/assets/voices/-ng/4-9.mp3,https://app.speakalongcuhk.com/assets/voices/-ng/4-9.mp3,https://app.speakalongcuhk.com/tc/scontent/-ng/sentence,sound:-ng:sentence:9,4-9.mp3,mp3,.mp3,3.160816,44100,2,79193,215595400c3644f50b26fc7ed04bd45f907c758a6c7dadc724040bede9813338,1,yue-Hant,sentence,,,,The site supplies no machine-readable lexical/Jyutping/tone text for this item; fields remain empty rather than inferred.
SA-00851,尾韻,尾韻,-ng,,-ng,,,,,,,,,,audio/finals/-ng/final_ng_sentence_010.mp3,https://app.speakalongcuhk.com/assets/voices/-ng/4-10.mp3,https://app.speakalongcuhk.com/assets/voices/-ng/4-10.mp3,https://app.speakalongcuhk.com/tc/scontent/-ng/sentence,sound:-ng:sentence:10,4-10.mp3,mp3,.mp3,3.004082,44100,2,72847,918a932c1eea0b1d594714625af2a3a81c5a33bdda14b94854bcc27e7377ac2d,1,yue-Hant,sentence,,,,The site supplies no machine-readable lexical/Jyutping/tone text for this item; fields remain empty rather than inferred.
SA-00852,尾韻,尾韻,-ng,,-ng,,,,,,,,,,audio/finals/-ng/final_ng_story_001.mp3,https://app.speakalongcuhk.com/assets/voices/-ng/5-1.mp3,https://app.speakalongcuhk.com/assets/voices/-ng/5-1.mp3,https://app.speakalongcuhk.com/tc/scontent/-ng/story,sound:-ng:story:1,5-1.mp3,mp3,.mp3,3.108571,44100,2,83602,dd3abef63247b9ecda94db378da47515dc9983b0b888f0d3edd661406dc2f67e,1,yue-Hant,story,,,,The site supplies no machine-readable lexical/Jyutping/tone text for this item; fields remain empty rather than inferred.
SA-00853,尾韻,尾韻,-ng,,-ng,,,,,,,,,,audio/finals/-ng/final_ng_story_002.mp3,https://app.speakalongcuhk.com/assets/voices/-ng/5-2.mp3,https://app.speakalongcuhk.com/assets/voices/-ng/5-2.mp3,https://app.speakalongcuhk.com/tc/scontent/-ng/story,sound:-ng:story:2,5-2.mp3,mp3,.mp3,4.388571,44100,2,111371,844446108f22f27421db00c48a33a9d1f88b9182be6bbf11e463c55146cb45c8,1,yue-Hant,story,,,,The site supplies no machine-readable lexical/Jyutping/tone text for this item; fields remain empty rather than inferred.
SA-00854,尾韻,尾韻,-ng,,-ng,,,,,,,,,,audio/finals/-ng/final_ng_story_003.mp3,https://app.speakalongcuhk.com/assets/voices/-ng/5-3.mp3,https://app.speakalongcuhk.com/assets/voices/-ng/5-3.mp3,https://app.speakalongcuhk.com/tc/scontent/-ng/story,sound:-ng:story:3,5-3.mp3,mp3,.mp3,4.571429,44100,2,111984,0cc3b5259105e410fa0a2c4d44ea895c1a089fe7fa53d65a0770a1020a1145ff,1,yue-Hant,story,,,,The site supplies no machine-readable lexical/Jyutping/tone text for this item; fields remain empty rather than inferred.
SA-00855,尾韻,尾韻,-ng,,-ng,,,,,,,,,,audio/finals/-ng/final_ng_story_004.mp3,https://app.speakalongcuhk.com/assets/voices/-ng/5-4.mp3,https://app.speakalongcuhk.com/assets/voices/-ng/5-4.mp3,https://app.speakalongcuhk.com/tc/scontent/-ng/story,sound:-ng:story:4,5-4.mp3,mp3,.mp3,3.552653,44100,2,92473,5ebd9a825fdfdea3bc9a559ec2a2c10bf64e353269d4ffff970b0099742dcb6a,1,yue-Hant,story,,,,The site supplies no machine-readable lexical/Jyutping/tone text for this item; fields remain empty rather than inferred.
SA-00856,尾韻,尾韻,-ng,,-ng,,,,,,,,,,audio/finals/-ng/final_ng_story_005.mp3,https://app.speakalongcuhk.com/assets/voices/-ng/5-5.mp3,https://app.speakalongcuhk.com/assets/voices/-ng/5-5.mp3,https://app.speakalongcuhk.com/tc/scontent/-ng/story,sound:-ng:story:5,5-5.mp3,mp3,.mp3,5.198367,44100,2,126080,8b5c797a5ca76961c612c7b0207749c13cfc35e2b27c0cbb38eccc6e48d5e87a,1,yue-Hant,story,,,,The site supplies no machine-readable lexical/Jyutping/tone text for this item; fields remain empty rather than inferred.
SA-00857,尾韻,尾韻,-ng,,-ng,,,,,,,,,,audio/finals/-ng/final_ng_story_006.mp3,https://app.speakalongcuhk.com/assets/voices/-ng/5-6.mp3,https://app.speakalongcuhk.com/assets/voices/-ng/5-6.mp3,https://app.speakalongcuhk.com/tc/scontent/-ng/story,sound:-ng:story:6,5-6.mp3,mp3,.mp3,3.709388,44100,2,97331,25d13d59d2283881ac3c82ab70f7a18d6438b0c301017bf946deb33c778235c4,1,yue-Hant,story,,,,The site supplies no machine-readable lexical/Jyutping/tone text for this item; fields remain empty rather than inferred.
SA-00858,尾韻,尾韻,-ng,,-ng,,,,,,,,,,audio/finals/-ng/final_ng_story_007.mp3,https://app.speakalongcuhk.com/assets/voices/-ng/5-7.mp3,https://app.speakalongcuhk.com/assets/voices/-ng/5-7.mp3,https://app.speakalongcuhk.com/tc/scontent/-ng/story,sound:-ng:story:7,5-7.mp3,mp3,.mp3,5.12,44100,2,124492,8e7cbe77dd1ad53dd517c7bc0fb3e7a1685bfa35e8ba5bd085ee2f597b2a01f4,1,yue-Hant,story,,,,The site supplies no machine-readable lexical/Jyutping/tone text for this item; fields remain empty rather than inferred.
SA-00859,尾韻,尾韻,-ng,,-ng,,,,,,,,,,audio/finals/-ng/final_ng_story_008.mp3,https://app.speakalongcuhk.com/assets/voices/-ng/5-8.mp3,https://app.speakalongcuhk.com/assets/voices/-ng/5-8.mp3,https://app.speakalongcuhk.com/tc/scontent/-ng/story,sound:-ng:story:8,5-8.mp3,mp3,.mp3,3.813878,44100,2,95996,3d55c6110bcf028579cffcb7c7419a32be1bff3690db6412ebdb54f194ccf683,1,yue-Hant,story,,,,The site supplies no machine-readable lexical/Jyutping/tone text for this item; fields remain empty rather than inferred.
SA-00860,尾韻,尾韻,-ng,,-ng,,,,,,,,,,audio/finals/-ng/final_ng_story_009.mp3,https://app.speakalongcuhk.com/assets/voices/-ng/5-9.mp3,https://app.speakalongcuhk.com/assets/voices/-ng/5-9.mp3,https://app.speakalongcuhk.com/tc/scontent/-ng/story,sound:-ng:story:9,5-9.mp3,mp3,.mp3,4.284082,44100,2,107762,aca74b1f9e0b966b49abd892d45473ef5d9d32a077a963057b743e5be6f82d63,1,yue-Hant,story,,,,The site supplies no machine-readable lexical/Jyutping/tone text for this item; fields remain empty rather than inferred.
SA-00861,語文轉換,語文轉換,,,,,,,,,,,,,audio/language_conversion/book_01/spoken/book_01_000_spoken.mp3,https://app.speakalongcuhk.com/assets/books/1/0.mp3,https://app.speakalongcuhk.com/assets/books/1/0.mp3,https://app.speakalongcuhk.com/tc/bcontent/1,book:1:0:口語,0.mp3,mp3,.mp3,2.39775,44100,2,42876,ecad2bb01d55814ac1903f70e87c0d6e066d2a0450baf0d22ae9be8026e3f297,1,yue-Hant,book,1,物歸原主,口語,The site supplies no machine-readable lexical/Jyutping/tone text for this item; fields remain empty rather than inferred.
SA-00862,語文轉換,語文轉換,,,,,,,,,,,,,audio/language_conversion/book_01/written/book_01_000_written.mp3,https://app.speakalongcuhk.com/assets/books/1/0s.mp3,https://app.speakalongcuhk.com/assets/books/1/0s.mp3,https://app.speakalongcuhk.com/tc/bcontent/1,book:1:0:書面語,0s.mp3,mp3,.mp3,2.632312,44100,2,46887,4edf54b3f42392d15390c153f0063c1164c5508e5cce3ddde753f7e32f0e0e71,2,yue-Hant,book,1,物歸原主,書面語,The site supplies no machine-readable lexical/Jyutping/tone text for this item; fields remain empty rather than inferred.
SA-00863,語文轉換,語文轉換,,,,,,,,,,,,,audio/language_conversion/book_01/spoken/book_01_001_spoken.mp3,https://app.speakalongcuhk.com/assets/books/1/1.mp3,https://app.speakalongcuhk.com/assets/books/1/1.mp3,https://app.speakalongcuhk.com/tc/bcontent/1,book:1:1:口語,1.mp3,mp3,.mp3,2.267438,44100,2,41135,56726632e2520a267fe15b6fc21c84e36470e4cef42d5b036517b73887baa075,1,yue-Hant,book,1,物歸原主,口語,The site supplies no machine-readable lexical/Jyutping/tone text for this item; fields remain empty rather than inferred.
SA-00864,語文轉換,語文轉換,,,,,,,,,,,,,audio/language_conversion/book_01/written/book_01_001_written.mp3,https://app.speakalongcuhk.com/assets/books/1/1s.mp3,https://app.speakalongcuhk.com/assets/books/1/1s.mp3,https://app.speakalongcuhk.com/tc/bcontent/1,book:1:1:書面語,1s.mp3,mp3,.mp3,2.032875,44100,2,36768,ef56d4c8a859b94143bf1d337b8d94d37b6f3f98977eed6d46caf95ce9a8347b,2,yue-Hant,book,1,物歸原主,書面語,The site supplies no machine-readable lexical/Jyutping/tone text for this item; fields remain empty rather than inferred.
SA-00865,語文轉換,語文轉換,,,,,,,,,,,,,audio/language_conversion/book_01/spoken/book_01_002_spoken.mp3,https://app.speakalongcuhk.com/assets/books/1/2.mp3,https://app.speakalongcuhk.com/assets/books/1/2.mp3,https://app.speakalongcuhk.com/tc/bcontent/1,book:1:2:口語,2.mp3,mp3,.mp3,1.98075,44100,2,37070,b7c141a259957eae396028fa8ff6ed07be5f6b7a9194ff3e2252df350d096216,1,yue-Hant,book,1,物歸原主,口語,The site supplies no machine-readable lexical/Jyutping/tone text for this item; fields remain empty rather than inferred.
SA-00866,語文轉換,語文轉換,,,,,,,,,,,,,audio/language_conversion/book_01/written/book_01_002_written.mp3,https://app.speakalongcuhk.com/assets/books/1/2s.mp3,https://app.speakalongcuhk.com/assets/books/1/2s.mp3,https://app.speakalongcuhk.com/tc/bcontent/1,book:1:2:書面語,2s.mp3,mp3,.mp3,2.39775,44100,2,43128,486a33b76630a2f375a841f398c66f8a64df0742976b86b8454e0164b99c7d13,2,yue-Hant,book,1,物歸原主,書面語,The site supplies no machine-readable lexical/Jyutping/tone text for this item; fields remain empty rather than inferred.
SA-00867,語文轉換,語文轉換,,,,,,,,,,,,,audio/language_conversion/book_01/spoken/book_01_003_spoken.mp3,https://app.speakalongcuhk.com/assets/books/1/3.mp3,https://app.speakalongcuhk.com/assets/books/1/3.mp3,https://app.speakalongcuhk.com/tc/bcontent/1,book:1:3:口語,3.mp3,mp3,.mp3,1.615875,44100,2,31742,9d2593d125f6386ca77e442846708bdf5d222de691c14f5752e503a17a7f97f3,1,yue-Hant,book,1,物歸原主,口語,The site supplies no machine-readable lexical/Jyutping/tone text for this item; fields remain empty rather than inferred.
SA-00868,語文轉換,語文轉換,,,,,,,,,,,,,audio/language_conversion/book_01/written/book_01_003_written.mp3,https://app.speakalongcuhk.com/assets/books/1/3s.mp3,https://app.speakalongcuhk.com/assets/books/1/3s.mp3,https://app.speakalongcuhk.com/tc/bcontent/1,book:1:3:書面語,3s.mp3,mp3,.mp3,2.319562,44100,2,42399,fb90b6bce5db83adbea3b854717edc1de214a2d9ce838c6b4f543dde8fffc1c1,2,yue-Hant,book,1,物歸原主,書面語,The site supplies no machine-readable lexical/Jyutping/tone text for this item; fields remain empty rather than inferred.
SA-00869,語文轉換,語文轉換,,,,,,,,,,,,,audio/language_conversion/book_01/spoken/book_01_004_spoken.mp3,https://app.speakalongcuhk.com/assets/books/1/4.mp3,https://app.speakalongcuhk.com/assets/books/1/4.mp3,https://app.speakalongcuhk.com/tc/bcontent/1,book:1:4:口語,4.mp3,mp3,.mp3,2.006813,44100,2,38525,2a358c3baa3bfaaf320b01b01b41989cb9b186457f77d5caf0e9a36ab5b413b4,1,yue-Hant,book,1,物歸原主,口語,The site supplies no machine-readable lexical/Jyutping/tone text for this item; fields remain empty rather than inferred.
SA-00870,語文轉換,語文轉換,,,,,,,,,,,,,audio/language_conversion/book_01/written/book_01_004_written.mp3,https://app.speakalongcuhk.com/assets/books/1/4s.mp3,https://app.speakalongcuhk.com/assets/books/1/4s.mp3,https://app.speakalongcuhk.com/tc/bcontent/1,book:1:4:書面語,4s.mp3,mp3,.mp3,2.475938,44100,2,45423,6b7fa09435208dd0e1a89f64c153c91da543b9267816a2cb43870c9a5b68c39b,2,yue-Hant,book,1,物歸原主,書面語,The site supplies no machine-readable lexical/Jyutping/tone text for this item; fields remain empty rather than inferred.
SA-00871,語文轉換,語文轉換,,,,,,,,,,,,,audio/language_conversion/book_01/spoken/book_01_005_spoken.mp3,https://app.speakalongcuhk.com/assets/books/1/5.mp3,https://app.speakalongcuhk.com/assets/books/1/5.mp3,https://app.speakalongcuhk.com/tc/bcontent/1,book:1:5:口語,5.mp3,mp3,.mp3,1.641938,44100,2,33209,d15f1de763c605b7c0b988653a47324d58756dd6141a61bb13c36716957da4ae,1,yue-Hant,book,1,物歸原主,口語,The site supplies no machine-readable lexical/Jyutping/tone text for this item; fields remain empty rather than inferred.
SA-00872,語文轉換,語文轉換,,,,,,,,,,,,,audio/language_conversion/book_01/written/book_01_005_written.mp3,https://app.speakalongcuhk.com/assets/books/1/5s.mp3,https://app.speakalongcuhk.com/assets/books/1/5s.mp3,https://app.speakalongcuhk.com/tc/bcontent/1,book:1:5:書面語,5s.mp3,mp3,.mp3,2.215313,44100,2,41775,5dbf59d6122c37d8e06ac26f9459906e67e81f63727914592f311841e4995aef,2,yue-Hant,book,1,物歸原主,書面語,The site supplies no machine-readable lexical/Jyutping/tone text for this item; fields remain empty rather than inferred.
SA-00873,語文轉換,語文轉換,,,,,,,,,,,,,audio/language_conversion/book_01/spoken/book_01_006_spoken.mp3,https://app.speakalongcuhk.com/assets/books/1/6.mp3,https://app.speakalongcuhk.com/assets/books/1/6.mp3,https://app.speakalongcuhk.com/tc/bcontent/1,book:1:6:口語,6.mp3,mp3,.mp3,6.072563,44100,2,105150,c94b2e67adf26859faceedcbdb5a7be6c8bc579302c83ce5fbe0c3a0ea38561d,1,yue-Hant,book,1,物歸原主,口語,The site supplies no machine-readable lexical/Jyutping/tone text for this item; fields remain empty rather than inferred.
SA-00874,語文轉換,語文轉換,,,,,,,,,,,,,audio/language_conversion/book_01/written/book_01_006_written.mp3,https://app.speakalongcuhk.com/assets/books/1/6s.mp3,https://app.speakalongcuhk.com/assets/books/1/6s.mp3,https://app.speakalongcuhk.com/tc/bcontent/1,book:1:6:書面語,6s.mp3,mp3,.mp3,6.333188,44100,2,108183,02d099df944bb2d9ea8f879a2fa7afa6bceae244117f349f5dea6420daf831de,2,yue-Hant,book,1,物歸原主,書面語,The site supplies no machine-readable lexical/Jyutping/tone text for this item; fields remain empty rather than inferred.
SA-00875,語文轉換,語文轉換,,,,,,,,,,,,,audio/language_conversion/book_01/spoken/book_01_007_spoken.mp3,https://app.speakalongcuhk.com/assets/books/1/7.mp3,https://app.speakalongcuhk.com/assets/books/1/7.mp3,https://app.speakalongcuhk.com/tc/bcontent/1,book:1:7:口語,7.mp3,mp3,.mp3,3.753,44100,2,68559,5ff83a169590279315e82204ce6d98937f4991ff2e07bf9ef9c16095a316078a,1,yue-Hant,book,1,物歸原主,口語,The site supplies no machine-readable lexical/Jyutping/tone text for this item; fields remain empty rather than inferred.
SA-00876,語文轉換,語文轉換,,,,,,,,,,,,,audio/language_conversion/book_01/written/book_01_007_written.mp3,https://app.speakalongcuhk.com/assets/books/1/7s.mp3,https://app.speakalongcuhk.com/assets/books/1/7s.mp3,https://app.speakalongcuhk.com/tc/bcontent/1,book:1:7:書面語,7s.mp3,mp3,.mp3,4.06575,44100,2,72426,c1e8e075e04941ccf0bf2401ab577ce30c27e9535e76bc4031fe87291a14e4c5,2,yue-Hant,book,1,物歸原主,書面語,The site supplies no machine-readable lexical/Jyutping/tone text for this item; fields remain empty rather than inferred.
SA-00877,語文轉換,語文轉換,,,,,,,,,,,,,audio/language_conversion/book_01/spoken/book_01_008_spoken.mp3,https://app.speakalongcuhk.com/assets/books/1/8.mp3,https://app.speakalongcuhk.com/assets/books/1/8.mp3,https://app.speakalongcuhk.com/tc/bcontent/1,book:1:8:口語,8.mp3,mp3,.mp3,1.798312,44100,2,37277,3a51328759d564575029816c337f7e875d33d23d7b4da1fa25cf6422edaf19df,1,yue-Hant,book,1,物歸原主,口語,The site supplies no machine-readable lexical/Jyutping/tone text for this item; fields remain empty rather than inferred.
SA-00878,語文轉換,語文轉換,,,,,,,,,,,,,audio/language_conversion/book_01/written/book_01_008_written.mp3,https://app.speakalongcuhk.com/assets/books/1/8s.mp3,https://app.speakalongcuhk.com/assets/books/1/8s.mp3,https://app.speakalongcuhk.com/tc/bcontent/1,book:1:8:書面語,8s.mp3,mp3,.mp3,2.423812,44100,2,46677,e4fc913a9b82031a92188bcbc1f120c37f0c78e04777a10b9d9bfb1a0a8115f5,2,yue-Hant,book,1,物歸原主,書面語,The site supplies no machine-readable lexical/Jyutping/tone text for this item; fields remain empty rather than inferred.
SA-00879,語文轉換,語文轉換,,,,,,,,,,,,,audio/language_conversion/book_01/spoken/book_01_009_spoken.mp3,https://app.speakalongcuhk.com/assets/books/1/9.mp3,https://app.speakalongcuhk.com/assets/books/1/9.mp3,https://app.speakalongcuhk.com/tc/bcontent/1,book:1:9:口語,9.mp3,mp3,.mp3,2.18925,44100,2,44054,5b5d612513f04cd3742c2d3637e94b01541593fb5d6f76f8c350fb58ef0bf4d2,1,yue-Hant,book,1,物歸原主,口語,The site supplies no machine-readable lexical/Jyutping/tone text for this item; fields remain empty rather than inferred.
SA-00880,語文轉換,語文轉換,,,,,,,,,,,,,audio/language_conversion/book_01/written/book_01_009_written.mp3,https://app.speakalongcuhk.com/assets/books/1/9s.mp3,https://app.speakalongcuhk.com/assets/books/1/9s.mp3,https://app.speakalongcuhk.com/tc/bcontent/1,book:1:9:書面語,9s.mp3,mp3,.mp3,2.684438,44100,2,51369,18537f65cab607697f699528792eec8d7a0ad5278fd1db3372b6f12ee9a60bf3,2,yue-Hant,book,1,物歸原主,書面語,The site supplies no machine-readable lexical/Jyutping/tone text for this item; fields remain empty rather than inferred.
SA-00881,語文轉換,語文轉換,,,,,,,,,,,,,audio/language_conversion/book_01/spoken/book_01_010_spoken.mp3,https://app.speakalongcuhk.com/assets/books/1/10.mp3,https://app.speakalongcuhk.com/assets/books/1/10.mp3,https://app.speakalongcuhk.com/tc/bcontent/1,book:1:10:口語,10.mp3,mp3,.mp3,1.98075,44100,2,41240,73c2cb8dde223d0b9b659ed4d04970d1a9d081d6e86c8253a8039fc189e94474,1,yue-Hant,book,1,物歸原主,口語,The site supplies no machine-readable lexical/Jyutping/tone text for this item; fields remain empty rather than inferred.
SA-00882,語文轉換,語文轉換,,,,,,,,,,,,,audio/language_conversion/book_01/written/book_01_010_written.mp3,https://app.speakalongcuhk.com/assets/books/1/10s.mp3,https://app.speakalongcuhk.com/assets/books/1/10s.mp3,https://app.speakalongcuhk.com/tc/bcontent/1,book:1:10:書面語,10s.mp3,mp3,.mp3,2.60625,44100,2,50640,0aa62d1cafdb077fdba213431231500e8d57aa37daaa1ad74aed5b5d9a127785,2,yue-Hant,book,1,物歸原主,書面語,The site supplies no machine-readable lexical/Jyutping/tone text for this item; fields remain empty rather than inferred.
SA-00883,語文轉換,語文轉換,,,,,,,,,,,,,audio/language_conversion/book_01/spoken/book_01_011_spoken.mp3,https://app.speakalongcuhk.com/assets/books/1/11.mp3,https://app.speakalongcuhk.com/assets/books/1/11.mp3,https://app.speakalongcuhk.com/tc/bcontent/1,book:1:11:口語,11.mp3,mp3,.mp3,2.2935,44100,2,46766,6e1526330b476bbb225c69239dd16ba1be3418e556a87953007d27932e12a2ef,1,yue-Hant,book,1,物歸原主,口語,The site supplies no machine-readable lexical/Jyutping/tone text for this item; fields remain empty rather than inferred.
SA-00884,語文轉換,語文轉換,,,,,,,,,,,,,audio/language_conversion/book_01/written/book_01_011_written.mp3,https://app.speakalongcuhk.com/assets/books/1/11s.mp3,https://app.speakalongcuhk.com/assets/books/1/11s.mp3,https://app.speakalongcuhk.com/tc/bcontent/1,book:1:11:書面語,11s.mp3,mp3,.mp3,2.528063,44100,2,49911,f8d85b81f64430a69e34111c9f6f0ad612725bfba808fa5cafa62b1f79620e60,2,yue-Hant,book,1,物歸原主,書面語,The site supplies no machine-readable lexical/Jyutping/tone text for this item; fields remain empty rather than inferred.
SA-00885,語文轉換,語文轉換,,,,,,,,,,,,,audio/language_conversion/book_01/spoken/book_01_012_spoken.mp3,https://app.speakalongcuhk.com/assets/books/1/12.mp3,https://app.speakalongcuhk.com/assets/books/1/12.mp3,https://app.speakalongcuhk.com/tc/bcontent/1,book:1:12:口語,12.mp3,mp3,.mp3,1.537688,44100,2,35717,f8baef974203c18f7542bab6bcca385bb06f1dcc7850d9ef608923e684d170c7,1,yue-Hant,book,1,物歸原主,口語,The site supplies no machine-readable lexical/Jyutping/tone text for this item; fields remain empty rather than inferred.
SA-00886,語文轉換,語文轉換,,,,,,,,,,,,,audio/language_conversion/book_01/written/book_01_012_written.mp3,https://app.speakalongcuhk.com/assets/books/1/12s.mp3,https://app.speakalongcuhk.com/assets/books/1/12s.mp3,https://app.speakalongcuhk.com/tc/bcontent/1,book:1:12:書面語,12s.mp3,mp3,.mp3,2.006813,44100,2,42615,4f6a620e733ceb51427b0774ca976c405c36381575e9cbc13a721cae55c0603d,2,yue-Hant,book,1,物歸原主,書面語,The site supplies no machine-readable lexical/Jyutping/tone text for this item; fields remain empty rather than inferred.
SA-00887,語文轉換,語文轉換,,,,,,,,,,,,,audio/language_conversion/book_01/spoken/book_01_013_spoken.mp3,https://app.speakalongcuhk.com/assets/books/1/13.mp3,https://app.speakalongcuhk.com/assets/books/1/13.mp3,https://app.speakalongcuhk.com/tc/bcontent/1,book:1:13:口語,13.mp3,mp3,.mp3,4.743375,44100,2,89103,8c687b5f5606908aa36f2af4dc3647f40720c4111d2d7da396c55d563e986ef4,1,yue-Hant,book,1,物歸原主,口語,The site supplies no machine-readable lexical/Jyutping/tone text for this item; fields remain empty rather than inferred.
SA-00888,語文轉換,語文轉換,,,,,,,,,,,,,audio/language_conversion/book_01/written/book_01_013_written.mp3,https://app.speakalongcuhk.com/assets/books/1/13s.mp3,https://app.speakalongcuhk.com/assets/books/1/13s.mp3,https://app.speakalongcuhk.com/tc/bcontent/1,book:1:13:書面語,13s.mp3,mp3,.mp3,4.743375,44100,2,88495,1ab66efc930e9957e1c2387ecc6c7c72d3cdde38fe5a06afe8f093ea7aaa565d,2,yue-Hant,book,1,物歸原主,書面語,The site supplies no machine-readable lexical/Jyutping/tone text for this item; fields remain empty rather than inferred.
SA-00889,語文轉換,語文轉換,,,,,,,,,,,,,audio/language_conversion/book_01/spoken/book_01_014_spoken.mp3,https://app.speakalongcuhk.com/assets/books/1/14.mp3,https://app.speakalongcuhk.com/assets/books/1/14.mp3,https://app.speakalongcuhk.com/tc/bcontent/1,book:1:14:口語,14.mp3,mp3,.mp3,2.502,44100,2,53234,5d60aba1005088a47e91b32f5ba20bf054fc3899a17e85bf71cc8d7e665e72d9,1,yue-Hant,book,1,物歸原主,口語,The site supplies no machine-readable lexical/Jyutping/tone text for this item; fields remain empty rather than inferred.
SA-00890,語文轉換,語文轉換,,,,,,,,,,,,,audio/language_conversion/book_01/written/book_01_014_written.mp3,https://app.speakalongcuhk.com/assets/books/1/14s.mp3,https://app.speakalongcuhk.com/assets/books/1/14s.mp3,https://app.speakalongcuhk.com/tc/bcontent/1,book:1:14:書面語,14s.mp3,mp3,.mp3,2.892937,44100,2,58881,29f48ddbd25f074f305cf7bb543dab357ddccf198a992c57d2ab494e961e697d,2,yue-Hant,book,1,物歸原主,書面語,The site supplies no machine-readable lexical/Jyutping/tone text for this item; fields remain empty rather than inferred.
SA-00891,語文轉換,語文轉換,,,,,,,,,,,,,audio/language_conversion/book_02/spoken/book_02_000_spoken.mp3,https://app.speakalongcuhk.com/assets/books/2/0.mp3,https://app.speakalongcuhk.com/assets/books/2/0.mp3,https://app.speakalongcuhk.com/tc/bcontent/2,book:2:0:口語,0.mp3,mp3,.mp3,2.866875,44100,2,51168,86da9fc191ee5a5643f718134fc0e83740108a87c292586acce663e02f5edec8,1,yue-Hant,book,2,媽媽的幫手,口語,The site supplies no machine-readable lexical/Jyutping/tone text for this item; fields remain empty rather than inferred.
SA-00892,語文轉換,語文轉換,,,,,,,,,,,,,audio/language_conversion/book_02/written/book_02_000_written.mp3,https://app.speakalongcuhk.com/assets/books/2/0s.mp3,https://app.speakalongcuhk.com/assets/books/2/0s.mp3,https://app.speakalongcuhk.com/tc/bcontent/2,book:2:0:書面語,0s.mp3,mp3,.mp3,3.283875,44100,2,57834,81e60aec4b26df8e1e16a2a6cb35fe9477285050bb2c17fa639185cd3e15244b,2,yue-Hant,book,2,媽媽的幫手,書面語,The site supplies no machine-readable lexical/Jyutping/tone text for this item; fields remain empty rather than inferred.
SA-00893,語文轉換,語文轉換,,,,,,,,,,,,,audio/language_conversion/book_02/spoken/book_02_001_spoken.mp3,https://app.speakalongcuhk.com/assets/books/2/1.mp3,https://app.speakalongcuhk.com/assets/books/2/1.mp3,https://app.speakalongcuhk.com/tc/bcontent/2,book:2:1:口語,1.mp3,mp3,.mp3,6.8805,44100,2,114600,492fe06c1c410effd8fe4517ecef4a58c2336bd0714641c2d51b4d2f508b9a03,1,yue-Hant,book,2,媽媽的幫手,口語,The site supplies no machine-readable lexical/Jyutping/tone text for this item; fields remain empty rather than inferred.
SA-00894,語文轉換,語文轉換,,,,,,,,,,,,,audio/language_conversion/book_02/written/book_02_001_written.mp3,https://app.speakalongcuhk.com/assets/books/2/1s.mp3,https://app.speakalongcuhk.com/assets/books/2/1s.mp3,https://app.speakalongcuhk.com/tc/bcontent/2,book:2:1:書面語,1s.mp3,mp3,.mp3,6.176812,44100,2,103341,0605b4e4698e94cdf349a15e7f6196fd75534e7fd35757ba11b2778f25478bba,2,yue-Hant,book,2,媽媽的幫手,書面語,The site supplies no machine-readable lexical/Jyutping/tone text for this item; fields remain empty rather than inferred.
SA-00895,語文轉換,語文轉換,,,,,,,,,,,,,audio/language_conversion/book_02/spoken/book_02_002_spoken.mp3,https://app.speakalongcuhk.com/assets/books/2/2.mp3,https://app.speakalongcuhk.com/assets/books/2/2.mp3,https://app.speakalongcuhk.com/tc/bcontent/2,book:2:2:口語,2.mp3,mp3,.mp3,4.091812,44100,2,70767,0ba065a8fab2a1544077dcb15dba53a8452b25ee29c0ba36c799ce8a1a3e04f8,1,yue-Hant,book,2,媽媽的幫手,口語,The site supplies no machine-readable lexical/Jyutping/tone text for this item; fields remain empty rather than inferred.
SA-00896,語文轉換,語文轉換,,,,,,,,,,,,,audio/language_conversion/book_02/written/book_02_002_written.mp3,https://app.speakalongcuhk.com/assets/books/2/2s.mp3,https://app.speakalongcuhk.com/assets/books/2/2s.mp3,https://app.speakalongcuhk.com/tc/bcontent/2,book:2:2:書面語,2s.mp3,mp3,.mp3,5.238563,44100,2,89115,158fb916abe7126642da79fc4d7ecd31e1f522285195150d07306a8325b07bb4,2,yue-Hant,book,2,媽媽的幫手,書面語,The site supplies no machine-readable lexical/Jyutping/tone text for this item; fields remain empty rather than inferred.
SA-00897,語文轉換,語文轉換,,,,,,,,,,,,,audio/language_conversion/book_02/spoken/book_02_003_spoken.mp3,https://app.speakalongcuhk.com/assets/books/2/3.mp3,https://app.speakalongcuhk.com/assets/books/2/3.mp3,https://app.speakalongcuhk.com/tc/bcontent/2,book:2:3:口語,3.mp3,mp3,.mp3,6.281062,44100,2,107110,4711cd362a5e69e464fc256a2c177d796435661e32f6618472d679e66a5c08f6,1,yue-Hant,book,2,媽媽的幫手,口語,The site supplies no machine-readable lexical/Jyutping/tone text for this item; fields remain empty rather than inferred.
SA-00898,語文轉換,語文轉換,,,,,,,,,,,,,audio/language_conversion/book_02/written/book_02_003_written.mp3,https://app.speakalongcuhk.com/assets/books/2/3s.mp3,https://app.speakalongcuhk.com/assets/books/2/3s.mp3,https://app.speakalongcuhk.com/tc/bcontent/2,book:2:3:書面語,3s.mp3,mp3,.mp3,6.4635,44100,2,109500,eb0da9d9f05f0f226a3f8eb20fa5afc0ddec6a9a762ee2307e66ac3ba677103a,2,yue-Hant,book,2,媽媽的幫手,書面語,The site supplies no machine-readable lexical/Jyutping/tone text for this item; fields remain empty rather than inferred.
SA-00899,語文轉換,語文轉換,,,,,,,,,,,,,audio/language_conversion/book_02/spoken/book_02_004_spoken.mp3,https://app.speakalongcuhk.com/assets/books/2/4.mp3,https://app.speakalongcuhk.com/assets/books/2/4.mp3,https://app.speakalongcuhk.com/tc/bcontent/2,book:2:4:口語,4.mp3,mp3,.mp3,4.873687,44100,2,85378,20f4eb082d73061a79185c6e944da642bc89c9e0bd7b66df1961ab6aff626c14,1,yue-Hant,book,2,媽媽的幫手,口語,The site supplies no machine-readable lexical/Jyutping/tone text for this item; fields remain empty rather than inferred.
SA-00900,語文轉換,語文轉換,,,,,,,,,,,,,audio/language_conversion/book_02/written/book_02_004_written.mp3,https://app.speakalongcuhk.com/assets/books/2/4s.mp3,https://app.speakalongcuhk.com/assets/books/2/4s.mp3,https://app.speakalongcuhk.com/tc/bcontent/2,book:2:4:書面語,4s.mp3,mp3,.mp3,5.968313,44100,2,102363,d7a0969c891943143e4b49d37ee813cf0c9efaa92d36c44b592be8db1f37541c,2,yue-Hant,book,2,媽媽的幫手,書面語,The site supplies no machine-readable lexical/Jyutping/tone text for this item; fields remain empty rather than inferred.
SA-00901,語文轉換,語文轉換,,,,,,,,,,,,,audio/language_conversion/book_02/spoken/book_02_005_spoken.mp3,https://app.speakalongcuhk.com/assets/books/2/5.mp3,https://app.speakalongcuhk.com/assets/books/2/5.mp3,https://app.speakalongcuhk.com/tc/bcontent/2,book:2:5:口語,5.mp3,mp3,.mp3,5.447063,44100,2,94809,42f70852a620815bd235920cf335a92d5bbdd1c74043db3f9a7bbe9c532bbbe6,1,yue-Hant,book,2,媽媽的幫手,口語,The site supplies no machine-readable lexical/Jyutping/tone text for this item; fields remain empty rather than inferred.
SA-00902,語文轉換,語文轉換,,,,,,,,,,,,,audio/language_conversion/book_02/written/book_02_005_written.mp3,https://app.speakalongcuhk.com/assets/books/2/5s.mp3,https://app.speakalongcuhk.com/assets/books/2/5s.mp3,https://app.speakalongcuhk.com/tc/bcontent/2,book:2:5:書面語,5s.mp3,mp3,.mp3,6.124688,44100,2,105651,5070fd807e88ef606dc7e3aecc413eb48c3fd73330a0163371c4491db1f6c63d,2,yue-Hant,book,2,媽媽的幫手,書面語,The site supplies no machine-readable lexical/Jyutping/tone text for this item; fields remain empty rather than inferred.
SA-00903,語文轉換,語文轉換,,,,,,,,,,,,,audio/language_conversion/book_02/spoken/book_02_006_spoken.mp3,https://app.speakalongcuhk.com/assets/books/2/6.mp3,https://app.speakalongcuhk.com/assets/books/2/6.mp3,https://app.speakalongcuhk.com/tc/bcontent/2,book:2:6:口語,6.mp3,mp3,.mp3,5.968313,44100,2,104464,fed7f794ca8f1a3d80280388de54dbeb4958edc630d9b1cfc3fc9f07c93dab2e,1,yue-Hant,book,2,媽媽的幫手,口語,The site supplies no machine-readable lexical/Jyutping/tone text for this item; fields remain empty rather than inferred.
SA-00904,語文轉換,語文轉換,,,,,,,,,,,,,audio/language_conversion/book_02/written/book_02_006_written.mp3,https://app.speakalongcuhk.com/assets/books/2/6s.mp3,https://app.speakalongcuhk.com/assets/books/2/6s.mp3,https://app.speakalongcuhk.com/tc/bcontent/2,book:2:6:書面語,6s.mp3,mp3,.mp3,6.281062,44100,2,108939,290ee7472cb9a807b295522ed1e74f2230dcb0e67bd5d60672bf13336fcf9349,2,yue-Hant,book,2,媽媽的幫手,書面語,The site supplies no machine-readable lexical/Jyutping/tone text for this item; fields remain empty rather than inferred.
SA-00905,語文轉換,語文轉換,,,,,,,,,,,,,audio/language_conversion/book_02/spoken/book_02_007_spoken.mp3,https://app.speakalongcuhk.com/assets/books/2/7.mp3,https://app.speakalongcuhk.com/assets/books/2/7.mp3,https://app.speakalongcuhk.com/tc/bcontent/2,book:2:7:口語,7.mp3,mp3,.mp3,5.004,44100,2,89292,271e3960d70eb835994be1bdd6c0fe43845f12fa353c7843eecc295676be72cb,1,yue-Hant,book,2,媽媽的幫手,口語,The site supplies no machine-readable lexical/Jyutping/tone text for this item; fields remain empty rather than inferred.
SA-00906,語文轉換,語文轉換,,,,,,,,,,,,,audio/language_conversion/book_02/written/book_02_007_written.mp3,https://app.speakalongcuhk.com/assets/books/2/7s.mp3,https://app.speakalongcuhk.com/assets/books/2/7s.mp3,https://app.speakalongcuhk.com/tc/bcontent/2,book:2:7:書面語,7s.mp3,mp3,.mp3,5.6295,44100,2,99829,aaa066939e47cee01a0d34c0036ba6ec4ab44a2d5c1aa93f3ec1d2353bf7882c,2,yue-Hant,book,2,媽媽的幫手,書面語,The site supplies no machine-readable lexical/Jyutping/tone text for this item; fields remain empty rather than inferred.
SA-00907,語文轉換,語文轉換,,,,,,,,,,,,,audio/language_conversion/book_02/spoken/book_02_008_spoken.mp3,https://app.speakalongcuhk.com/assets/books/2/8.mp3,https://app.speakalongcuhk.com/assets/books/2/8.mp3,https://app.speakalongcuhk.com/tc/bcontent/2,book:2:8:口語,8.mp3,mp3,.mp3,7.323562,44100,2,127191,5dec2a4a683e64e838b0e32a46cebcc07fd6e46429711634db9f747924aa644c,1,yue-Hant,book,2,媽媽的幫手,口語,The site supplies no machine-readable lexical/Jyutping/tone text for this item; fields remain empty rather than inferred.
SA-00908,語文轉換,語文轉換,,,,,,,,,,,,,audio/language_conversion/book_02/written/book_02_008_written.mp3,https://app.speakalongcuhk.com/assets/books/2/8s.mp3,https://app.speakalongcuhk.com/assets/books/2/8s.mp3,https://app.speakalongcuhk.com/tc/bcontent/2,book:2:8:書面語,8s.mp3,mp3,.mp3,6.228938,44100,2,110206,b290aab2a56c6b41ab68d188ee2b098a3721d9b852bd4498632ec4a2fcb1aa9b,2,yue-Hant,book,2,媽媽的幫手,書面語,The site supplies no machine-readable lexical/Jyutping/tone text for this item; fields remain empty rather than inferred.
SA-00909,語文轉換,語文轉換,,,,,,,,,,,,,audio/language_conversion/book_02/spoken/book_02_009_spoken.mp3,https://app.speakalongcuhk.com/assets/books/2/9.mp3,https://app.speakalongcuhk.com/assets/books/2/9.mp3,https://app.speakalongcuhk.com/tc/bcontent/2,book:2:9:口語,9.mp3,mp3,.mp3,10.893062,44100,2,188542,9a4699d9e2e372f1e38d9e0908355db0b49399f28ff83854c7124f94fe6f2dcf,1,yue-Hant,book,2,媽媽的幫手,口語,The site supplies no machine-readable lexical/Jyutping/tone text for this item; fields remain empty rather than inferred.
SA-00910,語文轉換,語文轉換,,,,,,,,,,,,,audio/language_conversion/book_02/written/book_02_009_written.mp3,https://app.speakalongcuhk.com/assets/books/2/9s.mp3,https://app.speakalongcuhk.com/assets/books/2/9s.mp3,https://app.speakalongcuhk.com/tc/bcontent/2,book:2:9:書面語,9s.mp3,mp3,.mp3,11.284875,44100,2,194811,d6e37f1031d942aec4b424e6679ddebc26d4ea3343d5d621e8a158fb9e701018,2,yue-Hant,book,2,媽媽的幫手,書面語,The site supplies no machine-readable lexical/Jyutping/tone text for this item; fields remain empty rather than inferred.
SA-00911,語文轉換,語文轉換,,,,,,,,,,,,,audio/language_conversion/book_02/spoken/book_02_010_spoken.mp3,https://app.speakalongcuhk.com/assets/books/2/10.mp3,https://app.speakalongcuhk.com/assets/books/2/10.mp3,https://app.speakalongcuhk.com/tc/bcontent/2,book:2:10:口語,10.mp3,mp3,.mp3,11.337125,44100,2,197219,eca6d81b94e9798dc3d30b31d9010a72d3c6f80c8c0f93a425540bce7d95d85e,1,yue-Hant,book,2,媽媽的幫手,口語,The site supplies no machine-readable lexical/Jyutping/tone text for this item; fields remain empty rather than inferred.
SA-00912,語文轉換,語文轉換,,,,,,,,,,,,,audio/language_conversion/book_02/written/book_02_010_written.mp3,https://app.speakalongcuhk.com/assets/books/2/10s.mp3,https://app.speakalongcuhk.com/assets/books/2/10s.mp3,https://app.speakalongcuhk.com/tc/bcontent/2,book:2:10:書面語,10s.mp3,mp3,.mp3,11.04975,44100,2,192621,06bd6f820411eed5605dd0ab964d4dc1cb1de6e9f8ddd3b7ae0aa36acbf453b9,2,yue-Hant,book,2,媽媽的幫手,書面語,The site supplies no machine-readable lexical/Jyutping/tone text for this item; fields remain empty rather than inferred.
SA-00913,語文轉換,語文轉換,,,,,,,,,,,,,audio/language_conversion/book_02/spoken/book_02_011_spoken.mp3,https://app.speakalongcuhk.com/assets/books/2/11.mp3,https://app.speakalongcuhk.com/assets/books/2/11.mp3,https://app.speakalongcuhk.com/tc/bcontent/2,book:2:11:口語,11.mp3,mp3,.mp3,12.591,44100,2,220161,e20c8d805ee629dc333db95680a2efbbc7d824409bde0ae77961b86fa482ffe9,1,yue-Hant,book,2,媽媽的幫手,口語,The site supplies no machine-readable lexical/Jyutping/tone text for this item; fields remain empty rather than inferred.
SA-00914,語文轉換,語文轉換,,,,,,,,,,,,,audio/language_conversion/book_02/written/book_02_011_written.mp3,https://app.speakalongcuhk.com/assets/books/2/11s.mp3,https://app.speakalongcuhk.com/assets/books/2/11s.mp3,https://app.speakalongcuhk.com/tc/bcontent/2,book:2:11:書面語,11s.mp3,mp3,.mp3,12.460375,44100,2,216763,0d45741ca52b14948794e36d6247bdcb3c03a1f915ec8d516d7e42c079e41708,2,yue-Hant,book,2,媽媽的幫手,書面語,The site supplies no machine-readable lexical/Jyutping/tone text for this item; fields remain empty rather than inferred.
SA-00915,語文轉換,語文轉換,,,,,,,,,,,,,audio/language_conversion/book_02/spoken/book_02_012_spoken.mp3,https://app.speakalongcuhk.com/assets/books/2/12.mp3,https://app.speakalongcuhk.com/assets/books/2/12.mp3,https://app.speakalongcuhk.com/tc/bcontent/2,book:2:12:口語,12.mp3,mp3,.mp3,4.7955,44100,2,92773,b878c29dd213cf9566d7034b0d31076ebcf2179fe4cc1fceca07d2e751251b02,1,yue-Hant,book,2,媽媽的幫手,口語,The site supplies no machine-readable lexical/Jyutping/tone text for this item; fields remain empty rather than inferred.
SA-00916,語文轉換,語文轉換,,,,,,,,,,,,,audio/language_conversion/book_02/written/book_02_012_written.mp3,https://app.speakalongcuhk.com/assets/books/2/12s.mp3,https://app.speakalongcuhk.com/assets/books/2/12s.mp3,https://app.speakalongcuhk.com/tc/bcontent/2,book:2:12:書面語,12s.mp3,mp3,.mp3,4.69125,44100,2,91105,a807bab57d541dc600f18f888cfecbda9c5209780257d8ad2d9c00a904e17630,2,yue-Hant,book,2,媽媽的幫手,書面語,The site supplies no machine-readable lexical/Jyutping/tone text for this item; fields remain empty rather than inferred.
SA-00917,語文轉換,語文轉換,,,,,,,,,,,,,audio/language_conversion/book_02/spoken/book_02_013_spoken.mp3,https://app.speakalongcuhk.com/assets/books/2/13.mp3,https://app.speakalongcuhk.com/assets/books/2/13.mp3,https://app.speakalongcuhk.com/tc/bcontent/2,book:2:13:口語,13.mp3,mp3,.mp3,5.264625,44100,2,101065,d8142aad2423f3277b5c202b797d384eb05449ace31f3eb2efe6d2d4c74afa7d,1,yue-Hant,book,2,媽媽的幫手,口語,The site supplies no machine-readable lexical/Jyutping/tone text for this item; fields remain empty rather than inferred.
SA-00918,語文轉換,語文轉換,,,,,,,,,,,,,audio/language_conversion/book_02/written/book_02_013_written.mp3,https://app.speakalongcuhk.com/assets/books/2/13s.mp3,https://app.speakalongcuhk.com/assets/books/2/13s.mp3,https://app.speakalongcuhk.com/tc/bcontent/2,book:2:13:書面語,13s.mp3,mp3,.mp3,5.056125,44100,2,98258,dda9b975dfcc115427de9373f0554b3c80f4ed57b0b534914c92694fdbbbe535,2,yue-Hant,book,2,媽媽的幫手,書面語,The site supplies no machine-readable lexical/Jyutping/tone text for this item; fields remain empty rather than inferred.
SA-00919,語文轉換,語文轉換,,,,,,,,,,,,,audio/language_conversion/book_02/spoken/book_02_014_spoken.mp3,https://app.speakalongcuhk.com/assets/books/2/14.mp3,https://app.speakalongcuhk.com/assets/books/2/14.mp3,https://app.speakalongcuhk.com/tc/bcontent/2,book:2:14:口語,14.mp3,mp3,.mp3,9.460688,44100,2,168988,d3a037e352255a22c1706bd980a8f2ae10458eb7b990616abf29240b45f08d51,1,yue-Hant,book,2,媽媽的幫手,口語,The site supplies no machine-readable lexical/Jyutping/tone text for this item; fields remain empty rather than inferred.
SA-00920,語文轉換,語文轉換,,,,,,,,,,,,,audio/language_conversion/book_02/written/book_02_014_written.mp3,https://app.speakalongcuhk.com/assets/books/2/14s.mp3,https://app.speakalongcuhk.com/assets/books/2/14s.mp3,https://app.speakalongcuhk.com/tc/bcontent/2,book:2:14:書面語,14s.mp3,mp3,.mp3,9.3825,44100,2,167208,e4c7341718fab1cf597a3edb3e4545ac8c26e19e31fab231e252a3addc9bf373,2,yue-Hant,book,2,媽媽的幫手,書面語,The site supplies no machine-readable lexical/Jyutping/tone text for this item; fields remain empty rather than inferred.
SA-00921,語文轉換,語文轉換,,,,,,,,,,,,,audio/language_conversion/book_03/spoken/book_03_000_spoken.mp3,https://app.speakalongcuhk.com/assets/books/3/0.mp3,https://app.speakalongcuhk.com/assets/books/3/0.mp3,https://app.speakalongcuhk.com/tc/bcontent/3,book:3:0:口語,0.mp3,mp3,.mp3,2.81475,44100,2,51120,c2cae732d37a0e2931a8be4f337614714205ed890da7c6eb238b3b18f15cee13,1,yue-Hant,book,3,超市好節目,口語,The site supplies no machine-readable lexical/Jyutping/tone text for this item; fields remain empty rather than inferred.
SA-00922,語文轉換,語文轉換,,,,,,,,,,,,,audio/language_conversion/book_03/written/book_03_000_written.mp3,https://app.speakalongcuhk.com/assets/books/3/0s.mp3,https://app.speakalongcuhk.com/assets/books/3/0s.mp3,https://app.speakalongcuhk.com/tc/bcontent/3,book:3:0:書面語,0s.mp3,mp3,.mp3,2.866875,44100,2,51684,64eedfce3a98176ff83d91b0d0312dfea183b05dfbacd67f4399fbc4681952dd,2,yue-Hant,book,3,超市好節目,書面語,The site supplies no machine-readable lexical/Jyutping/tone text for this item; fields remain empty rather than inferred.
SA-00923,語文轉換,語文轉換,,,,,,,,,,,,,audio/language_conversion/book_03/spoken/book_03_001_spoken.mp3,https://app.speakalongcuhk.com/assets/books/3/1.mp3,https://app.speakalongcuhk.com/assets/books/3/1.mp3,https://app.speakalongcuhk.com/tc/bcontent/3,book:3:1:口語,1.mp3,mp3,.mp3,5.10825,44100,2,86244,e608298fdfd8c2e710b608221f64a4d859bf20eb1c5bfa06d195fbe52ae7cc53,1,yue-Hant,book,3,超市好節目,口語,The site supplies no machine-readable lexical/Jyutping/tone text for this item; fields remain empty rather than inferred.
SA-00924,語文轉換,語文轉換,,,,,,,,,,,,,audio/language_conversion/book_03/written/book_03_001_written.mp3,https://app.speakalongcuhk.com/assets/books/3/1s.mp3,https://app.speakalongcuhk.com/assets/books/3/1s.mp3,https://app.speakalongcuhk.com/tc/bcontent/3,book:3:1:書面語,1s.mp3,mp3,.mp3,4.613062,44100,2,78321,f6bc4499bdc41e43c81164e0cfc027faf37a631c31d2bf70a672f35c90ef4824,2,yue-Hant,book,3,超市好節目,書面語,The site supplies no machine-readable lexical/Jyutping/tone text for this item; fields remain empty rather than inferred.
SA-00925,語文轉換,語文轉換,,,,,,,,,,,,,audio/language_conversion/book_03/spoken/book_03_002_spoken.mp3,https://app.speakalongcuhk.com/assets/books/3/2.mp3,https://app.speakalongcuhk.com/assets/books/3/2.mp3,https://app.speakalongcuhk.com/tc/bcontent/3,book:3:2:口語,2.mp3,mp3,.mp3,6.541688,44100,2,109965,9de0c4bd161bc5ac72e1abfe3b0798dbcf10a7df517549c5b2de30ac5848c17f,1,yue-Hant,book,3,超市好節目,口語,The site supplies no machine-readable lexical/Jyutping/tone text for this item; fields remain empty rather than inferred.
SA-00926,語文轉換,語文轉換,,,,,,,,,,,,,audio/language_conversion/book_03/written/book_03_002_written.mp3,https://app.speakalongcuhk.com/assets/books/3/2s.mp3,https://app.speakalongcuhk.com/assets/books/3/2s.mp3,https://app.speakalongcuhk.com/tc/bcontent/3,book:3:2:書面語,2s.mp3,mp3,.mp3,7.479938,44100,2,124977,0f0cc22456b870aa275e8960af8350cf26166a696b6391b68e85a06c63b69ec6,2,yue-Hant,book,3,超市好節目,書面語,The site supplies no machine-readable lexical/Jyutping/tone text for this item; fields remain empty rather than inferred.
SA-00927,語文轉換,語文轉換,,,,,,,,,,,,,audio/language_conversion/book_03/spoken/book_03_003_spoken.mp3,https://app.speakalongcuhk.com/assets/books/3/3.mp3,https://app.speakalongcuhk.com/assets/books/3/3.mp3,https://app.speakalongcuhk.com/tc/bcontent/3,book:3:3:口語,3.mp3,mp3,.mp3,5.603438,44100,2,95739,a1f3db6d7f8644b607fc502ccf5db71f1e26a771ad837cefa1ca37f7750ed32a,1,yue-Hant,book,3,超市好節目,口語,The site supplies no machine-readable lexical/Jyutping/tone text for this item; fields remain empty rather than inferred.
SA-00928,語文轉換,語文轉換,,,,,,,,,,,,,audio/language_conversion/book_03/written/book_03_003_written.mp3,https://app.speakalongcuhk.com/assets/books/3/3s.mp3,https://app.speakalongcuhk.com/assets/books/3/3s.mp3,https://app.speakalongcuhk.com/tc/bcontent/3,book:3:3:書面語,3s.mp3,mp3,.mp3,5.890125,44100,2,100326,cb4de6a160abb5babc69f74848d81379b294155db0311269cd1069799552bc25,2,yue-Hant,book,3,超市好節目,書面語,The site supplies no machine-readable lexical/Jyutping/tone text for this item; fields remain empty rather than inferred.
SA-00929,語文轉換,語文轉換,,,,,,,,,,,,,audio/language_conversion/book_03/spoken/book_03_004_spoken.mp3,https://app.speakalongcuhk.com/assets/books/3/4.mp3,https://app.speakalongcuhk.com/assets/books/3/4.mp3,https://app.speakalongcuhk.com/tc/bcontent/3,book:3:4:口語,4.mp3,mp3,.mp3,5.082187,44100,2,88185,f7c8b35dd949737374685ab86c2788fbac234f9ac370a726b0199a524ca3f2f5,1,yue-Hant,book,3,超市好節目,口語,The site supplies no machine-readable lexical/Jyutping/tone text for this item; fields remain empty rather than inferred.
SA-00930,語文轉換,語文轉換,,,,,,,,,,,,,audio/language_conversion/book_03/written/book_03_004_written.mp3,https://app.speakalongcuhk.com/assets/books/3/4s.mp3,https://app.speakalongcuhk.com/assets/books/3/4s.mp3,https://app.speakalongcuhk.com/tc/bcontent/3,book:3:4:書面語,4s.mp3,mp3,.mp3,5.134313,44100,2,89019,c74a60145953ec5a5de1c7ffc672b7d64b80dddc8f146e50980f2c3c287405c7,2,yue-Hant,book,3,超市好節目,書面語,The site supplies no machine-readable lexical/Jyutping/tone text for this item; fields remain empty rather than inferred.
SA-00931,語文轉換,語文轉換,,,,,,,,,,,,,audio/language_conversion/book_03/spoken/book_03_005_spoken.mp3,https://app.speakalongcuhk.com/assets/books/3/5.mp3,https://app.speakalongcuhk.com/assets/books/3/5.mp3,https://app.speakalongcuhk.com/tc/bcontent/3,book:3:5:口語,5.mp3,mp3,.mp3,2.632312,44100,2,49773,0e2f56069824dc5a51a8b72e18bdbb7dfbda24a4c69ce592f25ffa669c83e220,1,yue-Hant,book,3,超市好節目,口語,The site supplies no machine-readable lexical/Jyutping/tone text for this item; fields remain empty rather than inferred.
SA-00932,語文轉換,語文轉換,,,,,,,,,,,,,audio/language_conversion/book_03/written/book_03_005_written.mp3,https://app.speakalongcuhk.com/assets/books/3/5s.mp3,https://app.speakalongcuhk.com/assets/books/3/5s.mp3,https://app.speakalongcuhk.com/tc/bcontent/3,book:3:5:書面語,5s.mp3,mp3,.mp3,4.222125,44100,2,75210,184423bcccfb0ba572af31345a5bbfa28fc0c7388fb8e18cda6a5a00716f8efc,2,yue-Hant,book,3,超市好節目,書面語,The site supplies no machine-readable lexical/Jyutping/tone text for this item; fields remain empty rather than inferred.
SA-00933,語文轉換,語文轉換,,,,,,,,,,,,,audio/language_conversion/book_03/spoken/book_03_006_spoken.mp3,https://app.speakalongcuhk.com/assets/books/3/6.mp3,https://app.speakalongcuhk.com/assets/books/3/6.mp3,https://app.speakalongcuhk.com/tc/bcontent/3,book:3:6:口語,6.mp3,mp3,.mp3,3.935437,44100,2,71409,2ce66e4467bff95a851041f709d25c402e1592b1d91ff69101378ca2b1f4552b,1,yue-Hant,book,3,超市好節目,口語,The site supplies no machine-readable lexical/Jyutping/tone text for this item; fields remain empty rather than inferred.
SA-00934,語文轉換,語文轉換,,,,,,,,,,,,,audio/language_conversion/book_03/written/book_03_006_written.mp3,https://app.speakalongcuhk.com/assets/books/3/6s.mp3,https://app.speakalongcuhk.com/assets/books/3/6s.mp3,https://app.speakalongcuhk.com/tc/bcontent/3,book:3:6:書面語,6s.mp3,mp3,.mp3,3.336,44100,2,61818,85d282e654166e17a537a224490744b1d5d28b19fa4cbfdefb5f07d1deb17f9e,2,yue-Hant,book,3,超市好節目,書面語,The site supplies no machine-readable lexical/Jyutping/tone text for this item; fields remain empty rather than inferred.
SA-00935,語文轉換,語文轉換,,,,,,,,,,,,,audio/language_conversion/book_03/spoken/book_03_007_spoken.mp3,https://app.speakalongcuhk.com/assets/books/3/7.mp3,https://app.speakalongcuhk.com/assets/books/3/7.mp3,https://app.speakalongcuhk.com/tc/bcontent/3,book:3:7:口語,7.mp3,mp3,.mp3,3.257812,44100,2,61353,cb1e54882eb0ed9e88eaea5b0c333f8efef2cc8eb13cb554fbee14d08e34f2ee,1,yue-Hant,book,3,超市好節目,口語,The site supplies no machine-readable lexical/Jyutping/tone text for this item; fields remain empty rather than inferred.
SA-00936,語文轉換,語文轉換,,,,,,,,,,,,,audio/language_conversion/book_03/written/book_03_007_written.mp3,https://app.speakalongcuhk.com/assets/books/3/7s.mp3,https://app.speakalongcuhk.com/assets/books/3/7s.mp3,https://app.speakalongcuhk.com/tc/bcontent/3,book:3:7:書面語,7s.mp3,mp3,.mp3,3.622688,44100,2,67191,117c14eea867ac44ab7e9d0c991db15110126130d8085dd2680c00bde0dccbe2,2,yue-Hant,book,3,超市好節目,書面語,The site supplies no machine-readable lexical/Jyutping/tone text for this item; fields remain empty rather than inferred.
SA-00937,語文轉換,語文轉換,,,,,,,,,,,,,audio/language_conversion/book_03/spoken/book_03_008_spoken.mp3,https://app.speakalongcuhk.com/assets/books/3/8.mp3,https://app.speakalongcuhk.com/assets/books/3/8.mp3,https://app.speakalongcuhk.com/tc/bcontent/3,book:3:8:口語,8.mp3,mp3,.mp3,8.522438,44100,2,146373,41b0b7520461afcb833b1432eb436c3db521accdb7aa612d4c2f11b7552c5e51,1,yue-Hant,book,3,超市好節目,口語,The site supplies no machine-readable lexical/Jyutping/tone text for this item; fields remain empty rather than inferred.
SA-00938,語文轉換,語文轉換,,,,,,,,,,,,,audio/language_conversion/book_03/written/book_03_008_written.mp3,https://app.speakalongcuhk.com/assets/books/3/8s.mp3,https://app.speakalongcuhk.com/assets/books/3/8s.mp3,https://app.speakalongcuhk.com/tc/bcontent/3,book:3:8:書面語,8s.mp3,mp3,.mp3,8.887313,44100,2,152211,74071804c69223e25a7303f927626393cf2952bacaa42a56721bb2c7a38ee278,2,yue-Hant,book,3,超市好節目,書面語,The site supplies no machine-readable lexical/Jyutping/tone text for this item; fields remain empty rather than inferred.
SA-00939,語文轉換,語文轉換,,,,,,,,,,,,,audio/language_conversion/book_03/spoken/book_03_009_spoken.mp3,https://app.speakalongcuhk.com/assets/books/3/9.mp3,https://app.speakalongcuhk.com/assets/books/3/9.mp3,https://app.speakalongcuhk.com/tc/bcontent/3,book:3:9:口語,9.mp3,mp3,.mp3,8.02725,44100,2,139765,d4962071b49cdc09c24f085767efc3bd2b7459b0a1803902292114f5725e3db0,1,yue-Hant,book,3,超市好節目,口語,The site supplies no machine-readable lexical/Jyutping/tone text for this item; fields remain empty rather than inferred.
SA-00940,語文轉換,語文轉換,,,,,,,,,,,,,audio/language_conversion/book_03/written/book_03_009_written.mp3,https://app.speakalongcuhk.com/assets/books/3/9s.mp3,https://app.speakalongcuhk.com/assets/books/3/9s.mp3,https://app.speakalongcuhk.com/tc/bcontent/3,book:3:9:書面語,9s.mp3,mp3,.mp3,7.089,44100,2,124753,1a65755badf12725796c5bfdf4767b98f555ea9e6ab4fa60283ca107f2ade5f5,2,yue-Hant,book,3,超市好節目,書面語,The site supplies no machine-readable lexical/Jyutping/tone text for this item; fields remain empty rather than inferred.
SA-00941,語文轉換,語文轉換,,,,,,,,,,,,,audio/language_conversion/book_03/spoken/book_03_010_spoken.mp3,https://app.speakalongcuhk.com/assets/books/3/10.mp3,https://app.speakalongcuhk.com/assets/books/3/10.mp3,https://app.speakalongcuhk.com/tc/bcontent/3,book:3:10:口語,10.mp3,mp3,.mp3,4.7955,44100,2,88314,9ea5efe61a8af5d3483fe64b345c06a2241d9124187d4f4a10b47d4c51b2acd3,1,yue-Hant,book,3,超市好節目,口語,The site supplies no machine-readable lexical/Jyutping/tone text for this item; fields remain empty rather than inferred.
SA-00942,語文轉換,語文轉換,,,,,,,,,,,,,audio/language_conversion/book_03/written/book_03_010_written.mp3,https://app.speakalongcuhk.com/assets/books/3/10s.mp3,https://app.speakalongcuhk.com/assets/books/3/10s.mp3,https://app.speakalongcuhk.com/tc/bcontent/3,book:3:10:書面語,10s.mp3,mp3,.mp3,4.69125,44100,2,86646,1d007b8431f7c8fc22f67f48cbf376d34a6e30fa1046d724cf743819e6e8d036,2,yue-Hant,book,3,超市好節目,書面語,The site supplies no machine-readable lexical/Jyutping/tone text for this item; fields remain empty rather than inferred.
SA-00943,語文轉換,語文轉換,,,,,,,,,,,,,audio/language_conversion/book_03/spoken/book_03_011_spoken.mp3,https://app.speakalongcuhk.com/assets/books/3/11.mp3,https://app.speakalongcuhk.com/assets/books/3/11.mp3,https://app.speakalongcuhk.com/tc/bcontent/3,book:3:11:口語,11.mp3,mp3,.mp3,9.900375,44100,2,174231,58a4d86d5e323d4bc65a9ac526486346c572d339ba552925624753f54ed43c3e,1,yue-Hant,book,3,超市好節目,口語,The site supplies no machine-readable lexical/Jyutping/tone text for this item; fields remain empty rather than inferred.
SA-00944,語文轉換,語文轉換,,,,,,,,,,,,,audio/language_conversion/book_03/written/book_03_011_written.mp3,https://app.speakalongcuhk.com/assets/books/3/11s.mp3,https://app.speakalongcuhk.com/assets/books/3/11s.mp3,https://app.speakalongcuhk.com/tc/bcontent/3,book:3:11:書面語,11s.mp3,mp3,.mp3,10.031,44100,2,176321,78df6630482046864da200d9fc7ebdc64da68a4fc2c4206b5fad41c790eb9c64,2,yue-Hant,book,3,超市好節目,書面語,The site supplies no machine-readable lexical/Jyutping/tone text for this item; fields remain empty rather than inferred.
SA-00945,語文轉換,語文轉換,,,,,,,,,,,,,audio/language_conversion/book_03/spoken/book_03_012_spoken.mp3,https://app.speakalongcuhk.com/assets/books/3/12.mp3,https://app.speakalongcuhk.com/assets/books/3/12.mp3,https://app.speakalongcuhk.com/tc/bcontent/3,book:3:12:口語,12.mp3,mp3,.mp3,4.326375,44100,2,83166,09a6c526c2d7614b0a6252f29ae495a2ba388d00546cdce74a05f4f48520a3fa,1,yue-Hant,book,3,超市好節目,口語,The site supplies no machine-readable lexical/Jyutping/tone text for this item; fields remain empty rather than inferred.
SA-00946,語文轉換,語文轉換,,,,,,,,,,,,,audio/language_conversion/book_03/written/book_03_012_written.mp3,https://app.speakalongcuhk.com/assets/books/3/12s.mp3,https://app.speakalongcuhk.com/assets/books/3/12s.mp3,https://app.speakalongcuhk.com/tc/bcontent/3,book:3:12:書面語,12s.mp3,mp3,.mp3,4.352437,44100,2,84112,ddea8c24580d5f1ef8053892ce1b667ee685725300e1b6b9973a31710ccb8fc4,2,yue-Hant,book,3,超市好節目,書面語,The site supplies no machine-readable lexical/Jyutping/tone text for this item; fields remain empty rather than inferred.
SA-00947,語文轉換,語文轉換,,,,,,,,,,,,,audio/language_conversion/book_03/spoken/book_03_013_spoken.mp3,https://app.speakalongcuhk.com/assets/books/3/13.mp3,https://app.speakalongcuhk.com/assets/books/3/13.mp3,https://app.speakalongcuhk.com/tc/bcontent/3,book:3:13:口語,13.mp3,mp3,.mp3,16.979563,44100,2,289856,2c37af3dddef239e184c36f213088c67c9bc0d8932afafb93060f18e6617921c,1,yue-Hant,book,3,超市好節目,口語,The site supplies no machine-readable lexical/Jyutping/tone text for this item; fields remain empty rather than inferred.
SA-00948,語文轉換,語文轉換,,,,,,,,,,,,,audio/language_conversion/book_03/written/book_03_013_written.mp3,https://app.speakalongcuhk.com/assets/books/3/13s.mp3,https://app.speakalongcuhk.com/assets/books/3/13s.mp3,https://app.speakalongcuhk.com/tc/bcontent/3,book:3:13:書面語,13s.mp3,mp3,.mp3,20.21875,44100,2,341683,73fbf8c6ec763ddf85fdb2ca9dc30d13b3adc56686cecac2c0d19196df55987f,2,yue-Hant,book,3,超市好節目,書面語,The site supplies no machine-readable lexical/Jyutping/tone text for this item; fields remain empty rather than inferred.
SA-00949,語文轉換,語文轉換,,,,,,,,,,,,,audio/language_conversion/book_03/spoken/book_03_014_spoken.mp3,https://app.speakalongcuhk.com/assets/books/3/14.mp3,https://app.speakalongcuhk.com/assets/books/3/14.mp3,https://app.speakalongcuhk.com/tc/bcontent/3,book:3:14:口語,14.mp3,mp3,.mp3,9.408562,44100,2,168154,d337eceeb3d617326ac5e17a7df3e0c465c08045b03c2fa73711490c1ce70a17,1,yue-Hant,book,3,超市好節目,口語,The site supplies no machine-readable lexical/Jyutping/tone text for this item; fields remain empty rather than inferred.
SA-00950,語文轉換,語文轉換,,,,,,,,,,,,,audio/language_conversion/book_03/written/book_03_014_written.mp3,https://app.speakalongcuhk.com/assets/books/3/14s.mp3,https://app.speakalongcuhk.com/assets/books/3/14s.mp3,https://app.speakalongcuhk.com/tc/bcontent/3,book:3:14:書面語,14s.mp3,mp3,.mp3,10.842,44100,2,190560,dba1f008bf5238e33406eb27b20c9b0c88e2f5aa936441532f4aae299830fae8,2,yue-Hant,book,3,超市好節目,書面語,The site supplies no machine-readable lexical/Jyutping/tone text for this item; fields remain empty rather than inferred.
SA-00951,語文轉換,語文轉換,,,,,,,,,,,,,audio/language_conversion/book_04/spoken/book_04_000_spoken.mp3,https://app.speakalongcuhk.com/assets/books/4/0.mp3,https://app.speakalongcuhk.com/assets/books/4/0.mp3,https://app.speakalongcuhk.com/tc/bcontent/4,book:4:0:口語,0.mp3,mp3,.mp3,2.840812,44100,2,52323,4736816af85118d3964ba1558bcf042bf62d74a724679b74abab49abd6b11ab8,1,yue-Hant,book,4,媽媽的生日禮物,口語,The site supplies no machine-readable lexical/Jyutping/tone text for this item; fields remain empty rather than inferred.
SA-00952,語文轉換,語文轉換,,,,,,,,,,,,,audio/language_conversion/book_04/written/book_04_000_written.mp3,https://app.speakalongcuhk.com/assets/books/4/0s.mp3,https://app.speakalongcuhk.com/assets/books/4/0s.mp3,https://app.speakalongcuhk.com/tc/bcontent/4,book:4:0:書面語,0s.mp3,mp3,.mp3,3.257812,44100,2,58461,69fcabb282035810c4bf6e495bb1346d5b89ed05863242773936588eefb81f2a,2,yue-Hant,book,4,媽媽的生日禮物,書面語,The site supplies no machine-readable lexical/Jyutping/tone text for this item; fields remain empty rather than inferred.
SA-00953,語文轉換,語文轉換,,,,,,,,,,,,,audio/language_conversion/book_04/spoken/book_04_001_spoken.mp3,https://app.speakalongcuhk.com/assets/books/4/1.mp3,https://app.speakalongcuhk.com/assets/books/4/1.mp3,https://app.speakalongcuhk.com/tc/bcontent/4,book:4:1:口語,1.mp3,mp3,.mp3,5.603438,44100,2,94167,f6cce9cf751294325cd5237067c64a690e7ee050496cfa879dd73afe75ba2e72,1,yue-Hant,book,4,媽媽的生日禮物,口語,The site supplies no machine-readable lexical/Jyutping/tone text for this item; fields remain empty rather than inferred.
SA-00954,語文轉換,語文轉換,,,,,,,,,,,,,audio/language_conversion/book_04/written/book_04_001_written.mp3,https://app.speakalongcuhk.com/assets/books/4/1s.mp3,https://app.speakalongcuhk.com/assets/books/4/1s.mp3,https://app.speakalongcuhk.com/tc/bcontent/4,book:4:1:書面語,1s.mp3,mp3,.mp3,7.532062,44100,2,125025,21f5f8293141982c35069c6a1ab14efd5a7be67c01c7d38819a1ad0c35d20f41,2,yue-Hant,book,4,媽媽的生日禮物,書面語,The site supplies no machine-readable lexical/Jyutping/tone text for this item; fields remain empty rather than inferred.
SA-00955,語文轉換,語文轉換,,,,,,,,,,,,,audio/language_conversion/book_04/spoken/book_04_002_spoken.mp3,https://app.speakalongcuhk.com/assets/books/4/2.mp3,https://app.speakalongcuhk.com/assets/books/4/2.mp3,https://app.speakalongcuhk.com/tc/bcontent/4,book:4:2:口語,2.mp3,mp3,.mp3,2.60625,44100,2,46998,c5da907c14adb390c9ae296dde4119e2e7a946a1fe1725c460cc81bbf1ea2164,1,yue-Hant,book,4,媽媽的生日禮物,口語,The site supplies no machine-readable lexical/Jyutping/tone text for this item; fields remain empty rather than inferred.
SA-00956,語文轉換,語文轉換,,,,,,,,,,,,,audio/language_conversion/book_04/written/book_04_002_written.mp3,https://app.speakalongcuhk.com/assets/books/4/2s.mp3,https://app.speakalongcuhk.com/assets/books/4/2s.mp3,https://app.speakalongcuhk.com/tc/bcontent/4,book:4:2:書面語,2s.mp3,mp3,.mp3,3.388125,44100,2,59508,39965a4958f3d9c44992a8b83a4b9e0dd04936465fb5b031e4ac43be2ab147ed,2,yue-Hant,book,4,媽媽的生日禮物,書面語,The site supplies no machine-readable lexical/Jyutping/tone text for this item; fields remain empty rather than inferred.
SA-00957,語文轉換,語文轉換,,,,,,,,,,,,,audio/language_conversion/book_04/spoken/book_04_003_spoken.mp3,https://app.speakalongcuhk.com/assets/books/4/3.mp3,https://app.speakalongcuhk.com/assets/books/4/3.mp3,https://app.speakalongcuhk.com/tc/bcontent/4,book:4:3:口語,3.mp3,mp3,.mp3,9.377937,44100,2,160113,c75670b80a9b6534fad67a9efeb7ee9c56eb0d020df3a8b553dab505df9e43d5,1,yue-Hant,book,4,媽媽的生日禮物,口語,The site supplies no machine-readable lexical/Jyutping/tone text for this item; fields remain empty rather than inferred.
SA-00958,語文轉換,語文轉換,,,,,,,,,,,,,audio/language_conversion/book_04/written/book_04_003_written.mp3,https://app.speakalongcuhk.com/assets/books/4/3s.mp3,https://app.speakalongcuhk.com/assets/books/4/3s.mp3,https://app.speakalongcuhk.com/tc/bcontent/4,book:4:3:書面語,3s.mp3,mp3,.mp3,9.795875,44100,2,166800,a5995de26e1afde9cdda065e266886385dbf02e616651f45672737b5b29a0166,2,yue-Hant,book,4,媽媽的生日禮物,書面語,The site supplies no machine-readable lexical/Jyutping/tone text for this item; fields remain empty rather than inferred.
SA-00959,語文轉換,語文轉換,,,,,,,,,,,,,audio/language_conversion/book_04/spoken/book_04_004_spoken.mp3,https://app.speakalongcuhk.com/assets/books/4/4.mp3,https://app.speakalongcuhk.com/assets/books/4/4.mp3,https://app.speakalongcuhk.com/tc/bcontent/4,book:4:4:口語,4.mp3,mp3,.mp3,6.4635,44100,2,110286,cd16381bc0c65eab687a596f2739244e6ac05f7aeb0c2e49c48eef0bad96e637,1,yue-Hant,book,4,媽媽的生日禮物,口語,The site supplies no machine-readable lexical/Jyutping/tone text for this item; fields remain empty rather than inferred.
SA-00960,語文轉換,語文轉換,,,,,,,,,,,,,audio/language_conversion/book_04/written/book_04_004_written.mp3,https://app.speakalongcuhk.com/assets/books/4/4s.mp3,https://app.speakalongcuhk.com/assets/books/4/4s.mp3,https://app.speakalongcuhk.com/tc/bcontent/4,book:4:4:書面語,4s.mp3,mp3,.mp3,6.489563,44100,2,110703,dfee4878431dcc9423eea001af6288b97ff569f7b78b74386bfbc63dabb3e235,2,yue-Hant,book,4,媽媽的生日禮物,書面語,The site supplies no machine-readable lexical/Jyutping/tone text for this item; fields remain empty rather than inferred.
SA-00961,語文轉換,語文轉換,,,,,,,,,,,,,audio/language_conversion/book_04/spoken/book_04_005_spoken.mp3,https://app.speakalongcuhk.com/assets/books/4/5.mp3,https://app.speakalongcuhk.com/assets/books/4/5.mp3,https://app.speakalongcuhk.com/tc/bcontent/4,book:4:5:口語,5.mp3,mp3,.mp3,2.137125,44100,2,41850,93397e3c2de4c7ce7e5ac380fb417a414f5b037f40b9c3fb16e5aaac22e0d480,1,yue-Hant,book,4,媽媽的生日禮物,口語,The site supplies no machine-readable lexical/Jyutping/tone text for this item; fields remain empty rather than inferred.
SA-00962,語文轉換,語文轉換,,,,,,,,,,,,,audio/language_conversion/book_04/written/book_04_005_written.mp3,https://app.speakalongcuhk.com/assets/books/4/5s.mp3,https://app.speakalongcuhk.com/assets/books/4/5s.mp3,https://app.speakalongcuhk.com/tc/bcontent/4,book:4:5:書面語,5s.mp3,mp3,.mp3,2.2935,44100,2,45138,2890d41822d94e20c40b8517b54b8e34c67a0b835de1ba9470ae80a414fe4607,2,yue-Hant,book,4,媽媽的生日禮物,書面語,The site supplies no machine-readable lexical/Jyutping/tone text for this item; fields remain empty rather than inferred.
SA-00963,語文轉換,語文轉換,,,,,,,,,,,,,audio/language_conversion/book_04/spoken/book_04_006_spoken.mp3,https://app.speakalongcuhk.com/assets/books/4/6.mp3,https://app.speakalongcuhk.com/assets/books/4/6.mp3,https://app.speakalongcuhk.com/tc/bcontent/4,book:4:6:口語,6.mp3,mp3,.mp3,9.325688,44100,2,161635,0b6c6337a636b75ae8b18196392f8c6d58b10634843a10b2587dd633380c5bf2,1,yue-Hant,book,4,媽媽的生日禮物,口語,The site supplies no machine-readable lexical/Jyutping/tone text for this item; fields remain empty rather than inferred.
SA-00964,語文轉換,語文轉換,,,,,,,,,,,,,audio/language_conversion/book_04/written/book_04_006_written.mp3,https://app.speakalongcuhk.com/assets/books/4/6s.mp3,https://app.speakalongcuhk.com/assets/books/4/6s.mp3,https://app.speakalongcuhk.com/tc/bcontent/4,book:4:6:書面語,6s.mp3,mp3,.mp3,10.18775,44100,2,176214,980c7595daf1bd2e06f10dd4865626ba5866287f874a73b7eec9f6ad0b1a75cc,2,yue-Hant,book,4,媽媽的生日禮物,書面語,The site supplies no machine-readable lexical/Jyutping/tone text for this item; fields remain empty rather than inferred.
SA-00965,語文轉換,語文轉換,,,,,,,,,,,,,audio/language_conversion/book_04/spoken/book_04_007_spoken.mp3,https://app.speakalongcuhk.com/assets/books/4/7.mp3,https://app.speakalongcuhk.com/assets/books/4/7.mp3,https://app.speakalongcuhk.com/tc/bcontent/4,book:4:7:口語,7.mp3,mp3,.mp3,11.728938,44100,2,200873,7395faeb9259203699e431bde87ca9323ea1ee6082a8106cfa41853380ac55b3,1,yue-Hant,book,4,媽媽的生日禮物,口語,The site supplies no machine-readable lexical/Jyutping/tone text for this item; fields remain empty rather than inferred.
SA-00966,語文轉換,語文轉換,,,,,,,,,,,,,audio/language_conversion/book_04/written/book_04_007_written.mp3,https://app.speakalongcuhk.com/assets/books/4/7s.mp3,https://app.speakalongcuhk.com/assets/books/4/7s.mp3,https://app.speakalongcuhk.com/tc/bcontent/4,book:4:7:書面語,7s.mp3,mp3,.mp3,13.479125,44100,2,230191,96a3a085b88c26955f6becb22f13b89a5e32d4431ea260e667806cfd054fd952,2,yue-Hant,book,4,媽媽的生日禮物,書面語,The site supplies no machine-readable lexical/Jyutping/tone text for this item; fields remain empty rather than inferred.
SA-00967,語文轉換,語文轉換,,,,,,,,,,,,,audio/language_conversion/book_04/spoken/book_04_008_spoken.mp3,https://app.speakalongcuhk.com/assets/books/4/8.mp3,https://app.speakalongcuhk.com/assets/books/4/8.mp3,https://app.speakalongcuhk.com/tc/bcontent/4,book:4:8:口語,8.mp3,mp3,.mp3,2.554125,44100,2,50880,a502f4af69ba6d24f1744f43cc4a34ee1cf48198a21bbad4f5e9a05a88726ae6,1,yue-Hant,book,4,媽媽的生日禮物,口語,The site supplies no machine-readable lexical/Jyutping/tone text for this item; fields remain empty rather than inferred.
SA-00968,語文轉換,語文轉換,,,,,,,,,,,,,audio/language_conversion/book_04/written/book_04_008_written.mp3,https://app.speakalongcuhk.com/assets/books/4/8s.mp3,https://app.speakalongcuhk.com/assets/books/4/8s.mp3,https://app.speakalongcuhk.com/tc/bcontent/4,book:4:8:書面語,8s.mp3,mp3,.mp3,2.945063,44100,2,57921,fb7e8c41f81512bec1187c6fa0a3da49679806fd6b6c008981f457c7cb1406c6,2,yue-Hant,book,4,媽媽的生日禮物,書面語,The site supplies no machine-readable lexical/Jyutping/tone text for this item; fields remain empty rather than inferred.
SA-00969,語文轉換,語文轉換,,,,,,,,,,,,,audio/language_conversion/book_04/spoken/book_04_009_spoken.mp3,https://app.speakalongcuhk.com/assets/books/4/9.mp3,https://app.speakalongcuhk.com/assets/books/4/9.mp3,https://app.speakalongcuhk.com/tc/bcontent/4,book:4:9:口語,9.mp3,mp3,.mp3,3.909375,44100,2,73350,12915922aa28d0e87c44bee478f6dbbaf31e8f540119216b718010fb8ba333e5,1,yue-Hant,book,4,媽媽的生日禮物,口語,The site supplies no machine-readable lexical/Jyutping/tone text for this item; fields remain empty rather than inferred.
SA-00970,語文轉換,語文轉換,,,,,,,,,,,,,audio/language_conversion/book_04/written/book_04_009_written.mp3,https://app.speakalongcuhk.com/assets/books/4/9s.mp3,https://app.speakalongcuhk.com/assets/books/4/9s.mp3,https://app.speakalongcuhk.com/tc/bcontent/4,book:4:9:書面語,9s.mp3,mp3,.mp3,5.264625,44100,2,96349,3ecfb57db8085639966e8508a407ab8bc9db3d7a90565b4404652a898dc49043,2,yue-Hant,book,4,媽媽的生日禮物,書面語,The site supplies no machine-readable lexical/Jyutping/tone text for this item; fields remain empty rather than inferred.
SA-00971,語文轉換,語文轉換,,,,,,,,,,,,,audio/language_conversion/book_04/spoken/book_04_010_spoken.mp3,https://app.speakalongcuhk.com/assets/books/4/10.mp3,https://app.speakalongcuhk.com/assets/books/4/10.mp3,https://app.speakalongcuhk.com/tc/bcontent/4,book:4:10:口語,10.mp3,mp3,.mp3,2.475938,44100,2,51186,f20d243667876f2cfc5284025dacbcc8e85988c0ecaf73ae42c2ed463449f23e,1,yue-Hant,book,4,媽媽的生日禮物,口語,The site supplies no machine-readable lexical/Jyutping/tone text for this item; fields remain empty rather than inferred.
SA-00972,語文轉換,語文轉換,,,,,,,,,,,,,audio/language_conversion/book_04/written/book_04_010_written.mp3,https://app.speakalongcuhk.com/assets/books/4/10s.mp3,https://app.speakalongcuhk.com/assets/books/4/10s.mp3,https://app.speakalongcuhk.com/tc/bcontent/4,book:4:10:書面語,10s.mp3,mp3,.mp3,2.632312,44100,2,54489,02d1edb33d32c0db079397b6d2c91f222e684240de388e777db89c5f0075c13c,2,yue-Hant,book,4,媽媽的生日禮物,書面語,The site supplies no machine-readable lexical/Jyutping/tone text for this item; fields remain empty rather than inferred.
SA-00973,語文轉換,語文轉換,,,,,,,,,,,,,audio/language_conversion/book_04/spoken/book_04_011_spoken.mp3,https://app.speakalongcuhk.com/assets/books/4/11.mp3,https://app.speakalongcuhk.com/assets/books/4/11.mp3,https://app.speakalongcuhk.com/tc/bcontent/4,book:4:11:口語,11.mp3,mp3,.mp3,4.69125,44100,2,87423,c3f5fed1d62bb7be77f4763b1355656f9f791d3e030e0a678634f1739fc0e8af,1,yue-Hant,book,4,媽媽的生日禮物,口語,The site supplies no machine-readable lexical/Jyutping/tone text for this item; fields remain empty rather than inferred.
SA-00974,語文轉換,語文轉換,,,,,,,,,,,,,audio/language_conversion/book_04/written/book_04_011_written.mp3,https://app.speakalongcuhk.com/assets/books/4/11s.mp3,https://app.speakalongcuhk.com/assets/books/4/11s.mp3,https://app.speakalongcuhk.com/tc/bcontent/4,book:4:11:書面語,11s.mp3,mp3,.mp3,4.873687,44100,2,91137,c722b2e44750d2c6f4ff1e08cd270ce96dda4c2b33ad14c1f9f8bc1d7d97955e,2,yue-Hant,book,4,媽媽的生日禮物,書面語,The site supplies no machine-readable lexical/Jyutping/tone text for this item; fields remain empty rather than inferred.
SA-00975,語文轉換,語文轉換,,,,,,,,,,,,,audio/language_conversion/book_04/spoken/book_04_012_spoken.mp3,https://app.speakalongcuhk.com/assets/books/4/12.mp3,https://app.speakalongcuhk.com/assets/books/4/12.mp3,https://app.speakalongcuhk.com/tc/bcontent/4,book:4:12:口語,12.mp3,mp3,.mp3,3.674812,44100,2,71946,ddfca909a7dde7d1fd58e693a21a5d0a3855fb544aedd9dcabdf763065b48844,1,yue-Hant,book,4,媽媽的生日禮物,口語,The site supplies no machine-readable lexical/Jyutping/tone text for this item; fields remain empty rather than inferred.
SA-00976,語文轉換,語文轉換,,,,,,,,,,,,,audio/language_conversion/book_04/written/book_04_012_written.mp3,https://app.speakalongcuhk.com/assets/books/4/12s.mp3,https://app.speakalongcuhk.com/assets/books/4/12s.mp3,https://app.speakalongcuhk.com/tc/bcontent/4,book:4:12:書面語,12s.mp3,mp3,.mp3,4.717313,44100,2,89421,d20f8c93adc9e329daf247fbf674e7d6e9b3919f17c6270abddcbaa6733b0a28,2,yue-Hant,book,4,媽媽的生日禮物,書面語,The site supplies no machine-readable lexical/Jyutping/tone text for this item; fields remain empty rather than inferred.
SA-00977,語文轉換,語文轉換,,,,,,,,,,,,,audio/language_conversion/book_04/spoken/book_04_013_spoken.mp3,https://app.speakalongcuhk.com/assets/books/4/13.mp3,https://app.speakalongcuhk.com/assets/books/4/13.mp3,https://app.speakalongcuhk.com/tc/bcontent/4,book:4:13:口語,13.mp3,mp3,.mp3,7.870875,44100,2,139869,6ac2da04ee59a6a71b451ba967b1a2983098480c194fc5ed60ba32b7a28df04f,1,yue-Hant,book,4,媽媽的生日禮物,口語,The site supplies no machine-readable lexical/Jyutping/tone text for this item; fields remain empty rather than inferred.
SA-00978,語文轉換,語文轉換,,,,,,,,,,,,,audio/language_conversion/book_04/written/book_04_013_written.mp3,https://app.speakalongcuhk.com/assets/books/4/13s.mp3,https://app.speakalongcuhk.com/assets/books/4/13s.mp3,https://app.speakalongcuhk.com/tc/bcontent/4,book:4:13:書面語,13s.mp3,mp3,.mp3,8.470313,44100,2,150784,7991701b0bcd8e4152f4d57d10138dcca1625577b9a8145d69eda84165450928,2,yue-Hant,book,4,媽媽的生日禮物,書面語,The site supplies no machine-readable lexical/Jyutping/tone text for this item; fields remain empty rather than inferred.
SA-00979,語文轉換,語文轉換,,,,,,,,,,,,,audio/language_conversion/book_04/spoken/book_04_014_spoken.mp3,https://app.speakalongcuhk.com/assets/books/4/14.mp3,https://app.speakalongcuhk.com/assets/books/4/14.mp3,https://app.speakalongcuhk.com/tc/bcontent/4,book:4:14:口語,14.mp3,mp3,.mp3,9.456312,44100,2,170004,891f526a75312ced75faa6ad1b498a95464a34270c89f81bc012314a0960ecf1,1,yue-Hant,book,4,媽媽的生日禮物,口語,The site supplies no machine-readable lexical/Jyutping/tone text for this item; fields remain empty rather than inferred.
SA-00980,語文轉換,語文轉換,,,,,,,,,,,,,audio/language_conversion/book_04/written/book_04_014_written.mp3,https://app.speakalongcuhk.com/assets/books/4/14s.mp3,https://app.speakalongcuhk.com/assets/books/4/14s.mp3,https://app.speakalongcuhk.com/tc/bcontent/4,book:4:14:書面語,14s.mp3,mp3,.mp3,13.662,44100,2,238619,bbbfc03a9ba662f90de7d8d810d620d07d08ec270d891f4afb218e41e89ca0a2,2,yue-Hant,book,4,媽媽的生日禮物,書面語,The site supplies no machine-readable lexical/Jyutping/tone text for this item; fields remain empty rather than inferred.
SA-00981,語文轉換,語文轉換,,,,,,,,,,,,,audio/language_conversion/book_05/spoken/book_05_000_spoken.mp3,https://app.speakalongcuhk.com/assets/books/5/0.mp3,https://app.speakalongcuhk.com/assets/books/5/0.mp3,https://app.speakalongcuhk.com/tc/bcontent/5,book:5:0:口語,0.mp3,mp3,.mp3,3.02325,44100,2,56028,225d7dc7ad50454be2851195e95a2458fa2055c71dbe9aa0ad19dbde42422805,1,yue-Hant,book,5,到公園去散步,口語,The site supplies no machine-readable lexical/Jyutping/tone text for this item; fields remain empty rather than inferred.
SA-00982,語文轉換,語文轉換,,,,,,,,,,,,,audio/language_conversion/book_05/written/book_05_000_written.mp3,https://app.speakalongcuhk.com/assets/books/5/0s.mp3,https://app.speakalongcuhk.com/assets/books/5/0s.mp3,https://app.speakalongcuhk.com/tc/bcontent/5,book:5:0:書面語,0s.mp3,mp3,.mp3,3.153563,44100,2,57315,607369f351094f6ca48e665c0105b413d84d444c2e2b093a9803eaacdd7c4169,2,yue-Hant,book,5,到公園去散步,書面語,The site supplies no machine-readable lexical/Jyutping/tone text for this item; fields remain empty rather than inferred.
SA-00983,語文轉換,語文轉換,,,,,,,,,,,,,audio/language_conversion/book_05/spoken/book_05_001_spoken.mp3,https://app.speakalongcuhk.com/assets/books/5/1.mp3,https://app.speakalongcuhk.com/assets/books/5/1.mp3,https://app.speakalongcuhk.com/tc/bcontent/5,book:5:1:口語,1.mp3,mp3,.mp3,3.049313,44100,2,53301,c6902b7aa915eedd9aae99adf67ce3ceeffb7253ef2b3475cb781a7aa00a82cb,1,yue-Hant,book,5,到公園去散步,口語,The site supplies no machine-readable lexical/Jyutping/tone text for this item; fields remain empty rather than inferred.
SA-00984,語文轉換,語文轉換,,,,,,,,,,,,,audio/language_conversion/book_05/written/book_05_001_written.mp3,https://app.speakalongcuhk.com/assets/books/5/1s.mp3,https://app.speakalongcuhk.com/assets/books/5/1s.mp3,https://app.speakalongcuhk.com/tc/bcontent/5,book:5:1:書面語,1s.mp3,mp3,.mp3,4.222125,44100,2,72674,1447455c4b4b2525c7544ae310f5a0f139ca084f87fdee06a4291cc8c81371cf,2,yue-Hant,book,5,到公園去散步,書面語,The site supplies no machine-readable lexical/Jyutping/tone text for this item; fields remain empty rather than inferred.
SA-00985,語文轉換,語文轉換,,,,,,,,,,,,,audio/language_conversion/book_05/spoken/book_05_002_spoken.mp3,https://app.speakalongcuhk.com/assets/books/5/2.mp3,https://app.speakalongcuhk.com/assets/books/5/2.mp3,https://app.speakalongcuhk.com/tc/bcontent/5,book:5:2:口語,2.mp3,mp3,.mp3,5.030062,44100,2,86308,d0449937d3573bf3cab24cb4ba5858a105bf6b5ee73963c5df797b4e53512689,1,yue-Hant,book,5,到公園去散步,口語,The site supplies no machine-readable lexical/Jyutping/tone text for this item; fields remain empty rather than inferred.
SA-00986,語文轉換,語文轉換,,,,,,,,,,,,,audio/language_conversion/book_05/written/book_05_002_written.mp3,https://app.speakalongcuhk.com/assets/books/5/2s.mp3,https://app.speakalongcuhk.com/assets/books/5/2s.mp3,https://app.speakalongcuhk.com/tc/bcontent/5,book:5:2:書面語,2s.mp3,mp3,.mp3,5.238563,44100,2,90252,36b9627a93367a2963acfea52a5db29debed3a87076df23dd51270b6ae263e66,2,yue-Hant,book,5,到公園去散步,書面語,The site supplies no machine-readable lexical/Jyutping/tone text for this item; fields remain empty rather than inferred.
SA-00987,語文轉換,語文轉換,,,,,,,,,,,,,audio/language_conversion/book_05/spoken/book_05_003_spoken.mp3,https://app.speakalongcuhk.com/assets/books/5/3.mp3,https://app.speakalongcuhk.com/assets/books/5/3.mp3,https://app.speakalongcuhk.com/tc/bcontent/5,book:5:3:口語,3.mp3,mp3,.mp3,6.854438,44100,2,115755,3df36b20319cc1c658d4ad5f297657563f71c0b46bc25935ac88c0962cd1b661,1,yue-Hant,book,5,到公園去散步,口語,The site supplies no machine-readable lexical/Jyutping/tone text for this item; fields remain empty rather than inferred.
SA-00988,語文轉換,語文轉換,,,,,,,,,,,,,audio/language_conversion/book_05/written/book_05_003_written.mp3,https://app.speakalongcuhk.com/assets/books/5/3s.mp3,https://app.speakalongcuhk.com/assets/books/5/3s.mp3,https://app.speakalongcuhk.com/tc/bcontent/5,book:5:3:書面語,3s.mp3,mp3,.mp3,8.287875,44100,2,139827,9643ca75737138f3d0240d4de802da38fd1321ce5a05417fe472ba7489839ad2,2,yue-Hant,book,5,到公園去散步,書面語,The site supplies no machine-readable lexical/Jyutping/tone text for this item; fields remain empty rather than inferred.
SA-00989,語文轉換,語文轉換,,,,,,,,,,,,,audio/language_conversion/book_05/spoken/book_05_004_spoken.mp3,https://app.speakalongcuhk.com/assets/books/5/4.mp3,https://app.speakalongcuhk.com/assets/books/5/4.mp3,https://app.speakalongcuhk.com/tc/bcontent/5,book:5:4:口語,4.mp3,mp3,.mp3,5.290687,44100,2,91521,5ae7a4a254e12f42ea81efa2dc1972f30a32ac00cf9257d628f6af916e2b6096,1,yue-Hant,book,5,到公園去散步,口語,The site supplies no machine-readable lexical/Jyutping/tone text for this item; fields remain empty rather than inferred.
SA-00990,語文轉換,語文轉換,,,,,,,,,,,,,audio/language_conversion/book_05/written/book_05_004_written.mp3,https://app.speakalongcuhk.com/assets/books/5/4s.mp3,https://app.speakalongcuhk.com/assets/books/5/4s.mp3,https://app.speakalongcuhk.com/tc/bcontent/5,book:5:4:書面語,4s.mp3,mp3,.mp3,6.307125,44100,2,108392,68e7c5833ec233ae1e7a668bfb67943cc26c0174bcf374bd0b0103ae55b5aa9f,2,yue-Hant,book,5,到公園去散步,書面語,The site supplies no machine-readable lexical/Jyutping/tone text for this item; fields remain empty rather than inferred.
SA-00991,語文轉換,語文轉換,,,,,,,,,,,,,audio/language_conversion/book_05/spoken/book_05_005_spoken.mp3,https://app.speakalongcuhk.com/assets/books/5/5.mp3,https://app.speakalongcuhk.com/assets/books/5/5.mp3,https://app.speakalongcuhk.com/tc/bcontent/5,book:5:5:口語,5.mp3,mp3,.mp3,5.238563,44100,2,91473,330bc9b4031b036696ecd4fef92ae65954016c5435ef7c91b8b6084e3278a140,1,yue-Hant,book,5,到公園去散步,口語,The site supplies no machine-readable lexical/Jyutping/tone text for this item; fields remain empty rather than inferred.
SA-00992,語文轉換,語文轉換,,,,,,,,,,,,,audio/language_conversion/book_05/written/book_05_005_written.mp3,https://app.speakalongcuhk.com/assets/books/5/5s.mp3,https://app.speakalongcuhk.com/assets/books/5/5s.mp3,https://app.speakalongcuhk.com/tc/bcontent/5,book:5:5:書面語,5s.mp3,mp3,.mp3,5.551312,44100,2,97614,e1686a69d8a6c6f7a2982fa8edb090f44ef5d65a2ec1e75e09514cad5627ef56,2,yue-Hant,book,5,到公園去散步,書面語,The site supplies no machine-readable lexical/Jyutping/tone text for this item; fields remain empty rather than inferred.
SA-00993,語文轉換,語文轉換,,,,,,,,,,,,,audio/language_conversion/book_05/spoken/book_05_006_spoken.mp3,https://app.speakalongcuhk.com/assets/books/5/6.mp3,https://app.speakalongcuhk.com/assets/books/5/6.mp3,https://app.speakalongcuhk.com/tc/bcontent/5,book:5:6:口語,6.mp3,mp3,.mp3,5.056125,44100,2,89340,a48a0894268725dff6004ea2a168e93818399e60bacf613ffca5d1e7cdd8402c,1,yue-Hant,book,5,到公園去散步,口語,The site supplies no machine-readable lexical/Jyutping/tone text for this item; fields remain empty rather than inferred.
SA-00994,語文轉換,語文轉換,,,,,,,,,,,,,audio/language_conversion/book_05/written/book_05_006_written.mp3,https://app.speakalongcuhk.com/assets/books/5/6s.mp3,https://app.speakalongcuhk.com/assets/books/5/6s.mp3,https://app.speakalongcuhk.com/tc/bcontent/5,book:5:6:書面語,6s.mp3,mp3,.mp3,5.577375,44100,2,98805,3faa7c760dc7a6859245263029f91089cd407ac557e3ac463cd44e62bd29090c,2,yue-Hant,book,5,到公園去散步,書面語,The site supplies no machine-readable lexical/Jyutping/tone text for this item; fields remain empty rather than inferred.
SA-00995,語文轉換,語文轉換,,,,,,,,,,,,,audio/language_conversion/book_05/spoken/book_05_007_spoken.mp3,https://app.speakalongcuhk.com/assets/books/5/7.mp3,https://app.speakalongcuhk.com/assets/books/5/7.mp3,https://app.speakalongcuhk.com/tc/bcontent/5,book:5:7:口語,7.mp3,mp3,.mp3,3.622688,44100,2,67720,8a9947f83cae1255b332b0e22818b4ea779b98f9ca9520138d57af140ac2fc95,1,yue-Hant,book,5,到公園去散步,口語,The site supplies no machine-readable lexical/Jyutping/tone text for this item; fields remain empty rather than inferred.
SA-00996,語文轉換,語文轉換,,,,,,,,,,,,,audio/language_conversion/book_05/written/book_05_007_written.mp3,https://app.speakalongcuhk.com/assets/books/5/7s.mp3,https://app.speakalongcuhk.com/assets/books/5/7s.mp3,https://app.speakalongcuhk.com/tc/bcontent/5,book:5:7:書面語,7s.mp3,mp3,.mp3,3.049313,44100,2,58625,07fc73827d633e7b1463469cd9653b7427884a7f02c5693826d120c62dc427e3,2,yue-Hant,book,5,到公園去散步,書面語,The site supplies no machine-readable lexical/Jyutping/tone text for this item; fields remain empty rather than inferred.
SA-00997,語文轉換,語文轉換,,,,,,,,,,,,,audio/language_conversion/book_05/spoken/book_05_008_spoken.mp3,https://app.speakalongcuhk.com/assets/books/5/8.mp3,https://app.speakalongcuhk.com/assets/books/5/8.mp3,https://app.speakalongcuhk.com/tc/bcontent/5,book:5:8:口語,8.mp3,mp3,.mp3,3.414188,44100,2,64641,2dbf5ad4ff295b163ad4e21a7a4727bdbb5969c33c789437892ae2024260fbf1,1,yue-Hant,book,5,到公園去散步,口語,The site supplies no machine-readable lexical/Jyutping/tone text for this item; fields remain empty rather than inferred.
SA-00998,語文轉換,語文轉換,,,,,,,,,,,,,audio/language_conversion/book_05/written/book_05_008_written.mp3,https://app.speakalongcuhk.com/assets/books/5/8s.mp3,https://app.speakalongcuhk.com/assets/books/5/8s.mp3,https://app.speakalongcuhk.com/tc/bcontent/5,book:5:8:書面語,8s.mp3,mp3,.mp3,3.492375,44100,2,66500,2e038cf5d2d250e19e96945ebbbe5c9d9500cf0bcabb02080c276ef750acc407,2,yue-Hant,book,5,到公園去散步,書面語,The site supplies no machine-readable lexical/Jyutping/tone text for this item; fields remain empty rather than inferred.
SA-00999,語文轉換,語文轉換,,,,,,,,,,,,,audio/language_conversion/book_05/spoken/book_05_009_spoken.mp3,https://app.speakalongcuhk.com/assets/books/5/9.mp3,https://app.speakalongcuhk.com/assets/books/5/9.mp3,https://app.speakalongcuhk.com/tc/bcontent/5,book:5:9:口語,9.mp3,mp3,.mp3,3.179625,44100,2,61674,4e134c043defef435428980b1ece99f495f9ab72c777eb85372baf826284b74e,1,yue-Hant,book,5,到公園去散步,口語,The site supplies no machine-readable lexical/Jyutping/tone text for this item; fields remain empty rather than inferred.
SA-01000,語文轉換,語文轉換,,,,,,,,,,,,,audio/language_conversion/book_05/written/book_05_009_written.mp3,https://app.speakalongcuhk.com/assets/books/5/9s.mp3,https://app.speakalongcuhk.com/assets/books/5/9s.mp3,https://app.speakalongcuhk.com/tc/bcontent/5,book:5:9:書面語,9s.mp3,mp3,.mp3,2.7105,44100,2,54776,97a479982f1fd39482f97978283bbab16ef6277f98f8be6a2135bc0059673ff5,2,yue-Hant,book,5,到公園去散步,書面語,The site supplies no machine-readable lexical/Jyutping/tone text for this item; fields remain empty rather than inferred.
SA-01001,語文轉換,語文轉換,,,,,,,,,,,,,audio/language_conversion/book_05/spoken/book_05_010_spoken.mp3,https://app.speakalongcuhk.com/assets/books/5/10.mp3,https://app.speakalongcuhk.com/assets/books/5/10.mp3,https://app.speakalongcuhk.com/tc/bcontent/5,book:5:10:口語,10.mp3,mp3,.mp3,3.831187,44100,2,72885,3efd23486a23156e0e92a913f740f3ba86bc1b493bb70825287b7cd95d8c4190,1,yue-Hant,book,5,到公園去散步,口語,The site supplies no machine-readable lexical/Jyutping/tone text for this item; fields remain empty rather than inferred.
SA-01002,語文轉換,語文轉換,,,,,,,,,,,,,audio/language_conversion/book_05/written/book_05_010_written.mp3,https://app.speakalongcuhk.com/assets/books/5/10s.mp3,https://app.speakalongcuhk.com/assets/books/5/10s.mp3,https://app.speakalongcuhk.com/tc/bcontent/5,book:5:10:書面語,10s.mp3,mp3,.mp3,4.404562,44100,2,82667,6c28ded8a80caedba208cad922edb5de986e17b02183411246e79bb909b4fd4e,2,yue-Hant,book,5,到公園去散步,書面語,The site supplies no machine-readable lexical/Jyutping/tone text for this item; fields remain empty rather than inferred.
SA-01003,語文轉換,語文轉換,,,,,,,,,,,,,audio/language_conversion/book_05/spoken/book_05_011_spoken.mp3,https://app.speakalongcuhk.com/assets/books/5/11.mp3,https://app.speakalongcuhk.com/assets/books/5/11.mp3,https://app.speakalongcuhk.com/tc/bcontent/5,book:5:11:口語,11.mp3,mp3,.mp3,5.838,44100,2,105780,6778dedfc1101365901ee1e9db7f113ebb52271db3da0c0c17928846789b21ee,1,yue-Hant,book,5,到公園去散步,口語,The site supplies no machine-readable lexical/Jyutping/tone text for this item; fields remain empty rather than inferred.
SA-01004,語文轉換,語文轉換,,,,,,,,,,,,,audio/language_conversion/book_05/written/book_05_011_written.mp3,https://app.speakalongcuhk.com/assets/books/5/11s.mp3,https://app.speakalongcuhk.com/assets/books/5/11s.mp3,https://app.speakalongcuhk.com/tc/bcontent/5,book:5:11:書面語,11s.mp3,mp3,.mp3,5.73375,44100,2,105249,f8de2ec2f3dcafd30433bdf48889b8ee2d323dc8d2ada6c37d553d8d31330a70,2,yue-Hant,book,5,到公園去散步,書面語,The site supplies no machine-readable lexical/Jyutping/tone text for this item; fields remain empty rather than inferred.
SA-01005,語文轉換,語文轉換,,,,,,,,,,,,,audio/language_conversion/book_05/spoken/book_05_012_spoken.mp3,https://app.speakalongcuhk.com/assets/books/5/12.mp3,https://app.speakalongcuhk.com/assets/books/5/12.mp3,https://app.speakalongcuhk.com/tc/bcontent/5,book:5:12:口語,12.mp3,mp3,.mp3,7.010812,44100,2,125331,e6ddcda68309db4f7d2e8ebaa7708f09538508c520cf0ff1bd9025ab846b3c6e,1,yue-Hant,book,5,到公園去散步,口語,The site supplies no machine-readable lexical/Jyutping/tone text for this item; fields remain empty rather than inferred.
SA-01006,語文轉換,語文轉換,,,,,,,,,,,,,audio/language_conversion/book_05/written/book_05_012_written.mp3,https://app.speakalongcuhk.com/assets/books/5/12s.mp3,https://app.speakalongcuhk.com/assets/books/5/12s.mp3,https://app.speakalongcuhk.com/tc/bcontent/5,book:5:12:書面語,12s.mp3,mp3,.mp3,5.290687,44100,2,98417,ebf8d1b665ca9811bc964576ef2107cc4b295b30e650954d4b88f3f953c5774c,2,yue-Hant,book,5,到公園去散步,書面語,The site supplies no machine-readable lexical/Jyutping/tone text for this item; fields remain empty rather than inferred.
SA-01007,語文轉換,語文轉換,,,,,,,,,,,,,audio/language_conversion/book_05/spoken/book_05_013_spoken.mp3,https://app.speakalongcuhk.com/assets/books/5/13.mp3,https://app.speakalongcuhk.com/assets/books/5/13.mp3,https://app.speakalongcuhk.com/tc/bcontent/5,book:5:13:口語,13.mp3,mp3,.mp3,7.506,44100,2,134569,8792a8ca93332b409b160beaf130ea516fb56a01f049d7042df1688e43d9d882,1,yue-Hant,book,5,到公園去散步,口語,The site supplies no machine-readable lexical/Jyutping/tone text for this item; fields remain empty rather than inferred.
SA-01008,語文轉換,語文轉換,,,,,,,,,,,,,audio/language_conversion/book_05/written/book_05_013_written.mp3,https://app.speakalongcuhk.com/assets/books/5/13s.mp3,https://app.speakalongcuhk.com/assets/books/5/13s.mp3,https://app.speakalongcuhk.com/tc/bcontent/5,book:5:13:書面語,13s.mp3,mp3,.mp3,9.043688,44100,2,159780,a8d5b00c47a3290decf89352f919ef9724ae7a8a84e068c7caec3c27ab1ce035,2,yue-Hant,book,5,到公園去散步,書面語,The site supplies no machine-readable lexical/Jyutping/tone text for this item; fields remain empty rather than inferred.
SA-01009,語文轉換,語文轉換,,,,,,,,,,,,,audio/language_conversion/book_05/spoken/book_05_014_spoken.mp3,https://app.speakalongcuhk.com/assets/books/5/14.mp3,https://app.speakalongcuhk.com/assets/books/5/14.mp3,https://app.speakalongcuhk.com/tc/bcontent/5,book:5:14:口語,14.mp3,mp3,.mp3,9.017625,44100,2,159012,c0d88748c1c5b5ad22682bc724a0467cc48f34287279edea80687cabc9498765,1,yue-Hant,book,5,到公園去散步,口語,The site supplies no machine-readable lexical/Jyutping/tone text for this item; fields remain empty rather than inferred.
SA-01010,語文轉換,語文轉換,,,,,,,,,,,,,audio/language_conversion/book_05/written/book_05_014_written.mp3,https://app.speakalongcuhk.com/assets/books/5/14s.mp3,https://app.speakalongcuhk.com/assets/books/5/14s.mp3,https://app.speakalongcuhk.com/tc/bcontent/5,book:5:14:書面語,14s.mp3,mp3,.mp3,7.323562,44100,2,132515,6e730fbdef3e27816c290dd9fbd3eab2799ce469ed8aea25a648acf8b0d95715,2,yue-Hant,book,5,到公園去散步,書面語,The site supplies no machine-readable lexical/Jyutping/tone text for this item; fields remain empty rather than inferred.
SA-01011,語文轉換,語文轉換,,,,,,,,,,,,,audio/language_conversion/book_06/spoken/book_06_000_spoken.mp3,https://app.speakalongcuhk.com/assets/books/6/0.mp3,https://app.speakalongcuhk.com/assets/books/6/0.mp3,https://app.speakalongcuhk.com/tc/bcontent/6,book:6:0:口語,0.mp3,mp3,.mp3,2.580188,44100,2,49725,fd3ec4b7756b95abed3ed55bae8076a7d29e4a71987c390e7de77315191def0a,1,yue-Hant,book,6,一個字的魔力,口語,The site supplies no machine-readable lexical/Jyutping/tone text for this item; fields remain empty rather than inferred.
SA-01012,語文轉換,語文轉換,,,,,,,,,,,,,audio/language_conversion/book_06/written/book_06_000_written.mp3,https://app.speakalongcuhk.com/assets/books/6/0s.mp3,https://app.speakalongcuhk.com/assets/books/6/0s.mp3,https://app.speakalongcuhk.com/tc/bcontent/6,book:6:0:書面語,0s.mp3,mp3,.mp3,3.101437,44100,2,53871,19d6e3a36bbe08faa26dbd014ccd29ba3408ad58379f6f1b6e112ba0a12d0ac5,2,yue-Hant,book,6,一個字的魔力,書面語,The site supplies no machine-readable lexical/Jyutping/tone text for this item; fields remain empty rather than inferred.
SA-01013,語文轉換,語文轉換,,,,,,,,,,,,,audio/language_conversion/book_06/spoken/book_06_001_spoken.mp3,https://app.speakalongcuhk.com/assets/books/6/1.mp3,https://app.speakalongcuhk.com/assets/books/6/1.mp3,https://app.speakalongcuhk.com/tc/bcontent/6,book:6:1:口語,1.mp3,mp3,.mp3,12.669375,44100,2,211204,c63e8dbff7a5736faffc1aa3232608caf7b3b7c496b2bc812128d7da451cdef8,1,yue-Hant,book,6,一個字的魔力,口語,The site supplies no machine-readable lexical/Jyutping/tone text for this item; fields remain empty rather than inferred.
SA-01014,語文轉換,語文轉換,,,,,,,,,,,,,audio/language_conversion/book_06/written/book_06_001_written.mp3,https://app.speakalongcuhk.com/assets/books/6/1s.mp3,https://app.speakalongcuhk.com/assets/books/6/1s.mp3,https://app.speakalongcuhk.com/tc/bcontent/6,book:6:1:書面語,1s.mp3,mp3,.mp3,12.773875,44100,2,213141,a459ba5537fdb42ef1abceb92e7157501233d70d14e46e4467ff228825626f6d,2,yue-Hant,book,6,一個字的魔力,書面語,The site supplies no machine-readable lexical/Jyutping/tone text for this item; fields remain empty rather than inferred.
SA-01015,語文轉換,語文轉換,,,,,,,,,,,,,audio/language_conversion/book_06/spoken/book_06_002_spoken.mp3,https://app.speakalongcuhk.com/assets/books/6/2.mp3,https://app.speakalongcuhk.com/assets/books/6/2.mp3,https://app.speakalongcuhk.com/tc/bcontent/6,book:6:2:口語,2.mp3,mp3,.mp3,9.064438,44100,2,154840,28eda9e0da180cd7b7c48e4419425d2fd9b85d88865020ef759779d56b5e7600,1,yue-Hant,book,6,一個字的魔力,口語,The site supplies no machine-readable lexical/Jyutping/tone text for this item; fields remain empty rather than inferred.
SA-01016,語文轉換,語文轉換,,,,,,,,,,,,,audio/language_conversion/book_06/written/book_06_002_written.mp3,https://app.speakalongcuhk.com/assets/books/6/2s.mp3,https://app.speakalongcuhk.com/assets/books/6/2s.mp3,https://app.speakalongcuhk.com/tc/bcontent/6,book:6:2:書面語,2s.mp3,mp3,.mp3,10.840813,44100,2,182728,19b7eee0c3f053998d7dc331ce7c970099fcc2616007f14943026ca8fff581ad,2,yue-Hant,book,6,一個字的魔力,書面語,The site supplies no machine-readable lexical/Jyutping/tone text for this item; fields remain empty rather than inferred.
SA-01017,語文轉換,語文轉換,,,,,,,,,,,,,audio/language_conversion/book_06/spoken/book_06_003_spoken.mp3,https://app.speakalongcuhk.com/assets/books/6/3.mp3,https://app.speakalongcuhk.com/assets/books/6/3.mp3,https://app.speakalongcuhk.com/tc/bcontent/6,book:6:3:口語,3.mp3,mp3,.mp3,1.928625,44100,2,37471,3a8b17e9e70f190f1ad70e5c4c7e1ef813a3a2b1fb1931ef83eb787d6443fe7e,1,yue-Hant,book,6,一個字的魔力,口語,The site supplies no machine-readable lexical/Jyutping/tone text for this item; fields remain empty rather than inferred.
SA-01018,語文轉換,語文轉換,,,,,,,,,,,,,audio/language_conversion/book_06/written/book_06_003_written.mp3,https://app.speakalongcuhk.com/assets/books/6/3s.mp3,https://app.speakalongcuhk.com/assets/books/6/3s.mp3,https://app.speakalongcuhk.com/tc/bcontent/6,book:6:3:書面語,3s.mp3,mp3,.mp3,2.788687,44100,2,49911,89b02621179df357463fab73324009d1c6267e4f1d02d1f6c4940f27c9ffe153,2,yue-Hant,book,6,一個字的魔力,書面語,The site supplies no machine-readable lexical/Jyutping/tone text for this item; fields remain empty rather than inferred.
SA-01019,語文轉換,語文轉換,,,,,,,,,,,,,audio/language_conversion/book_06/spoken/book_06_005_spoken.mp3,https://app.speakalongcuhk.com/assets/books/6/5.mp3,https://app.speakalongcuhk.com/assets/books/6/5.mp3,https://app.speakalongcuhk.com/tc/bcontent/6,book:6:5:口語,5.mp3,mp3,.mp3,9.66525,44100,2,166025,24a7ee8e18275eab5d1cfb50f00f894389d7a83df1412838318b65cfbe6f3fee,1,yue-Hant,book,6,一個字的魔力,口語,The site supplies no machine-readable lexical/Jyutping/tone text for this item; fields remain empty rather than inferred.
SA-01020,語文轉換,語文轉換,,,,,,,,,,,,,audio/language_conversion/book_06/written/book_06_005_written.mp3,https://app.speakalongcuhk.com/assets/books/6/5s.mp3,https://app.speakalongcuhk.com/assets/books/6/5s.mp3,https://app.speakalongcuhk.com/tc/bcontent/6,book:6:5:書面語,5s.mp3,mp3,.mp3,11.546062,44100,2,195062,009db02329deaf639cb162e56d016752b23acf04be8f409743b5bd54e47d205a,2,yue-Hant,book,6,一個字的魔力,書面語,The site supplies no machine-readable lexical/Jyutping/tone text for this item; fields remain empty rather than inferred.
SA-01021,語文轉換,語文轉換,,,,,,,,,,,,,audio/language_conversion/book_06/spoken/book_06_006_spoken.mp3,https://app.speakalongcuhk.com/assets/books/6/6.mp3,https://app.speakalongcuhk.com/assets/books/6/6.mp3,https://app.speakalongcuhk.com/tc/bcontent/6,book:6:6:口語,6.mp3,mp3,.mp3,8.176312,44100,2,142459,4859c621a4985e83522e035de27657f26a19f3fb28774f85c0a5154859c799cf,1,yue-Hant,book,6,一個字的魔力,口語,The site supplies no machine-readable lexical/Jyutping/tone text for this item; fields remain empty rather than inferred.
SA-01022,語文轉換,語文轉換,,,,,,,,,,,,,audio/language_conversion/book_06/written/book_06_006_written.mp3,https://app.speakalongcuhk.com/assets/books/6/6s.mp3,https://app.speakalongcuhk.com/assets/books/6/6s.mp3,https://app.speakalongcuhk.com/tc/bcontent/6,book:6:6:書面語,6s.mp3,mp3,.mp3,9.482437,44100,2,162037,fa706e8777acf5dccae1b7f287c0b971fe21e2a81dffd1ab9bbfbac8f2f60ad8,2,yue-Hant,book,6,一個字的魔力,書面語,The site supplies no machine-readable lexical/Jyutping/tone text for this item; fields remain empty rather than inferred.
SA-01023,語文轉換,語文轉換,,,,,,,,,,,,,audio/language_conversion/book_06/spoken/book_06_007_spoken.mp3,https://app.speakalongcuhk.com/assets/books/6/7.mp3,https://app.speakalongcuhk.com/assets/books/6/7.mp3,https://app.speakalongcuhk.com/tc/bcontent/6,book:6:7:口語,7.mp3,mp3,.mp3,2.7105,44100,2,51810,d5f94f77f276ecaec4bc5185f47c11b7ba6fd2a14d6a5e339ea7f89e5454cd33,1,yue-Hant,book,6,一個字的魔力,口語,The site supplies no machine-readable lexical/Jyutping/tone text for this item; fields remain empty rather than inferred.
SA-01024,語文轉換,語文轉換,,,,,,,,,,,,,audio/language_conversion/book_06/written/book_06_007_written.mp3,https://app.speakalongcuhk.com/assets/books/6/7s.mp3,https://app.speakalongcuhk.com/assets/books/6/7s.mp3,https://app.speakalongcuhk.com/tc/bcontent/6,book:6:7:書面語,7s.mp3,mp3,.mp3,2.945063,44100,2,54508,bd82f5c55ddd916014af2b67c664c387035b0c9f2c3400daf0012d43563f650c,2,yue-Hant,book,6,一個字的魔力,書面語,The site supplies no machine-readable lexical/Jyutping/tone text for this item; fields remain empty rather than inferred.
SA-01025,語文轉換,語文轉換,,,,,,,,,,,,,audio/language_conversion/book_06/spoken/book_06_008_spoken.mp3,https://app.speakalongcuhk.com/assets/books/6/8.mp3,https://app.speakalongcuhk.com/assets/books/6/8.mp3,https://app.speakalongcuhk.com/tc/bcontent/6,book:6:8:口語,8.mp3,mp3,.mp3,2.840812,44100,2,54681,31b5361d1745a02433d7e452bec1b8dd78f2f90137359016e1e6a37ad17283ef,1,yue-Hant,book,6,一個字的魔力,口語,The site supplies no machine-readable lexical/Jyutping/tone text for this item; fields remain empty rather than inferred.
SA-01026,語文轉換,語文轉換,,,,,,,,,,,,,audio/language_conversion/book_06/written/book_06_008_written.mp3,https://app.speakalongcuhk.com/assets/books/6/8s.mp3,https://app.speakalongcuhk.com/assets/books/6/8s.mp3,https://app.speakalongcuhk.com/tc/bcontent/6,book:6:8:書面語,8s.mp3,mp3,.mp3,2.945063,44100,2,55030,48633a2c11754a1bf7dd57d8440c3025e86b73c98b8bb1a34e1ada178fffba41,2,yue-Hant,book,6,一個字的魔力,書面語,The site supplies no machine-readable lexical/Jyutping/tone text for this item; fields remain empty rather than inferred.
SA-01027,語文轉換,語文轉換,,,,,,,,,,,,,audio/language_conversion/book_06/spoken/book_06_009_spoken.mp3,https://app.speakalongcuhk.com/assets/books/6/9.mp3,https://app.speakalongcuhk.com/assets/books/6/9.mp3,https://app.speakalongcuhk.com/tc/bcontent/6,book:6:9:口語,9.mp3,mp3,.mp3,13.061188,44100,2,222446,55e14363356b87799f679032e9ffd8f57ce61a04687105afe2810bc147c446ab,1,yue-Hant,book,6,一個字的魔力,口語,The site supplies no machine-readable lexical/Jyutping/tone text for this item; fields remain empty rather than inferred.
SA-01028,語文轉換,語文轉換,,,,,,,,,,,,,audio/language_conversion/book_06/written/book_06_009_written.mp3,https://app.speakalongcuhk.com/assets/books/6/9s.mp3,https://app.speakalongcuhk.com/assets/books/6/9s.mp3,https://app.speakalongcuhk.com/tc/bcontent/6,book:6:9:書面語,9s.mp3,mp3,.mp3,15.751812,44100,2,263906,21235ccd88bdd4a274302a49c0b4f934ab5c59ff84276ac7221d68c21b276ca0,2,yue-Hant,book,6,一個字的魔力,書面語,The site supplies no machine-readable lexical/Jyutping/tone text for this item; fields remain empty rather than inferred.
SA-01029,語文轉換,語文轉換,,,,,,,,,,,,,audio/language_conversion/book_06/spoken/book_06_010_spoken.mp3,https://app.speakalongcuhk.com/assets/books/6/10.mp3,https://app.speakalongcuhk.com/assets/books/6/10.mp3,https://app.speakalongcuhk.com/tc/bcontent/6,book:6:10:口語,10.mp3,mp3,.mp3,5.499187,44100,2,100102,400c83d1934c1c6883478afb2f4d58eda0e616d9612a926172208bb7e545ac71,1,yue-Hant,book,6,一個字的魔力,口語,The site supplies no machine-readable lexical/Jyutping/tone text for this item; fields remain empty rather than inferred.
SA-01030,語文轉換,語文轉換,,,,,,,,,,,,,audio/language_conversion/book_06/written/book_06_010_written.mp3,https://app.speakalongcuhk.com/assets/books/6/10s.mp3,https://app.speakalongcuhk.com/assets/books/6/10s.mp3,https://app.speakalongcuhk.com/tc/bcontent/6,book:6:10:書面語,10s.mp3,mp3,.mp3,6.56775,44100,2,115081,c649006ca63fa8b9b6301718ab20535505959ee023918886e62c10ee923f115d,2,yue-Hant,book,6,一個字的魔力,書面語,The site supplies no machine-readable lexical/Jyutping/tone text for this item; fields remain empty rather than inferred.
SA-01031,語文轉換,語文轉換,,,,,,,,,,,,,audio/language_conversion/book_06/spoken/book_06_011_spoken.mp3,https://app.speakalongcuhk.com/assets/books/6/11.mp3,https://app.speakalongcuhk.com/assets/books/6/11.mp3,https://app.speakalongcuhk.com/tc/bcontent/6,book:6:11:口語,11.mp3,mp3,.mp3,14.733063,44100,2,252083,8a4a44c6c8b6dfd2b03d36ab55f3d0bc7cce313e209853b45185f85342ff7e65,1,yue-Hant,book,6,一個字的魔力,口語,The site supplies no machine-readable lexical/Jyutping/tone text for this item; fields remain empty rather than inferred.
SA-01032,語文轉換,語文轉換,,,,,,,,,,,,,audio/language_conversion/book_06/written/book_06_011_written.mp3,https://app.speakalongcuhk.com/assets/books/6/11s.mp3,https://app.speakalongcuhk.com/assets/books/6/11s.mp3,https://app.speakalongcuhk.com/tc/bcontent/6,book:6:11:書面語,11s.mp3,mp3,.mp3,18.651375,44100,2,312923,603f78976d55853c3570e0567bc71a9e483ee3af888459dce598c564973fe0de,2,yue-Hant,book,6,一個字的魔力,書面語,The site supplies no machine-readable lexical/Jyutping/tone text for this item; fields remain empty rather than inferred.
SA-01033,語文轉換,語文轉換,,,,,,,,,,,,,audio/language_conversion/book_06/spoken/book_06_013_spoken.mp3,https://app.speakalongcuhk.com/assets/books/6/13.mp3,https://app.speakalongcuhk.com/assets/books/6/13.mp3,https://app.speakalongcuhk.com/tc/bcontent/6,book:6:13:口語,13.mp3,mp3,.mp3,1.668,44100,2,40632,a583504617b67ef639b51dcf5229922e76f2346a9e097dac9ec7e8cb0bc75bba,1,yue-Hant,book,6,一個字的魔力,口語,The site supplies no machine-readable lexical/Jyutping/tone text for this item; fields remain empty rather than inferred.
SA-01034,語文轉換,語文轉換,,,,,,,,,,,,,audio/language_conversion/book_06/written/book_06_013_written.mp3,https://app.speakalongcuhk.com/assets/books/6/13s.mp3,https://app.speakalongcuhk.com/assets/books/6/13s.mp3,https://app.speakalongcuhk.com/tc/bcontent/6,book:6:13:書面語,13s.mp3,mp3,.mp3,1.407375,44100,2,34081,9e9cd8cbff28dd3d4f81bf847dede463808e793c19534abe6a12d7eeee2d4842,2,yue-Hant,book,6,一個字的魔力,書面語,The site supplies no machine-readable lexical/Jyutping/tone text for this item; fields remain empty rather than inferred.
SA-01035,語文轉換,語文轉換,,,,,,,,,,,,,audio/language_conversion/book_06/spoken/book_06_014_spoken.mp3,https://app.speakalongcuhk.com/assets/books/6/14.mp3,https://app.speakalongcuhk.com/assets/books/6/14.mp3,https://app.speakalongcuhk.com/tc/bcontent/6,book:6:14:口語,14.mp3,mp3,.mp3,5.473125,44100,2,102300,0eefa3f11210f2ebc8eba993b7420daadac4a07a50c9568f55c9d2fd5c9a9590,1,yue-Hant,book,6,一個字的魔力,口語,The site supplies no machine-readable lexical/Jyutping/tone text for this item; fields remain empty rather than inferred.
SA-01036,語文轉換,語文轉換,,,,,,,,,,,,,audio/language_conversion/book_06/written/book_06_014_written.mp3,https://app.speakalongcuhk.com/assets/books/6/14s.mp3,https://app.speakalongcuhk.com/assets/books/6/14s.mp3,https://app.speakalongcuhk.com/tc/bcontent/6,book:6:14:書面語,14s.mp3,mp3,.mp3,5.890125,44100,2,105798,41e898685d0d817e5aa0ac473a61bcd2fc29daee7c75062984aa8fddf15d6052,2,yue-Hant,book,6,一個字的魔力,書面語,The site supplies no machine-readable lexical/Jyutping/tone text for this item; fields remain empty rather than inferred.
SA-01037,語文轉換,語文轉換,,,,,,,,,,,,,audio/language_conversion/book_07/spoken/book_07_000_spoken.mp3,https://app.speakalongcuhk.com/assets/books/7/0.mp3,https://app.speakalongcuhk.com/assets/books/7/0.mp3,https://app.speakalongcuhk.com/tc/bcontent/7,book:7:0:口語,0.mp3,mp3,.mp3,2.18925,44100,2,44256,cfd52af4a2455dbc64cf4c8e9a7aed07bb3bdba7e262453ccce7cd922edae1ae,1,yue-Hant,book,7,白日夢,口語,The site supplies no machine-readable lexical/Jyutping/tone text for this item; fields remain empty rather than inferred.
SA-01038,語文轉換,語文轉換,,,,,,,,,,,,,audio/language_conversion/book_07/written/book_07_000_written.mp3,https://app.speakalongcuhk.com/assets/books/7/0s.mp3,https://app.speakalongcuhk.com/assets/books/7/0s.mp3,https://app.speakalongcuhk.com/tc/bcontent/7,book:7:0:書面語,0s.mp3,mp3,.mp3,2.111063,44100,2,41157,27ffc47cf2f538e7dfaa2a747eca7814325f9c6b4d67f41787dcf0840732e93b,2,yue-Hant,book,7,白日夢,書面語,The site supplies no machine-readable lexical/Jyutping/tone text for this item; fields remain empty rather than inferred.
SA-01039,語文轉換,語文轉換,,,,,,,,,,,,,audio/language_conversion/book_07/spoken/book_07_001_spoken.mp3,https://app.speakalongcuhk.com/assets/books/7/1.mp3,https://app.speakalongcuhk.com/assets/books/7/1.mp3,https://app.speakalongcuhk.com/tc/bcontent/7,book:7:1:口語,1.mp3,mp3,.mp3,8.90775,44100,2,151540,8b88e53151baec042cc113fe8de26876b8a4bd81f3a15a5c56e902c19ba6593a,1,yue-Hant,book,7,白日夢,口語,The site supplies no machine-readable lexical/Jyutping/tone text for this item; fields remain empty rather than inferred.
SA-01040,語文轉換,語文轉換,,,,,,,,,,,,,audio/language_conversion/book_07/written/book_07_001_written.mp3,https://app.speakalongcuhk.com/assets/books/7/1s.mp3,https://app.speakalongcuhk.com/assets/books/7/1s.mp3,https://app.speakalongcuhk.com/tc/bcontent/7,book:7:1:書面語,1s.mp3,mp3,.mp3,10.448937,44100,2,176206,eb3daf3d0cb89238cb10d251878973d4166e96d7fc03f1794258446f32f90cc9,2,yue-Hant,book,7,白日夢,書面語,The site supplies no machine-readable lexical/Jyutping/tone text for this item; fields remain empty rather than inferred.
SA-01041,語文轉換,語文轉換,,,,,,,,,,,,,audio/language_conversion/book_07/spoken/book_07_002_spoken.mp3,https://app.speakalongcuhk.com/assets/books/7/2.mp3,https://app.speakalongcuhk.com/assets/books/7/2.mp3,https://app.speakalongcuhk.com/tc/bcontent/7,book:7:2:口語,2.mp3,mp3,.mp3,6.515625,44100,2,110070,4d103367417eaa442ef0979fa3695a4f75c58ac74256fcbb17ac5d830a4fbe5c,1,yue-Hant,book,7,白日夢,口語,The site supplies no machine-readable lexical/Jyutping/tone text for this item; fields remain empty rather than inferred.
SA-01042,語文轉換,語文轉換,,,,,,,,,,,,,audio/language_conversion/book_07/written/book_07_002_written.mp3,https://app.speakalongcuhk.com/assets/books/7/2s.mp3,https://app.speakalongcuhk.com/assets/books/7/2s.mp3,https://app.speakalongcuhk.com/tc/bcontent/7,book:7:2:書面語,2s.mp3,mp3,.mp3,5.655563,44100,2,96316,89a614de1d4cb21eb5a723dfa75797c4149a6d78841197fe7c86d29fafdf737f,2,yue-Hant,book,7,白日夢,書面語,The site supplies no machine-readable lexical/Jyutping/tone text for this item; fields remain empty rather than inferred.
SA-01043,語文轉換,語文轉換,,,,,,,,,,,,,audio/language_conversion/book_07/spoken/book_07_003_spoken.mp3,https://app.speakalongcuhk.com/assets/books/7/3.mp3,https://app.speakalongcuhk.com/assets/books/7/3.mp3,https://app.speakalongcuhk.com/tc/bcontent/7,book:7:3:口語,3.mp3,mp3,.mp3,5.447063,44100,2,93759,a08cf830d819f9c27144dbefb32fe6527931a48eb49216d5307319c1d94b46c4,1,yue-Hant,book,7,白日夢,口語,The site supplies no machine-readable lexical/Jyutping/tone text for this item; fields remain empty rather than inferred.
SA-01044,語文轉換,語文轉換,,,,,,,,,,,,,audio/language_conversion/book_07/written/book_07_003_written.mp3,https://app.speakalongcuhk.com/assets/books/7/3s.mp3,https://app.speakalongcuhk.com/assets/books/7/3s.mp3,https://app.speakalongcuhk.com/tc/bcontent/7,book:7:3:書面語,3s.mp3,mp3,.mp3,6.124688,44100,2,104079,9b6eef37478148c6a332843ea3e1dbdeb22f8b8c1c239cab0dc2761ce704d4c8,2,yue-Hant,book,7,白日夢,書面語,The site supplies no machine-readable lexical/Jyutping/tone text for this item; fields remain empty rather than inferred.
SA-01045,語文轉換,語文轉換,,,,,,,,,,,,,audio/language_conversion/book_07/spoken/book_07_004_spoken.mp3,https://app.speakalongcuhk.com/assets/books/7/4.mp3,https://app.speakalongcuhk.com/assets/books/7/4.mp3,https://app.speakalongcuhk.com/tc/bcontent/7,book:7:4:口語,4.mp3,mp3,.mp3,4.326375,44100,2,76614,5ebea0791724ff56e247488749932467c9cdacc4858ecf348c6244fc1b16a754,1,yue-Hant,book,7,白日夢,口語,The site supplies no machine-readable lexical/Jyutping/tone text for this item; fields remain empty rather than inferred.
SA-01046,語文轉換,語文轉換,,,,,,,,,,,,,audio/language_conversion/book_07/written/book_07_004_written.mp3,https://app.speakalongcuhk.com/assets/books/7/4s.mp3,https://app.speakalongcuhk.com/assets/books/7/4s.mp3,https://app.speakalongcuhk.com/tc/bcontent/7,book:7:4:書面語,4s.mp3,mp3,.mp3,4.404562,44100,2,77343,52793932f3e6b760d2f2016afbd1991363f0b30f5ce3a07a6ab381fe9e1a9b1e,2,yue-Hant,book,7,白日夢,書面語,The site supplies no machine-readable lexical/Jyutping/tone text for this item; fields remain empty rather than inferred.
SA-01047,語文轉換,語文轉換,,,,,,,,,,,,,audio/language_conversion/book_07/spoken/book_07_005_spoken.mp3,https://app.speakalongcuhk.com/assets/books/7/5.mp3,https://app.speakalongcuhk.com/assets/books/7/5.mp3,https://app.speakalongcuhk.com/tc/bcontent/7,book:7:5:口語,5.mp3,mp3,.mp3,1.56375,44100,2,35314,cd3054e7c6e1fa4a8c67c10a968c4a76d47bbcb0161c5c246cc2edc0f0b34bdb,1,yue-Hant,book,7,白日夢,口語,The site supplies no machine-readable lexical/Jyutping/tone text for this item; fields remain empty rather than inferred.
SA-01048,語文轉換,語文轉換,,,,,,,,,,,,,audio/language_conversion/book_07/written/book_07_005_written.mp3,https://app.speakalongcuhk.com/assets/books/7/5s.mp3,https://app.speakalongcuhk.com/assets/books/7/5s.mp3,https://app.speakalongcuhk.com/tc/bcontent/7,book:7:5:書面語,5s.mp3,mp3,.mp3,1.824375,44100,2,36846,ba42fe437b35cb687a5137608e4e3e52769c77d125fd34d9103321d982234784,2,yue-Hant,book,7,白日夢,書面語,The site supplies no machine-readable lexical/Jyutping/tone text for this item; fields remain empty rather than inferred.
SA-01049,語文轉換,語文轉換,,,,,,,,,,,,,audio/language_conversion/book_07/spoken/book_07_006_spoken.mp3,https://app.speakalongcuhk.com/assets/books/7/6.mp3,https://app.speakalongcuhk.com/assets/books/7/6.mp3,https://app.speakalongcuhk.com/tc/bcontent/7,book:7:6:口語,6.mp3,mp3,.mp3,3.179625,44100,2,61153,3b2f459547d5338c827e4a947b658ef8f3aebd49ec192f7de9c69c86f8ae5379,1,yue-Hant,book,7,白日夢,口語,The site supplies no machine-readable lexical/Jyutping/tone text for this item; fields remain empty rather than inferred.
SA-01050,語文轉換,語文轉換,,,,,,,,,,,,,audio/language_conversion/book_07/written/book_07_006_written.mp3,https://app.speakalongcuhk.com/assets/books/7/6s.mp3,https://app.speakalongcuhk.com/assets/books/7/6s.mp3,https://app.speakalongcuhk.com/tc/bcontent/7,book:7:6:書面語,6s.mp3,mp3,.mp3,4.430625,44100,2,79332,5a98cbac88eaf75531fde16f8628611841b7b91f38313b6d08fa10e3f3ce9928,2,yue-Hant,book,7,白日夢,書面語,The site supplies no machine-readable lexical/Jyutping/tone text for this item; fields remain empty rather than inferred.
SA-01051,語文轉換,語文轉換,,,,,,,,,,,,,audio/language_conversion/book_07/spoken/book_07_007_spoken.mp3,https://app.speakalongcuhk.com/assets/books/7/7.mp3,https://app.speakalongcuhk.com/assets/books/7/7.mp3,https://app.speakalongcuhk.com/tc/bcontent/7,book:7:7:口語,7.mp3,mp3,.mp3,6.906563,44100,2,121041,9112131eb9660d20471e61128862cb1894af500bc326d140aadf62120306a98e,1,yue-Hant,book,7,白日夢,口語,The site supplies no machine-readable lexical/Jyutping/tone text for this item; fields remain empty rather than inferred.
SA-01052,語文轉換,語文轉換,,,,,,,,,,,,,audio/language_conversion/book_07/written/book_07_007_written.mp3,https://app.speakalongcuhk.com/assets/books/7/7s.mp3,https://app.speakalongcuhk.com/assets/books/7/7s.mp3,https://app.speakalongcuhk.com/tc/bcontent/7,book:7:7:書面語,7s.mp3,mp3,.mp3,7.923,44100,2,135996,b81ed87f6f46df606f8152038e438af939dcb38dd714c1f3a1de7b7473a0bff8,2,yue-Hant,book,7,白日夢,書面語,The site supplies no machine-readable lexical/Jyutping/tone text for this item; fields remain empty rather than inferred.
SA-01053,語文轉換,語文轉換,,,,,,,,,,,,,audio/language_conversion/book_07/spoken/book_07_008_spoken.mp3,https://app.speakalongcuhk.com/assets/books/7/8.mp3,https://app.speakalongcuhk.com/assets/books/7/8.mp3,https://app.speakalongcuhk.com/tc/bcontent/7,book:7:8:口語,8.mp3,mp3,.mp3,6.698062,44100,2,118491,4ed6c3cac66edbfc233a055cbb7dabb1ec4b7f15c07d9681aed54d007ff10666,1,yue-Hant,book,7,白日夢,口語,The site supplies no machine-readable lexical/Jyutping/tone text for this item; fields remain empty rather than inferred.
SA-01054,語文轉換,語文轉換,,,,,,,,,,,,,audio/language_conversion/book_07/written/book_07_008_written.mp3,https://app.speakalongcuhk.com/assets/books/7/8s.mp3,https://app.speakalongcuhk.com/assets/books/7/8s.mp3,https://app.speakalongcuhk.com/tc/bcontent/7,book:7:8:書面語,8s.mp3,mp3,.mp3,6.515625,44100,2,114264,28ad58d9ba8ab443dd2242eb090839224c89ba74eab118604871ee3fd6a3300c,2,yue-Hant,book,7,白日夢,書面語,The site supplies no machine-readable lexical/Jyutping/tone text for this item; fields remain empty rather than inferred.
SA-01055,語文轉換,語文轉換,,,,,,,,,,,,,audio/language_conversion/book_07/spoken/book_07_009_spoken.mp3,https://app.speakalongcuhk.com/assets/books/7/9.mp3,https://app.speakalongcuhk.com/assets/books/7/9.mp3,https://app.speakalongcuhk.com/tc/bcontent/7,book:7:9:口語,9.mp3,mp3,.mp3,12.930563,44100,2,222450,99987e5b34382338a1163404186a0d1ad8da8742f677721907db8622c78ff2b7,1,yue-Hant,book,7,白日夢,口語,The site supplies no machine-readable lexical/Jyutping/tone text for this item; fields remain empty rather than inferred.
SA-01056,語文轉換,語文轉換,,,,,,,,,,,,,audio/language_conversion/book_07/written/book_07_009_written.mp3,https://app.speakalongcuhk.com/assets/books/7/9s.mp3,https://app.speakalongcuhk.com/assets/books/7/9s.mp3,https://app.speakalongcuhk.com/tc/bcontent/7,book:7:9:書面語,9s.mp3,mp3,.mp3,14.106063,44100,2,240479,93190dc31226e32aec80e1793155585a4cc14f16dde7c48f8054a5ab3f84bbdd,2,yue-Hant,book,7,白日夢,書面語,The site supplies no machine-readable lexical/Jyutping/tone text for this item; fields remain empty rather than inferred.
SA-01057,語文轉換,語文轉換,,,,,,,,,,,,,audio/language_conversion/book_07/spoken/book_07_010_spoken.mp3,https://app.speakalongcuhk.com/assets/books/7/10.mp3,https://app.speakalongcuhk.com/assets/books/7/10.mp3,https://app.speakalongcuhk.com/tc/bcontent/7,book:7:10:口語,10.mp3,mp3,.mp3,10.1355,44100,2,179821,6ebb6532e76520bad5049fe1b870b748d74c38148db602748127d3fc1f639541,1,yue-Hant,book,7,白日夢,口語,The site supplies no machine-readable lexical/Jyutping/tone text for this item; fields remain empty rather than inferred.
SA-01058,語文轉換,語文轉換,,,,,,,,,,,,,audio/language_conversion/book_07/written/book_07_010_written.mp3,https://app.speakalongcuhk.com/assets/books/7/10s.mp3,https://app.speakalongcuhk.com/assets/books/7/10s.mp3,https://app.speakalongcuhk.com/tc/bcontent/7,book:7:10:書面語,10s.mp3,mp3,.mp3,9.299563,44100,2,165147,5af33f633c837b4eed7ddec8c19eec03b36fae7d748aceec0b6cc3b8aec287a0,2,yue-Hant,book,7,白日夢,書面語,The site supplies no machine-readable lexical/Jyutping/tone text for this item; fields remain empty rather than inferred.
SA-01059,語文轉換,語文轉換,,,,,,,,,,,,,audio/language_conversion/book_07/spoken/book_07_011_spoken.mp3,https://app.speakalongcuhk.com/assets/books/7/11.mp3,https://app.speakalongcuhk.com/assets/books/7/11.mp3,https://app.speakalongcuhk.com/tc/bcontent/7,book:7:11:口語,11.mp3,mp3,.mp3,9.952625,44100,2,177681,33c2f7d30d7a5cd77b5c6b9f740299cc900bf7d5797de575537f080ce3516917,1,yue-Hant,book,7,白日夢,口語,The site supplies no machine-readable lexical/Jyutping/tone text for this item; fields remain empty rather than inferred.
SA-01060,語文轉換,語文轉換,,,,,,,,,,,,,audio/language_conversion/book_07/written/book_07_011_written.mp3,https://app.speakalongcuhk.com/assets/books/7/11s.mp3,https://app.speakalongcuhk.com/assets/books/7/11s.mp3,https://app.speakalongcuhk.com/tc/bcontent/7,book:7:11:書面語,11s.mp3,mp3,.mp3,13.061188,44100,2,218031,7973e3f455a1f2214a088e2e414805f26afdb148ad95cc8593b10e3e4923eea8,2,yue-Hant,book,7,白日夢,書面語,The site supplies no machine-readable lexical/Jyutping/tone text for this item; fields remain empty rather than inferred.
SA-01061,語文轉換,語文轉換,,,,,,,,,,,,,audio/language_conversion/book_07/spoken/book_07_012_spoken.mp3,https://app.speakalongcuhk.com/assets/books/7/12.mp3,https://app.speakalongcuhk.com/assets/books/7/12.mp3,https://app.speakalongcuhk.com/tc/bcontent/7,book:7:12:口語,12.mp3,mp3,.mp3,8.626687,44100,2,153270,fb2e25dd9997b6d229af657f488b46a342fb118d477e2876f4494b2eac8eb5a4,1,yue-Hant,book,7,白日夢,口語,The site supplies no machine-readable lexical/Jyutping/tone text for this item; fields remain empty rather than inferred.
SA-01062,語文轉換,語文轉換,,,,,,,,,,,,,audio/language_conversion/book_07/written/book_07_012_written.mp3,https://app.speakalongcuhk.com/assets/books/7/12s.mp3,https://app.speakalongcuhk.com/assets/books/7/12s.mp3,https://app.speakalongcuhk.com/tc/bcontent/7,book:7:12:書面語,12s.mp3,mp3,.mp3,8.261812,44100,2,146133,eda25a4e5be6a1404d76468408fa4d222ffa40bfc6cf5a36b730883dd6803a4a,2,yue-Hant,book,7,白日夢,書面語,The site supplies no machine-readable lexical/Jyutping/tone text for this item; fields remain empty rather than inferred.
SA-01063,語文轉換,語文轉換,,,,,,,,,,,,,audio/language_conversion/book_08/spoken/book_08_000_spoken.mp3,https://app.speakalongcuhk.com/assets/books/8/0.mp3,https://app.speakalongcuhk.com/assets/books/8/0.mp3,https://app.speakalongcuhk.com/tc/bcontent/8,book:8:0:口語,0.mp3,mp3,.mp3,2.528063,44100,2,50463,da42c282e1552892cfdbdb1348d1f30916ca4a7cac1a4c497f6b8a74430ffc44,1,yue-Hant,book,8,遊戲專家,口語,The site supplies no machine-readable lexical/Jyutping/tone text for this item; fields remain empty rather than inferred.
SA-01064,語文轉換,語文轉換,,,,,,,,,,,,,audio/language_conversion/book_08/written/book_08_000_written.mp3,https://app.speakalongcuhk.com/assets/books/8/0s.mp3,https://app.speakalongcuhk.com/assets/books/8/0s.mp3,https://app.speakalongcuhk.com/tc/bcontent/8,book:8:0:書面語,0s.mp3,mp3,.mp3,2.475938,44100,2,47517,a2bef377bbcb97965a809248527a53c2ed90152968f3fb4eb6284db54c7638ac,2,yue-Hant,book,8,遊戲專家,書面語,The site supplies no machine-readable lexical/Jyutping/tone text for this item; fields remain empty rather than inferred.
SA-01065,語文轉換,語文轉換,,,,,,,,,,,,,audio/language_conversion/book_08/spoken/book_08_001_spoken.mp3,https://app.speakalongcuhk.com/assets/books/8/1.mp3,https://app.speakalongcuhk.com/assets/books/8/1.mp3,https://app.speakalongcuhk.com/tc/bcontent/8,book:8:1:口語,1.mp3,mp3,.mp3,5.785875,44100,2,97086,03fafb2536858ab179ddc2c2370cd7e066e322feecd1a76e4156b394ff6dab38,1,yue-Hant,book,8,遊戲專家,口語,The site supplies no machine-readable lexical/Jyutping/tone text for this item; fields remain empty rather than inferred.
SA-01066,語文轉換,語文轉換,,,,,,,,,,,,,audio/language_conversion/book_08/written/book_08_001_written.mp3,https://app.speakalongcuhk.com/assets/books/8/1s.mp3,https://app.speakalongcuhk.com/assets/books/8/1s.mp3,https://app.speakalongcuhk.com/tc/bcontent/8,book:8:1:書面語,1s.mp3,mp3,.mp3,8.105437,44100,2,134199,0d303d7c2d69b74d82f769d854fb28cd3e0961a5df31d37143dee2bcaff43a91,2,yue-Hant,book,8,遊戲專家,書面語,The site supplies no machine-readable lexical/Jyutping/tone text for this item; fields remain empty rather than inferred.
SA-01067,語文轉換,語文轉換,,,,,,,,,,,,,audio/language_conversion/book_08/spoken/book_08_002_spoken.mp3,https://app.speakalongcuhk.com/assets/books/8/2.mp3,https://app.speakalongcuhk.com/assets/books/8/2.mp3,https://app.speakalongcuhk.com/tc/bcontent/8,book:8:2:口語,2.mp3,mp3,.mp3,5.916187,44100,2,99957,7c735b7151ac8ca54dbdfabfc46895c4ebc1b8ed99f13168fa8f63f3e863e0fc,1,yue-Hant,book,8,遊戲專家,口語,The site supplies no machine-readable lexical/Jyutping/tone text for this item; fields remain empty rather than inferred.
SA-01068,語文轉換,語文轉換,,,,,,,,,,,,,audio/language_conversion/book_08/written/book_08_002_written.mp3,https://app.speakalongcuhk.com/assets/books/8/2s.mp3,https://app.speakalongcuhk.com/assets/books/8/2s.mp3,https://app.speakalongcuhk.com/tc/bcontent/8,book:8:2:書面語,2s.mp3,mp3,.mp3,7.506,44100,2,125394,93bbb6948486d87408e68310a4eb74f725897d8507c2eb6ef9a1c466d196193a,2,yue-Hant,book,8,遊戲專家,書面語,The site supplies no machine-readable lexical/Jyutping/tone text for this item; fields remain empty rather than inferred.
SA-01069,語文轉換,語文轉換,,,,,,,,,,,,,audio/language_conversion/book_08/spoken/book_08_003_spoken.mp3,https://app.speakalongcuhk.com/assets/books/8/3.mp3,https://app.speakalongcuhk.com/assets/books/8/3.mp3,https://app.speakalongcuhk.com/tc/bcontent/8,book:8:3:口語,3.mp3,mp3,.mp3,8.672625,44100,2,148299,4588a1e03fd94197979acd926cf2c33690549f884d66a5fa85648337a21b98eb,1,yue-Hant,book,8,遊戲專家,口語,The site supplies no machine-readable lexical/Jyutping/tone text for this item; fields remain empty rather than inferred.
SA-01070,語文轉換,語文轉換,,,,,,,,,,,,,audio/language_conversion/book_08/written/book_08_003_written.mp3,https://app.speakalongcuhk.com/assets/books/8/3s.mp3,https://app.speakalongcuhk.com/assets/books/8/3s.mp3,https://app.speakalongcuhk.com/tc/bcontent/8,book:8:3:書面語,3s.mp3,mp3,.mp3,9.090563,44100,2,153414,97daf358c417d0f892080f67d03574ae9d715c1f36ee7a9e4287160e1e45c9e6,2,yue-Hant,book,8,遊戲專家,書面語,The site supplies no machine-readable lexical/Jyutping/tone text for this item; fields remain empty rather than inferred.
SA-01071,語文轉換,語文轉換,,,,,,,,,,,,,audio/language_conversion/book_08/spoken/book_08_004_spoken.mp3,https://app.speakalongcuhk.com/assets/books/8/4.mp3,https://app.speakalongcuhk.com/assets/books/8/4.mp3,https://app.speakalongcuhk.com/tc/bcontent/8,book:8:4:口語,4.mp3,mp3,.mp3,3.23175,44100,2,60150,c1f391f2f695259201bb83b0e287a2ae2d80af38addddaffae745a22555c7078,1,yue-Hant,book,8,遊戲專家,口語,The site supplies no machine-readable lexical/Jyutping/tone text for this item; fields remain empty rather than inferred.
SA-01072,語文轉換,語文轉換,,,,,,,,,,,,,audio/language_conversion/book_08/written/book_08_004_written.mp3,https://app.speakalongcuhk.com/assets/books/8/4s.mp3,https://app.speakalongcuhk.com/assets/books/8/4s.mp3,https://app.speakalongcuhk.com/tc/bcontent/8,book:8:4:書面語,4s.mp3,mp3,.mp3,3.02325,44100,2,55242,7f09d09e24fc52ecdcf256ab30265406eb7ce5358c8ffcf2fdcc8d1da7ecffe6,2,yue-Hant,book,8,遊戲專家,書面語,The site supplies no machine-readable lexical/Jyutping/tone text for this item; fields remain empty rather than inferred.
SA-01073,語文轉換,語文轉換,,,,,,,,,,,,,audio/language_conversion/book_08/spoken/book_08_005_spoken.mp3,https://app.speakalongcuhk.com/assets/books/8/5.mp3,https://app.speakalongcuhk.com/assets/books/8/5.mp3,https://app.speakalongcuhk.com/tc/bcontent/8,book:8:5:口語,5.mp3,mp3,.mp3,3.257812,44100,2,61353,a80a2fa90f35449e777d03623f5706d37400f8e24b749f0e30f7f3f6189c3e22,1,yue-Hant,book,8,遊戲專家,口語,The site supplies no machine-readable lexical/Jyutping/tone text for this item; fields remain empty rather than inferred.
SA-01074,語文轉換,語文轉換,,,,,,,,,,,,,audio/language_conversion/book_08/written/book_08_005_written.mp3,https://app.speakalongcuhk.com/assets/books/8/5s.mp3,https://app.speakalongcuhk.com/assets/books/8/5s.mp3,https://app.speakalongcuhk.com/tc/bcontent/8,book:8:5:書面語,5s.mp3,mp3,.mp3,3.5445,44100,2,64368,4e309b247c6c8270c7a9dee8d5cbe9d4720340f345c29897a3d7f7dfe6f0a863,2,yue-Hant,book,8,遊戲專家,書面語,The site supplies no machine-readable lexical/Jyutping/tone text for this item; fields remain empty rather than inferred.
SA-01075,語文轉換,語文轉換,,,,,,,,,,,,,audio/language_conversion/book_08/spoken/book_08_006_spoken.mp3,https://app.speakalongcuhk.com/assets/books/8/6.mp3,https://app.speakalongcuhk.com/assets/books/8/6.mp3,https://app.speakalongcuhk.com/tc/bcontent/8,book:8:6:口語,6.mp3,mp3,.mp3,2.81475,44100,2,55050,dc0ff339752cbdbd59108981637fd59d91951fcafa07b2efc7f0039fed36caf2,1,yue-Hant,book,8,遊戲專家,口語,The site supplies no machine-readable lexical/Jyutping/tone text for this item; fields remain empty rather than inferred.
SA-01076,語文轉換,語文轉換,,,,,,,,,,,,,audio/language_conversion/book_08/written/book_08_006_written.mp3,https://app.speakalongcuhk.com/assets/books/8/6s.mp3,https://app.speakalongcuhk.com/assets/books/8/6s.mp3,https://app.speakalongcuhk.com/tc/bcontent/8,book:8:6:書面語,6s.mp3,mp3,.mp3,2.997187,44100,2,56397,18dcc9dd1ddbd2718fa3ff997d2306c7980a771701ecb5f63d99998ef64083f1,2,yue-Hant,book,8,遊戲專家,書面語,The site supplies no machine-readable lexical/Jyutping/tone text for this item; fields remain empty rather than inferred.
SA-01077,語文轉換,語文轉換,,,,,,,,,,,,,audio/language_conversion/book_08/spoken/book_08_007_spoken.mp3,https://app.speakalongcuhk.com/assets/books/8/7.mp3,https://app.speakalongcuhk.com/assets/books/8/7.mp3,https://app.speakalongcuhk.com/tc/bcontent/8,book:8:7:口語,7.mp3,mp3,.mp3,7.000813,44100,2,126266,e7c5620af9bedabbd3105b300f17a90cc80ba533d3a32003d22c576082d552bb,1,yue-Hant,book,8,遊戲專家,口語,The site supplies no machine-readable lexical/Jyutping/tone text for this item; fields remain empty rather than inferred.
SA-01078,語文轉換,語文轉換,,,,,,,,,,,,,audio/language_conversion/book_08/written/book_08_007_written.mp3,https://app.speakalongcuhk.com/assets/books/8/7s.mp3,https://app.speakalongcuhk.com/assets/books/8/7s.mp3,https://app.speakalongcuhk.com/tc/bcontent/8,book:8:7:書面語,7s.mp3,mp3,.mp3,7.967313,44100,2,140158,22f0f0da13611b2408ab9335172fddac90118389960dbb77aef8c2e19c2dd34d,2,yue-Hant,book,8,遊戲專家,書面語,The site supplies no machine-readable lexical/Jyutping/tone text for this item; fields remain empty rather than inferred.
SA-01079,語文轉換,語文轉換,,,,,,,,,,,,,audio/language_conversion/book_08/spoken/book_08_008_spoken.mp3,https://app.speakalongcuhk.com/assets/books/8/8.mp3,https://app.speakalongcuhk.com/assets/books/8/8.mp3,https://app.speakalongcuhk.com/tc/bcontent/8,book:8:8:口語,8.mp3,mp3,.mp3,3.414188,44100,2,67528,f9e94191797d57c9f3c7674e9ad534ae28378fbb2cb5e27a56f1d6b89bd37161,1,yue-Hant,book,8,遊戲專家,口語,The site supplies no machine-readable lexical/Jyutping/tone text for this item; fields remain empty rather than inferred.
SA-01080,語文轉換,語文轉換,,,,,,,,,,,,,audio/language_conversion/book_08/written/book_08_008_written.mp3,https://app.speakalongcuhk.com/assets/books/8/8s.mp3,https://app.speakalongcuhk.com/assets/books/8/8s.mp3,https://app.speakalongcuhk.com/tc/bcontent/8,book:8:8:書面語,8s.mp3,mp3,.mp3,3.075375,44100,2,60006,5b4d82af00b126d41f9d011f8f653d7a4c09e1bc4b0fa0fc8de6d8ef6cdbcab8,2,yue-Hant,book,8,遊戲專家,書面語,The site supplies no machine-readable lexical/Jyutping/tone text for this item; fields remain empty rather than inferred.
SA-01081,語文轉換,語文轉換,,,,,,,,,,,,,audio/language_conversion/book_08/spoken/book_08_009_spoken.mp3,https://app.speakalongcuhk.com/assets/books/8/9.mp3,https://app.speakalongcuhk.com/assets/books/8/9.mp3,https://app.speakalongcuhk.com/tc/bcontent/8,book:8:9:口語,9.mp3,mp3,.mp3,5.31675,44100,2,98226,eb9b94a4d442ddc5292778bbd2d7eb517aeb4698c9dbdf26a4c036049b1fc2fe,1,yue-Hant,book,8,遊戲專家,口語,The site supplies no machine-readable lexical/Jyutping/tone text for this item; fields remain empty rather than inferred.
SA-01082,語文轉換,語文轉換,,,,,,,,,,,,,audio/language_conversion/book_08/written/book_08_009_written.mp3,https://app.speakalongcuhk.com/assets/books/8/9s.mp3,https://app.speakalongcuhk.com/assets/books/8/9s.mp3,https://app.speakalongcuhk.com/tc/bcontent/8,book:8:9:書面語,9s.mp3,mp3,.mp3,6.072563,44100,2,109276,47651e4e6e6a98e2ce3d6e0144f660ce3cc89eb8ef50e1125aea62aef1ce11cd,2,yue-Hant,book,8,遊戲專家,書面語,The site supplies no machine-readable lexical/Jyutping/tone text for this item; fields remain empty rather than inferred.
SA-01083,語文轉換,語文轉換,,,,,,,,,,,,,audio/language_conversion/book_08/spoken/book_08_010_spoken.mp3,https://app.speakalongcuhk.com/assets/books/8/10.mp3,https://app.speakalongcuhk.com/assets/books/8/10.mp3,https://app.speakalongcuhk.com/tc/bcontent/8,book:8:10:口語,10.mp3,mp3,.mp3,3.5445,44100,2,70656,e6323eb41c481924601eb38d43b7202bf8646b4454b7be8832b8eeb02ba167a7,1,yue-Hant,book,8,遊戲專家,口語,The site supplies no machine-readable lexical/Jyutping/tone text for this item; fields remain empty rather than inferred.
SA-01084,語文轉換,語文轉換,,,,,,,,,,,,,audio/language_conversion/book_08/written/book_08_010_written.mp3,https://app.speakalongcuhk.com/assets/books/8/10s.mp3,https://app.speakalongcuhk.com/assets/books/8/10s.mp3,https://app.speakalongcuhk.com/tc/bcontent/8,book:8:10:書面語,10s.mp3,mp3,.mp3,4.404562,44100,2,82845,1276f2f9b279e0380b366cc25e221973101304f237e45075947c8541c7ad5cc4,2,yue-Hant,book,8,遊戲專家,書面語,The site supplies no machine-readable lexical/Jyutping/tone text for this item; fields remain empty rather than inferred.
SA-01085,語文轉換,語文轉換,,,,,,,,,,,,,audio/language_conversion/book_08/spoken/book_08_011_spoken.mp3,https://app.speakalongcuhk.com/assets/books/8/11.mp3,https://app.speakalongcuhk.com/assets/books/8/11.mp3,https://app.speakalongcuhk.com/tc/bcontent/8,book:8:11:口語,11.mp3,mp3,.mp3,6.515625,44100,2,119509,f434f42b7eccc6266679f90d75602216221382b1ba02f6594fc7075681d82176,1,yue-Hant,book,8,遊戲專家,口語,The site supplies no machine-readable lexical/Jyutping/tone text for this item; fields remain empty rather than inferred.
SA-01086,語文轉換,語文轉換,,,,,,,,,,,,,audio/language_conversion/book_08/written/book_08_011_written.mp3,https://app.speakalongcuhk.com/assets/books/8/11s.mp3,https://app.speakalongcuhk.com/assets/books/8/11s.mp3,https://app.speakalongcuhk.com/tc/bcontent/8,book:8:11:書面語,11s.mp3,mp3,.mp3,6.35925,44100,2,114906,5b0ae3c2d1c2edb34ef042f8d43c446d53e8b92fc34688215dbb8b1d8577d835,2,yue-Hant,book,8,遊戲專家,書面語,The site supplies no machine-readable lexical/Jyutping/tone text for this item; fields remain empty rather than inferred.
SA-01087,語文轉換,語文轉換,,,,,,,,,,,,,audio/language_conversion/book_09/spoken/book_09_000_spoken.mp3,https://app.speakalongcuhk.com/assets/books/9/0.mp3,https://app.speakalongcuhk.com/assets/books/9/0.mp3,https://app.speakalongcuhk.com/tc/bcontent/9,book:9:0:口語,0.mp3,mp3,.mp3,2.215313,44100,2,46245,c505e82af94a49c3aa4afdb929c7e0670e5c89c59fc47217c9ebdc91a2ae9bce,1,yue-Hant,book,9,糖果雨,口語,The site supplies no machine-readable lexical/Jyutping/tone text for this item; fields remain empty rather than inferred.
SA-01088,語文轉換,語文轉換,,,,,,,,,,,,,audio/language_conversion/book_09/written/book_09_000_written.mp3,https://app.speakalongcuhk.com/assets/books/9/0s.mp3,https://app.speakalongcuhk.com/assets/books/9/0s.mp3,https://app.speakalongcuhk.com/tc/bcontent/9,book:9:0:書面語,0s.mp3,mp3,.mp3,2.580188,44100,2,50751,3ab17c2191953a83d810cd3d226b8ea87801cc13ba4a9a84cc6f50826ee1c45a,2,yue-Hant,book,9,糖果雨,書面語,The site supplies no machine-readable lexical/Jyutping/tone text for this item; fields remain empty rather than inferred.
SA-01089,語文轉換,語文轉換,,,,,,,,,,,,,audio/language_conversion/book_09/spoken/book_09_001_spoken.mp3,https://app.speakalongcuhk.com/assets/books/9/1.mp3,https://app.speakalongcuhk.com/assets/books/9/1.mp3,https://app.speakalongcuhk.com/tc/bcontent/9,book:9:1:口語,1.mp3,mp3,.mp3,4.743375,44100,2,80406,d658b261fa0d49d2486e38dd15e1096f1481ba207f079f9745448fb7722b75a5,1,yue-Hant,book,9,糖果雨,口語,The site supplies no machine-readable lexical/Jyutping/tone text for this item; fields remain empty rather than inferred.
SA-01090,語文轉換,語文轉換,,,,,,,,,,,,,audio/language_conversion/book_09/written/book_09_001_written.mp3,https://app.speakalongcuhk.com/assets/books/9/1s.mp3,https://app.speakalongcuhk.com/assets/books/9/1s.mp3,https://app.speakalongcuhk.com/tc/bcontent/9,book:9:1:書面語,1s.mp3,mp3,.mp3,5.238563,44100,2,88858,8af95b36f39e7b1e3794b55972806ced20f85ad60651cdc35963e43d1c0d2188,2,yue-Hant,book,9,糖果雨,書面語,The site supplies no machine-readable lexical/Jyutping/tone text for this item; fields remain empty rather than inferred.
SA-01091,語文轉換,語文轉換,,,,,,,,,,,,,audio/language_conversion/book_09/spoken/book_09_002_spoken.mp3,https://app.speakalongcuhk.com/assets/books/9/2.mp3,https://app.speakalongcuhk.com/assets/books/9/2.mp3,https://app.speakalongcuhk.com/tc/bcontent/9,book:9:2:口語,2.mp3,mp3,.mp3,6.072563,44100,2,102988,0496745b283d57758696920dbca8efdda8fa920bb82c34c274d3fc127bad84d9,1,yue-Hant,book,9,糖果雨,口語,The site supplies no machine-readable lexical/Jyutping/tone text for this item; fields remain empty rather than inferred.
SA-01092,語文轉換,語文轉換,,,,,,,,,,,,,audio/language_conversion/book_09/written/book_09_002_written.mp3,https://app.speakalongcuhk.com/assets/books/9/2s.mp3,https://app.speakalongcuhk.com/assets/books/9/2s.mp3,https://app.speakalongcuhk.com/tc/bcontent/9,book:9:2:書面語,2s.mp3,mp3,.mp3,6.750188,44100,2,113830,21c226940d018cfdebb2fd13d2165c79a3707f6ad27d73e247965e2f522ea215,2,yue-Hant,book,9,糖果雨,書面語,The site supplies no machine-readable lexical/Jyutping/tone text for this item; fields remain empty rather than inferred.
SA-01093,語文轉換,語文轉換,,,,,,,,,,,,,audio/language_conversion/book_09/spoken/book_09_003_spoken.mp3,https://app.speakalongcuhk.com/assets/books/9/3.mp3,https://app.speakalongcuhk.com/assets/books/9/3.mp3,https://app.speakalongcuhk.com/tc/bcontent/9,book:9:3:口語,3.mp3,mp3,.mp3,5.342812,44100,2,91569,dac8e1abae81040fcaffd967bf79cef01100767facd5ecda45321d6988c41893,1,yue-Hant,book,9,糖果雨,口語,The site supplies no machine-readable lexical/Jyutping/tone text for this item; fields remain empty rather than inferred.
SA-01094,語文轉換,語文轉換,,,,,,,,,,,,,audio/language_conversion/book_09/written/book_09_003_written.mp3,https://app.speakalongcuhk.com/assets/books/9/3s.mp3,https://app.speakalongcuhk.com/assets/books/9/3s.mp3,https://app.speakalongcuhk.com/tc/bcontent/9,book:9:3:書面語,3s.mp3,mp3,.mp3,5.056125,44100,2,87511,8c27fe2a5e7aca0fedb4995ae362fbd843ac84fc65b2f0a6109fc0268ebc5a63,2,yue-Hant,book,9,糖果雨,書面語,The site supplies no machine-readable lexical/Jyutping/tone text for this item; fields remain empty rather than inferred.
SA-01095,語文轉換,語文轉換,,,,,,,,,,,,,audio/language_conversion/book_09/spoken/book_09_004_spoken.mp3,https://app.speakalongcuhk.com/assets/books/9/4.mp3,https://app.speakalongcuhk.com/assets/books/9/4.mp3,https://app.speakalongcuhk.com/tc/bcontent/9,book:9:4:口語,4.mp3,mp3,.mp3,5.134313,44100,2,89019,b1fe6e264d60ba04e2b1c35edbde379f24c615ca221932fbbc15047b90e3d14a,1,yue-Hant,book,9,糖果雨,口語,The site supplies no machine-readable lexical/Jyutping/tone text for this item; fields remain empty rather than inferred.
SA-01096,語文轉換,語文轉換,,,,,,,,,,,,,audio/language_conversion/book_09/written/book_09_004_written.mp3,https://app.speakalongcuhk.com/assets/books/9/4s.mp3,https://app.speakalongcuhk.com/assets/books/9/4s.mp3,https://app.speakalongcuhk.com/tc/bcontent/9,book:9:4:書面語,4s.mp3,mp3,.mp3,5.134313,44100,2,89548,78030b362e8a1303d690c704fad810072a6a53f590cc597629a0618440870677,2,yue-Hant,book,9,糖果雨,書面語,The site supplies no machine-readable lexical/Jyutping/tone text for this item; fields remain empty rather than inferred.
SA-01097,語文轉換,語文轉換,,,,,,,,,,,,,audio/language_conversion/book_09/spoken/book_09_005_spoken.mp3,https://app.speakalongcuhk.com/assets/books/9/5.mp3,https://app.speakalongcuhk.com/assets/books/9/5.mp3,https://app.speakalongcuhk.com/tc/bcontent/9,book:9:5:口語,5.mp3,mp3,.mp3,3.753,44100,2,67704,11d0cabdf3d8f2ab3622fb37eb96057cd158de5c93a8e4672bc74b1c07a6a324,1,yue-Hant,book,9,糖果雨,口語,The site supplies no machine-readable lexical/Jyutping/tone text for this item; fields remain empty rather than inferred.
SA-01098,語文轉換,語文轉換,,,,,,,,,,,,,audio/language_conversion/book_09/written/book_09_005_written.mp3,https://app.speakalongcuhk.com/assets/books/9/5s.mp3,https://app.speakalongcuhk.com/assets/books/9/5s.mp3,https://app.speakalongcuhk.com/tc/bcontent/9,book:9:5:書面語,5s.mp3,mp3,.mp3,4.48275,44100,2,79909,680924620f8f22cb2b22fa85231523a88589b73b402b933d9f899196534afd69,2,yue-Hant,book,9,糖果雨,書面語,The site supplies no machine-readable lexical/Jyutping/tone text for this item; fields remain empty rather than inferred.
SA-01099,語文轉換,語文轉換,,,,,,,,,,,,,audio/language_conversion/book_09/spoken/book_09_006_spoken.mp3,https://app.speakalongcuhk.com/assets/books/9/6.mp3,https://app.speakalongcuhk.com/assets/books/9/6.mp3,https://app.speakalongcuhk.com/tc/bcontent/9,book:9:6:口語,6.mp3,mp3,.mp3,4.48275,44100,2,80166,c99f5fc93b0e6d21895af1bafb505d9b634646bf444685cf154187e57f21537d,1,yue-Hant,book,9,糖果雨,口語,The site supplies no machine-readable lexical/Jyutping/tone text for this item; fields remain empty rather than inferred.
SA-01100,語文轉換,語文轉換,,,,,,,,,,,,,audio/language_conversion/book_09/written/book_09_006_written.mp3,https://app.speakalongcuhk.com/assets/books/9/6s.mp3,https://app.speakalongcuhk.com/assets/books/9/6s.mp3,https://app.speakalongcuhk.com/tc/bcontent/9,book:9:6:書面語,6s.mp3,mp3,.mp3,4.013625,44100,2,72660,59668c17a5d010e812c56f8da9a8faffc09549eebdeb8c77da9e7cff681a3b98,2,yue-Hant,book,9,糖果雨,書面語,The site supplies no machine-readable lexical/Jyutping/tone text for this item; fields remain empty rather than inferred.
SA-01101,語文轉換,語文轉換,,,,,,,,,,,,,audio/language_conversion/book_09/spoken/book_09_007_spoken.mp3,https://app.speakalongcuhk.com/assets/books/9/7.mp3,https://app.speakalongcuhk.com/assets/books/9/7.mp3,https://app.speakalongcuhk.com/tc/bcontent/9,book:9:7:口語,7.mp3,mp3,.mp3,4.951875,44100,2,88458,d1a84824dd5b190a6cf05fd7632f5c3c0b7bcd97c7aa99530cd303ff0b04e1d0,1,yue-Hant,book,9,糖果雨,口語,The site supplies no machine-readable lexical/Jyutping/tone text for this item; fields remain empty rather than inferred.
SA-01102,語文轉換,語文轉換,,,,,,,,,,,,,audio/language_conversion/book_09/written/book_09_007_written.mp3,https://app.speakalongcuhk.com/assets/books/9/7s.mp3,https://app.speakalongcuhk.com/assets/books/9/7s.mp3,https://app.speakalongcuhk.com/tc/bcontent/9,book:9:7:書面語,7s.mp3,mp3,.mp3,5.134313,44100,2,91377,5b214c37fe06c213635527b36625ed05f2f0a9a830a4de1789971ef5b3c20184,2,yue-Hant,book,9,糖果雨,書面語,The site supplies no machine-readable lexical/Jyutping/tone text for this item; fields remain empty rather than inferred.
SA-01103,語文轉換,語文轉換,,,,,,,,,,,,,audio/language_conversion/book_09/spoken/book_09_008_spoken.mp3,https://app.speakalongcuhk.com/assets/books/9/8.mp3,https://app.speakalongcuhk.com/assets/books/9/8.mp3,https://app.speakalongcuhk.com/tc/bcontent/9,book:9:8:口語,8.mp3,mp3,.mp3,5.134313,44100,2,92163,51d80e3c250844ecabfcdfd4ab5846e4c3b282f156b246e76130084dd27da420,1,yue-Hant,book,9,糖果雨,口語,The site supplies no machine-readable lexical/Jyutping/tone text for this item; fields remain empty rather than inferred.
SA-01104,語文轉換,語文轉換,,,,,,,,,,,,,audio/language_conversion/book_09/written/book_09_008_written.mp3,https://app.speakalongcuhk.com/assets/books/9/8s.mp3,https://app.speakalongcuhk.com/assets/books/9/8s.mp3,https://app.speakalongcuhk.com/tc/bcontent/9,book:9:8:書面語,8s.mp3,mp3,.mp3,3.935437,44100,2,72981,b9d444f44cab48baae07fc77983d8de66fdf4f3666a540dd0d72598ea8ec95b4,2,yue-Hant,book,9,糖果雨,書面語,The site supplies no machine-readable lexical/Jyutping/tone text for this item; fields remain empty rather than inferred.
SA-01105,語文轉換,語文轉換,,,,,,,,,,,,,audio/language_conversion/book_09/spoken/book_09_009_spoken.mp3,https://app.speakalongcuhk.com/assets/books/9/9.mp3,https://app.speakalongcuhk.com/assets/books/9/9.mp3,https://app.speakalongcuhk.com/tc/bcontent/9,book:9:9:口語,9.mp3,mp3,.mp3,4.326375,44100,2,80022,955eb717d30d539f08b2bfd136c53855779b191125e62c5887a56109911ad00e,1,yue-Hant,book,9,糖果雨,口語,The site supplies no machine-readable lexical/Jyutping/tone text for this item; fields remain empty rather than inferred.
SA-01106,語文轉換,語文轉換,,,,,,,,,,,,,audio/language_conversion/book_09/written/book_09_009_written.mp3,https://app.speakalongcuhk.com/assets/books/9/9s.mp3,https://app.speakalongcuhk.com/assets/books/9/9s.mp3,https://app.speakalongcuhk.com/tc/bcontent/9,book:9:9:書面語,9s.mp3,mp3,.mp3,3.622688,44100,2,68763,a8cca5ee77d76d1bdebdc55685a954ad6b764d8745d572fcfaf82c0fbc098682,2,yue-Hant,book,9,糖果雨,書面語,The site supplies no machine-readable lexical/Jyutping/tone text for this item; fields remain empty rather than inferred.
SA-01107,語文轉換,語文轉換,,,,,,,,,,,,,audio/language_conversion/book_09/spoken/book_09_010_spoken.mp3,https://app.speakalongcuhk.com/assets/books/9/10.mp3,https://app.speakalongcuhk.com/assets/books/9/10.mp3,https://app.speakalongcuhk.com/tc/bcontent/9,book:9:10:口語,10.mp3,mp3,.mp3,8.418188,44100,2,146277,e2aef180a51e7979ab78d1d23e539e28cc889012986ae101e28622c3885ca12e,1,yue-Hant,book,9,糖果雨,口語,The site supplies no machine-readable lexical/Jyutping/tone text for this item; fields remain empty rather than inferred.
SA-01108,語文轉換,語文轉換,,,,,,,,,,,,,audio/language_conversion/book_09/written/book_09_010_written.mp3,https://app.speakalongcuhk.com/assets/books/9/10s.mp3,https://app.speakalongcuhk.com/assets/books/9/10s.mp3,https://app.speakalongcuhk.com/tc/bcontent/9,book:9:10:書面語,10s.mp3,mp3,.mp3,9.147937,44100,2,158482,7cd3d39468c4553b5957d11a629ceeb06738ddb07efd4f9179ed16d15cb5ac76,2,yue-Hant,book,9,糖果雨,書面語,The site supplies no machine-readable lexical/Jyutping/tone text for this item; fields remain empty rather than inferred.
SA-01109,語文轉換,語文轉換,,,,,,,,,,,,,audio/language_conversion/book_09/spoken/book_09_011_spoken.mp3,https://app.speakalongcuhk.com/assets/books/9/11.mp3,https://app.speakalongcuhk.com/assets/books/9/11.mp3,https://app.speakalongcuhk.com/tc/bcontent/9,book:9:11:口語,11.mp3,mp3,.mp3,4.69125,44100,2,87432,c999013e7ba2b3a35893e16fd18ee96f773681391a4138b701c62faf5d5a2117,1,yue-Hant,book,9,糖果雨,口語,The site supplies no machine-readable lexical/Jyutping/tone text for this item; fields remain empty rather than inferred.
SA-01110,語文轉換,語文轉換,,,,,,,,,,,,,audio/language_conversion/book_09/written/book_09_011_written.mp3,https://app.speakalongcuhk.com/assets/books/9/11s.mp3,https://app.speakalongcuhk.com/assets/books/9/11s.mp3,https://app.speakalongcuhk.com/tc/bcontent/9,book:9:11:書面語,11s.mp3,mp3,.mp3,3.9615,44100,2,75756,edce223155924caed00da3b183c49b712fe0fd88a6f8254705cda4bdd149a91b,2,yue-Hant,book,9,糖果雨,書面語,The site supplies no machine-readable lexical/Jyutping/tone text for this item; fields remain empty rather than inferred.
SA-01111,語文轉換,語文轉換,,,,,,,,,,,,,audio/language_conversion/book_09/spoken/book_09_012_spoken.mp3,https://app.speakalongcuhk.com/assets/books/9/12.mp3,https://app.speakalongcuhk.com/assets/books/9/12.mp3,https://app.speakalongcuhk.com/tc/bcontent/9,book:9:12:口語,12.mp3,mp3,.mp3,19.644063,44100,2,331702,9e8306548ba222e886f295b4e7ef4331c87b7444db44d47f4816987e90b8dd05,1,yue-Hant,book,9,糖果雨,口語,The site supplies no machine-readable lexical/Jyutping/tone text for this item; fields remain empty rather than inferred.
SA-01112,語文轉換,語文轉換,,,,,,,,,,,,,audio/language_conversion/book_09/written/book_09_012_written.mp3,https://app.speakalongcuhk.com/assets/books/9/12s.mp3,https://app.speakalongcuhk.com/assets/books/9/12s.mp3,https://app.speakalongcuhk.com/tc/bcontent/9,book:9:12:書面語,12s.mp3,mp3,.mp3,18.285688,44100,2,309182,20af9d5cddb73f92bb61d11de914cdba642801c0aa5c92ab81459f3d85cda8c8,2,yue-Hant,book,9,糖果雨,書面語,The site supplies no machine-readable lexical/Jyutping/tone text for this item; fields remain empty rather than inferred.
SA-01113,語文轉換,語文轉換,,,,,,,,,,,,,audio/language_conversion/book_10/spoken/book_10_000_spoken.mp3,https://app.speakalongcuhk.com/assets/books/10/0.mp3,https://app.speakalongcuhk.com/assets/books/10/0.mp3,https://app.speakalongcuhk.com/tc/bcontent/10,book:10:0:口語,0.mp3,mp3,.mp3,3.257812,44100,2,63711,72c596c94387ce949b69761d716a4e9bd08238b2f2c428108083a805d9e28e1f,1,yue-Hant,book,10,老師變成木乃伊,口語,The site supplies no machine-readable lexical/Jyutping/tone text for this item; fields remain empty rather than inferred.
SA-01114,語文轉換,語文轉換,,,,,,,,,,,,,audio/language_conversion/book_10/written/book_10_000_written.mp3,https://app.speakalongcuhk.com/assets/books/10/0s.mp3,https://app.speakalongcuhk.com/assets/books/10/0s.mp3,https://app.speakalongcuhk.com/tc/bcontent/10,book:10:0:書面語,0s.mp3,mp3,.mp3,3.44025,44100,2,65034,cedcd29e8ec116d8491fd6798d6e052313ea68ea4bc71cd99dd112995276aceb,2,yue-Hant,book,10,老師變成木乃伊,書面語,The site supplies no machine-readable lexical/Jyutping/tone text for this item; fields remain empty rather than inferred.
SA-01115,語文轉換,語文轉換,,,,,,,,,,,,,audio/language_conversion/book_10/spoken/book_10_001_spoken.mp3,https://app.speakalongcuhk.com/assets/books/10/1.mp3,https://app.speakalongcuhk.com/assets/books/10/1.mp3,https://app.speakalongcuhk.com/tc/bcontent/10,book:10:1:口語,1.mp3,mp3,.mp3,10.94525,44100,2,183618,51a843c23aa6ed55d30fc081b36657ed3b56ff77ccc2d7221d33858c94f11104,1,yue-Hant,book,10,老師變成木乃伊,口語,The site supplies no machine-readable lexical/Jyutping/tone text for this item; fields remain empty rather than inferred.
SA-01116,語文轉換,語文轉換,,,,,,,,,,,,,audio/language_conversion/book_10/written/book_10_001_written.mp3,https://app.speakalongcuhk.com/assets/books/10/1s.mp3,https://app.speakalongcuhk.com/assets/books/10/1s.mp3,https://app.speakalongcuhk.com/tc/bcontent/10,book:10:1:書面語,1s.mp3,mp3,.mp3,10.893062,44100,2,182774,5d9a38a9796aa5bb460dc7a788c1c53721a096d7e1446ff9d26f6476ecebb216,2,yue-Hant,book,10,老師變成木乃伊,書面語,The site supplies no machine-readable lexical/Jyutping/tone text for this item; fields remain empty rather than inferred.
SA-01117,語文轉換,語文轉換,,,,,,,,,,,,,audio/language_conversion/book_10/spoken/book_10_002_spoken.mp3,https://app.speakalongcuhk.com/assets/books/10/2.mp3,https://app.speakalongcuhk.com/assets/books/10/2.mp3,https://app.speakalongcuhk.com/tc/bcontent/10,book:10:2:口語,2.mp3,mp3,.mp3,4.117875,44100,2,71970,5ee35bbddc469ab97d12e4c5d3ba381bd548f640284f4e1f9ffe77907058d313,1,yue-Hant,book,10,老師變成木乃伊,口語,The site supplies no machine-readable lexical/Jyutping/tone text for this item; fields remain empty rather than inferred.
SA-01118,語文轉換,語文轉換,,,,,,,,,,,,,audio/language_conversion/book_10/written/book_10_002_written.mp3,https://app.speakalongcuhk.com/assets/books/10/2s.mp3,https://app.speakalongcuhk.com/assets/books/10/2s.mp3,https://app.speakalongcuhk.com/tc/bcontent/10,book:10:2:書面語,2s.mp3,mp3,.mp3,3.85725,44100,2,67791,a9ab4dc4e0cc24b7bcc735368c391fd793bc4870cf2fdf545d0b09b3b4f96be7,2,yue-Hant,book,10,老師變成木乃伊,書面語,The site supplies no machine-readable lexical/Jyutping/tone text for this item; fields remain empty rather than inferred.
SA-01119,語文轉換,語文轉換,,,,,,,,,,,,,audio/language_conversion/book_10/spoken/book_10_003_spoken.mp3,https://app.speakalongcuhk.com/assets/books/10/3.mp3,https://app.speakalongcuhk.com/assets/books/10/3.mp3,https://app.speakalongcuhk.com/tc/bcontent/10,book:10:3:口語,3.mp3,mp3,.mp3,4.587,44100,2,80262,c017f074d99c919bca56c861de6fe260a0a76b57cafbc80a5da68afda9c1ef34,1,yue-Hant,book,10,老師變成木乃伊,口語,The site supplies no machine-readable lexical/Jyutping/tone text for this item; fields remain empty rather than inferred.
SA-01120,語文轉換,語文轉換,,,,,,,,,,,,,audio/language_conversion/book_10/written/book_10_003_written.mp3,https://app.speakalongcuhk.com/assets/books/10/3s.mp3,https://app.speakalongcuhk.com/assets/books/10/3s.mp3,https://app.speakalongcuhk.com/tc/bcontent/10,book:10:3:書面語,3s.mp3,mp3,.mp3,3.518438,44100,2,63156,386c585528c05107b84cb8b9a9d6e792f91962f2576cbd1af0575f0a1fcb96bb,2,yue-Hant,book,10,老師變成木乃伊,書面語,The site supplies no machine-readable lexical/Jyutping/tone text for this item; fields remain empty rather than inferred.
SA-01121,語文轉換,語文轉換,,,,,,,,,,,,,audio/language_conversion/book_10/spoken/book_10_004_spoken.mp3,https://app.speakalongcuhk.com/assets/books/10/4.mp3,https://app.speakalongcuhk.com/assets/books/10/4.mp3,https://app.speakalongcuhk.com/tc/bcontent/10,book:10:4:口語,4.mp3,mp3,.mp3,4.743375,44100,2,83550,7e9301fdb34bf03d4daf7d3a1bb1cd941f56811e0cc0e55bbee63d7e84f81fc6,1,yue-Hant,book,10,老師變成木乃伊,口語,The site supplies no machine-readable lexical/Jyutping/tone text for this item; fields remain empty rather than inferred.
SA-01122,語文轉換,語文轉換,,,,,,,,,,,,,audio/language_conversion/book_10/written/book_10_004_written.mp3,https://app.speakalongcuhk.com/assets/books/10/4s.mp3,https://app.speakalongcuhk.com/assets/books/10/4s.mp3,https://app.speakalongcuhk.com/tc/bcontent/10,book:10:4:書面語,4s.mp3,mp3,.mp3,3.726937,44100,2,67807,0533c6f4e52e950b5880a796951b20346fe81b89d601e2f7ac84965cd3139b51,2,yue-Hant,book,10,老師變成木乃伊,書面語,The site supplies no machine-readable lexical/Jyutping/tone text for this item; fields remain empty rather than inferred.
SA-01123,語文轉換,語文轉換,,,,,,,,,,,,,audio/language_conversion/book_10/spoken/book_10_005_spoken.mp3,https://app.speakalongcuhk.com/assets/books/10/5.mp3,https://app.speakalongcuhk.com/assets/books/10/5.mp3,https://app.speakalongcuhk.com/tc/bcontent/10,book:10:5:口語,5.mp3,mp3,.mp3,6.072563,44100,2,105603,e2c22aaf8f69e48b16a9888d4d581dde99f3bcc2ebe38055b31ea764b65fad03,1,yue-Hant,book,10,老師變成木乃伊,口語,The site supplies no machine-readable lexical/Jyutping/tone text for this item; fields remain empty rather than inferred.
SA-01124,語文轉換,語文轉換,,,,,,,,,,,,,audio/language_conversion/book_10/written/book_10_005_written.mp3,https://app.speakalongcuhk.com/assets/books/10/5s.mp3,https://app.speakalongcuhk.com/assets/books/10/5s.mp3,https://app.speakalongcuhk.com/tc/bcontent/10,book:10:5:書面語,5s.mp3,mp3,.mp3,6.072563,44100,2,106123,502b94457456a03c98e6f33dafb36fc136eafc91d16e33d28098a9d24f85e41b,2,yue-Hant,book,10,老師變成木乃伊,書面語,The site supplies no machine-readable lexical/Jyutping/tone text for this item; fields remain empty rather than inferred.
SA-01125,語文轉換,語文轉換,,,,,,,,,,,,,audio/language_conversion/book_10/spoken/book_10_006_spoken.mp3,https://app.speakalongcuhk.com/assets/books/10/6.mp3,https://app.speakalongcuhk.com/assets/books/10/6.mp3,https://app.speakalongcuhk.com/tc/bcontent/10,book:10:6:口語,6.mp3,mp3,.mp3,4.117875,44100,2,69394,913df42bbe634715efd74cc02969a354f3044beb263c3a5480073603cc703f10,1,yue-Hant,book,10,老師變成木乃伊,口語,The site supplies no machine-readable lexical/Jyutping/tone text for this item; fields remain empty rather than inferred.
SA-01126,語文轉換,語文轉換,,,,,,,,,,,,,audio/language_conversion/book_10/written/book_10_006_written.mp3,https://app.speakalongcuhk.com/assets/books/10/6s.mp3,https://app.speakalongcuhk.com/assets/books/10/6s.mp3,https://app.speakalongcuhk.com/tc/bcontent/10,book:10:6:書面語,6s.mp3,mp3,.mp3,2.945063,44100,2,56340,bff31eb49a42d7feb3cc6fc0f25d820762c53b49b0c3521952a188332432a68a,2,yue-Hant,book,10,老師變成木乃伊,書面語,The site supplies no machine-readable lexical/Jyutping/tone text for this item; fields remain empty rather than inferred.
SA-01127,語文轉換,語文轉換,,,,,,,,,,,,,audio/language_conversion/book_10/spoken/book_10_007_spoken.mp3,https://app.speakalongcuhk.com/assets/books/10/7.mp3,https://app.speakalongcuhk.com/assets/books/10/7.mp3,https://app.speakalongcuhk.com/tc/bcontent/10,book:10:7:口語,7.mp3,mp3,.mp3,7.896938,44100,2,136365,a225f902c2f6de9260ee5bd049dfc8b47477163d2efdcf802d86db88294ebd3c,1,yue-Hant,book,10,老師變成木乃伊,口語,The site supplies no machine-readable lexical/Jyutping/tone text for this item; fields remain empty rather than inferred.
SA-01128,語文轉換,語文轉換,,,,,,,,,,,,,audio/language_conversion/book_10/written/book_10_007_written.mp3,https://app.speakalongcuhk.com/assets/books/10/7s.mp3,https://app.speakalongcuhk.com/assets/books/10/7s.mp3,https://app.speakalongcuhk.com/tc/bcontent/10,book:10:7:書面語,7s.mp3,mp3,.mp3,7.245375,44100,2,122369,6f640c11a36631ab2abd3ea55442c6fcada630522ac3674f9dc51c3a4138de4a,2,yue-Hant,book,10,老師變成木乃伊,書面語,The site supplies no machine-readable lexical/Jyutping/tone text for this item; fields remain empty rather than inferred.
SA-01129,語文轉換,語文轉換,,,,,,,,,,,,,audio/language_conversion/book_10/spoken/book_10_008_spoken.mp3,https://app.speakalongcuhk.com/assets/books/10/8.mp3,https://app.speakalongcuhk.com/assets/books/10/8.mp3,https://app.speakalongcuhk.com/tc/bcontent/10,book:10:8:口語,8.mp3,mp3,.mp3,9.200063,44100,2,158001,ec0361aac6cb2670b9be0301186b457eb7d9f6934ec2c1cda7555ec986abdef7,1,yue-Hant,book,10,老師變成木乃伊,口語,The site supplies no machine-readable lexical/Jyutping/tone text for this item; fields remain empty rather than inferred.
SA-01130,語文轉換,語文轉換,,,,,,,,,,,,,audio/language_conversion/book_10/written/book_10_008_written.mp3,https://app.speakalongcuhk.com/assets/books/10/8s.mp3,https://app.speakalongcuhk.com/assets/books/10/8s.mp3,https://app.speakalongcuhk.com/tc/bcontent/10,book:10:8:書面語,8s.mp3,mp3,.mp3,7.766625,44100,2,135057,de667da54f5a638d1b7a2beaa136bd7d4fbce1bbbd6b069702caea4167f7c209,2,yue-Hant,book,10,老師變成木乃伊,書面語,The site supplies no machine-readable lexical/Jyutping/tone text for this item; fields remain empty rather than inferred.
SA-01131,語文轉換,語文轉換,,,,,,,,,,,,,audio/language_conversion/book_10/spoken/book_10_009_spoken.mp3,https://app.speakalongcuhk.com/assets/books/10/9.mp3,https://app.speakalongcuhk.com/assets/books/10/9.mp3,https://app.speakalongcuhk.com/tc/bcontent/10,book:10:9:口語,9.mp3,mp3,.mp3,8.079375,44100,2,140856,d7b23fa6af0332550c4c10da83ab3b4730d8292a1ab50e6ce58ce57078a581d9,1,yue-Hant,book,10,老師變成木乃伊,口語,The site supplies no machine-readable lexical/Jyutping/tone text for this item; fields remain empty rather than inferred.
SA-01132,語文轉換,語文轉換,,,,,,,,,,,,,audio/language_conversion/book_10/written/book_10_009_written.mp3,https://app.speakalongcuhk.com/assets/books/10/9s.mp3,https://app.speakalongcuhk.com/assets/books/10/9s.mp3,https://app.speakalongcuhk.com/tc/bcontent/10,book:10:9:書面語,9s.mp3,mp3,.mp3,7.81875,44100,2,132329,d5fb8a97ae9b6509c35112400efca12baaba58d24862d20635db8044e9b55834,2,yue-Hant,book,10,老師變成木乃伊,書面語,The site supplies no machine-readable lexical/Jyutping/tone text for this item; fields remain empty rather than inferred.
SA-01133,語文轉換,語文轉換,,,,,,,,,,,,,audio/language_conversion/book_10/spoken/book_10_010_spoken.mp3,https://app.speakalongcuhk.com/assets/books/10/10.mp3,https://app.speakalongcuhk.com/assets/books/10/10.mp3,https://app.speakalongcuhk.com/tc/bcontent/10,book:10:10:口語,10.mp3,mp3,.mp3,9.121875,44100,2,158322,ff0a2632df80f61f8c05d438485272b89f3ed5ebaab1ced2c26c1aca0004e0bd,1,yue-Hant,book,10,老師變成木乃伊,口語,The site supplies no machine-readable lexical/Jyutping/tone text for this item; fields remain empty rather than inferred.
SA-01134,語文轉換,語文轉換,,,,,,,,,,,,,audio/language_conversion/book_10/written/book_10_010_written.mp3,https://app.speakalongcuhk.com/assets/books/10/10s.mp3,https://app.speakalongcuhk.com/assets/books/10/10s.mp3,https://app.speakalongcuhk.com/tc/bcontent/10,book:10:10:書面語,10s.mp3,mp3,.mp3,7.506,44100,2,132988,9f93fa0df79c95c54d9fd680f04bef0bd27e1b7a9ba72b4d9459310edda95556,2,yue-Hant,book,10,老師變成木乃伊,書面語,The site supplies no machine-readable lexical/Jyutping/tone text for this item; fields remain empty rather than inferred.
SA-01135,語文轉換,語文轉換,,,,,,,,,,,,,audio/language_conversion/book_10/spoken/book_10_011_spoken.mp3,https://app.speakalongcuhk.com/assets/books/10/11.mp3,https://app.speakalongcuhk.com/assets/books/10/11.mp3,https://app.speakalongcuhk.com/tc/bcontent/10,book:10:11:口語,11.mp3,mp3,.mp3,7.662375,44100,2,128425,aba12cdd0476645a08495ed2f6cb7170f15d300563b4f054af9c9c7e03349f36,1,yue-Hant,book,10,老師變成木乃伊,口語,The site supplies no machine-readable lexical/Jyutping/tone text for this item; fields remain empty rather than inferred.
SA-01136,語文轉換,語文轉換,,,,,,,,,,,,,audio/language_conversion/book_10/written/book_10_011_written.mp3,https://app.speakalongcuhk.com/assets/books/10/11s.mp3,https://app.speakalongcuhk.com/assets/books/10/11s.mp3,https://app.speakalongcuhk.com/tc/bcontent/10,book:10:11:書面語,11s.mp3,mp3,.mp3,8.366062,44100,2,141872,dd0ee05d40d3cee5f3e31dcda04c45e00c920e316b77a0336c7099b02f05830b,2,yue-Hant,book,10,老師變成木乃伊,書面語,The site supplies no machine-readable lexical/Jyutping/tone text for this item; fields remain empty rather than inferred.
SA-01137,語文轉換,語文轉換,,,,,,,,,,,,,audio/language_conversion/book_10/spoken/book_10_012_spoken.mp3,https://app.speakalongcuhk.com/assets/books/10/12.mp3,https://app.speakalongcuhk.com/assets/books/10/12.mp3,https://app.speakalongcuhk.com/tc/bcontent/10,book:10:12:口語,12.mp3,mp3,.mp3,8.392125,44100,2,148218,8871b3f0a0b213bee9c5a2afe9607d60471e2a23c9c4b691836c053876e1d6e5,1,yue-Hant,book,10,老師變成木乃伊,口語,The site supplies no machine-readable lexical/Jyutping/tone text for this item; fields remain empty rather than inferred.
SA-01138,語文轉換,語文轉換,,,,,,,,,,,,,audio/language_conversion/book_10/written/book_10_012_written.mp3,https://app.speakalongcuhk.com/assets/books/10/12s.mp3,https://app.speakalongcuhk.com/assets/books/10/12s.mp3,https://app.speakalongcuhk.com/tc/bcontent/10,book:10:12:書面語,12s.mp3,mp3,.mp3,7.584187,44100,2,135802,91c46ec47038e68175f1f74ab70b36641be0924441bccdce444083f21bd62a93,2,yue-Hant,book,10,老師變成木乃伊,書面語,The site supplies no machine-readable lexical/Jyutping/tone text for this item; fields remain empty rather than inferred.
SA-01139,語文轉換,語文轉換,,,,,,,,,,,,,audio/language_conversion/book_10/spoken/book_10_013_spoken.mp3,https://app.speakalongcuhk.com/assets/books/10/13.mp3,https://app.speakalongcuhk.com/assets/books/10/13.mp3,https://app.speakalongcuhk.com/tc/bcontent/10,book:10:13:口語,13.mp3,mp3,.mp3,11.441625,44100,2,201249,3825f8f410a779974723465680c07ef94b55831853a034892065410886ed388c,1,yue-Hant,book,10,老師變成木乃伊,口語,The site supplies no machine-readable lexical/Jyutping/tone text for this item; fields remain empty rather than inferred.
SA-01140,語文轉換,語文轉換,,,,,,,,,,,,,audio/language_conversion/book_10/written/book_10_013_written.mp3,https://app.speakalongcuhk.com/assets/books/10/13s.mp3,https://app.speakalongcuhk.com/assets/books/10/13s.mp3,https://app.speakalongcuhk.com/tc/bcontent/10,book:10:13:書面語,13s.mp3,mp3,.mp3,13.165688,44100,2,229345,9cca389c840b4ba1d744207f419f4241039c00b775e8099ef7e531a31023aad5,2,yue-Hant,book,10,老師變成木乃伊,書面語,The site supplies no machine-readable lexical/Jyutping/tone text for this item; fields remain empty rather than inferred.
